[?25lDDDDDDDDDDDDDDDDDDDDDDDDDDD[27A[s[0m [38;2;0;0;0m                               [0m [38;2;122;9;8m▁[0m [38;2;0;0;0m          [0m [38;2;126;11;10m▂[0m [38;2;0;0;0m  [0m
 [38;2;0;0;0m                         [0m [38;2;224;2;2m▃[38;2;229;2;1m▅[38;2;224;3;2m▆[38;2;205;4;4m▆[38;2;163;3;3m▇[7m[38;2;184;4;4m▂[38;2;161;6;5m▄[0m [38;2;0;0;0m  [0m [38;2;61;9;8m▁    [0m [38;2;179;6;5m▄[38;2;83;4;3;48;2;229;4;4m▘[38;2;251;0;0;48;2;245;2;2m┈[0m[38;2;144;9;8m▍  [0m
 [38;2;0;0;0m                        [38;2;121;6;6m▗[38;2;241;2;2;48;2;156;3;3m▇[48;2;251;0;0m [38;2;249;1;1;48;2;189;9;8m▊[0m[38;2;117;5;5m▘[0m [38;2;0;0;0m      [7m[38;2;179;5;4m▍[38;2;176;6;6m▝[0m [38;2;0;0;0m   [7m[38;2;166;7;6m▍[0m[38;2;248;2;1;48;2;251;0;0m▏[38;2;92;4;4;48;2;235;2;2m▗[0m[7m[38;2;169;4;3m▄[0m [38;2;0;0;0m  [0m
   [38;2;0;0;0m                      [0m [7m[38;2;205;4;4m▖[0m[38;2;16;1;1;48;2;251;0;0m [38;2;250;1;1;48;2;220;5;5m▉[0m[38;2;133;6;6m▎[0m [38;2;61;7;6m▁    [0m [7m[38;2;195;5;5m▎[0m[38;2;251;0;0;48;2;249;0;0m┊[0m[7m[38;2;203;5;5m▝[0m [38;2;0;0;0m  [7m[38;2;90;5;4m▊[38;2;193;8;7m▗[0m [38;2;0;0;0m    [0m
   [38;2;55;2;2;48;2;15;1;1m┈[0m[38;2;146;4;4m▃[0m [38;2;0;0;0m        [38;2;176;8;8m▗[38;2;34;3;2m▎      [38;2;191;14;14m▗[38;2;56;4;4m▏  [7m[38;2;159;8;8m▊[0m[38;2;237;6;5;48;2;250;0;0m▏[48;2;251;0;0m [38;2;87;3;3;48;2;245;1;1m▝[0m[38;2;225;2;2m▅[7m[38;2;212;5;4m▝[0m [38;2;0;0;0m  [0m [38;2;0;0;0m [38;2;100;5;4m▝[7m[38;2;224;6;5m▃[38;2;135;4;4m▅[0m   [38;2;0;0;0m [0m [38;2;0;0;0m     [0m
 [38;2;0;0;0m  [0m [38;2;9;0;0;48;2;163;6;6m▋[38;2;241;1;1;48;2;159;2;2m▇[0m[38;2;66;0;0m╴       [38;2;43;1;1;48;2;206;6;6m▎[0m[38;2;135;4;4m▄[0m [38;2;0;0;0m     [7m[38;2;139;7;7m▋[38;2;221;4;4m▝[0m[38;2;85;3;3m▖ [7m[38;2;163;5;5m▋[0m[38;2;240;3;3;48;2;248;0;0m▏[38;2;247;0;0;48;2;251;0;0m▄▄▄▄[38;2;239;1;1;48;2;118;5;5m▇[0m[38;2;226;2;2m▅[38;2;233;3;3m▄[38;2;218;4;3;48;2;110;7;6m▇[0m[38;2;107;5;5m▎ [0m [38;2;129;7;7m▃[38;2;64;12;10m╴[7m[38;2;119;4;4m▊[0m[38;2;179;8;8m▋       [0m
 [38;2;0;0;0m  [0m [38;2;185;3;3;48;2;17;1;1m▝[38;2;239;1;1;48;2;181;4;4m▉[0m [38;2;0;0;0m       [38;2;139;7;6m▝[38;2;145;4;4;48;2;224;3;3m▁[38;2;88;4;4;48;2;227;3;3m▝[0m[38;2;123;6;5m▖  [38;2;229;6;6m▗[38;2;210;3;3m▃[7m[38;2;234;2;1m▘[0m[38;2;74;3;3;48;2;244;0;0m [38;2;242;1;1;48;2;160;4;4m▇[0m[38;2;232;2;2m▇[38;2;244;0;0;48;2;241;1;1m┈[48;2;247;0;0m▇▇▇▇▇[38;2;120;4;4;48;2;232;1;1m▁[0m[7m[38;2;200;3;3m▄[38;2;133;7;6m▍[0m[38;2;223;5;5m▘ [38;2;111;5;5m▗[7m[38;2;223;3;3m▘[0m[38;2;197;5;5;48;2;42;1;1m▋[0m [7m[38;2;143;8;8m▍[0m[38;2;116;5;5m▘[7m[38;2;63;2;2m▊[38;2;162;9;8m▝[0m [38;2;0;0;0m  [0m [7m[38;2;102;7;7m▚[0m
 [38;2;0;0;0m   [0m [38;2;0;0;0;48;2;93;2;2m╴[38;2;88;5;5;48;2;12;1;1m▏[0m [38;2;0;0;0m      [0m [7m[38;2;149;7;7m▋[0m[38;2;227;7;7;48;2;243;1;1m▏[38;2;157;5;5;48;2;5;0;0m▊[0m [7m[38;2;62;2;2m▉[0m[38;2;122;5;5;48;2;230;3;3m▏[48;2;244;0;0m          [38;2;84;4;4;48;2;211;4;4m╺[38;2;212;4;3;48;2;63;3;3m▄[0m[38;2;117;8;7m▌[0m [38;2;142;7;6m▁[38;2;197;4;4m▄[38;2;233;2;2;48;2;157;5;5m▇[48;2;244;0;0m [38;2;244;0;0;48;2;239;2;2m╴[0m[38;2;123;7;6m▍[0m [38;2;122;5;4m▗[7m[38;2;215;3;3m▘[0m[38;2;244;0;0;48;2;220;5;4m╴[0m[38;2;67;3;3m▎ [0m [38;2;67;3;3;48;2;212;6;6m▘[0m[38;2;126;6;6m▎[0m
[38;2;74;7;6m▖    [0m [38;2;36;1;1m▝[38;2;21;1;1;48;2;163;7;7m▖[0m[38;2;197;4;4m▅[38;2;88;4;3m▖   [0m [38;2;98;8;7;48;2;32;2;2m▚[0m[7m[38;2;173;8;8m▋[0m[38;2;237;5;4;48;2;246;0;0m▏[38;2;65;2;1;48;2;212;6;5m▝[38;2;177;7;7;48;2;36;0;0m▉[38;2;32;1;1;48;2;171;6;6m▌[38;2;246;0;0;48;2;245;1;1m┊[38;2;247;0;0;48;2;244;0;0m▆▆▆▆▆▆▆▆▆[38;2;232;5;5;48;2;246;0;0m▁[38;2;247;0;0;48;2;245;0;0m┈[48;2;246;0;0m┈[38;2;239;2;2;48;2;83;4;4m▇[38;2;240;1;1;48;2;64;3;3m▇[38;2;247;0;0;48;2;243;1;1m┈[48;2;244;0;0m▆▆[38;2;246;0;0m▆[0m[7m[38;2;204;5;4m▗[0m [38;2;129;5;5m▗[38;2;155;5;5;48;2;219;4;4m▁[0m[7m[38;2;228;2;2m▃[0m[38;2;145;5;4m▘[0m [38;2;0;0;0m [0m [38;2;72;3;3;48;2;218;5;4m▖[0m[38;2;199;5;5m▋[0m
[38;2;202;9;8;48;2;79;3;3m▚[0m[38;2;119;4;4m▖[38;2;70;2;2m╺[38;2;161;10;10;48;2;62;3;3m┱[0m [38;2;125;10;10m▗[0m  [7m[38;2;144;4;4m▖[0m[38;2;236;2;2;48;2;161;4;4m▇[0m[38;2;205;6;6m▖[38;2;44;5;4m▗[38;2;97;7;7m▖[0m [38;2;176;7;7;48;2;46;4;3m▄[38;2;170;9;8;48;2;36;1;1m▝[38;2;248;0;0;48;2;241;2;2m┊[38;2;251;0;0;48;2;247;0;0m▄[38;2;240;1;1;48;2;176;3;3m▇[38;2;248;0;0;48;2;241;1;1m┈[38;2;251;0;0;48;2;247;0;0m▃▃▃▃[38;2;249;0;0;48;2;248;0;0m┈[38;2;137;5;4;48;2;240;1;1m▁[38;2;51;2;2;48;2;198;4;4m▄[38;2;148;5;5;48;2;237;2;2m▏[38;2;94;4;4;48;2;233;2;1m▗[38;2;79;3;3;48;2;239;2;2m▅[38;2;20;0;0;48;2;155;7;6m━[38;2;97;4;3;48;2;221;5;4m▍[38;2;249;0;0;48;2;247;0;0m▃[38;2;251;0;0m▃[38;2;249;0;0;48;2;248;0;0m┈[38;2;39;1;1;48;2;220;4;3m▗[38;2;143;4;3;48;2;229;2;2m▁[38;2;250;0;0;48;2;247;0;0m▄[38;2;251;0;0m▂[0m[7m[38;2;188;5;5m▝[0m[38;2;156;6;6m▗[7m[38;2;175;7;7m▗[0m  [38;2;92;4;3;48;2;217;6;5m▘[0m[7m[38;2;170;4;4m▝[0m [38;2;0;0;0m [7m[38;2;114;7;6m▋[0m[38;2;187;7;7m▋[0m
[7m[38;2;70;5;5m▇[38;2;194;5;5m▄[38;2;83;4;4m▝[0m [38;2;74;3;3;48;2;196;6;6m▖[38;2;224;3;2;48;2;86;3;3m▄[38;2;229;3;3;48;2;88;3;3m▇[0m[38;2;208;4;3m▆[38;2;80;3;2m▖[38;2;26;0;0;48;2;193;5;5m▖[38;2;239;2;2;48;2;162;8;8m▉[0m[38;2;76;3;3m▍[7m[38;2;99;5;5m▖[0m[38;2;189;6;6m▄[38;2;120;4;3;48;2;237;4;3m▎[38;2;79;3;3;48;2;234;2;2m▝[38;2;96;3;3;48;2;200;5;5m▚[38;2;170;6;6;48;2;247;1;1m▖[38;2;250;0;0;48;2;251;0;0m╵[38;2;119;5;5;48;2;245;1;1m▗[38;2;106;4;4;48;2;246;1;1m▂[38;2;251;0;0;48;2;237;2;2m╴[38;2;124;4;4;48;2;242;1;1m▁[38;2;250;0;0;48;2;231;6;6m▉[38;2;35;0;0;48;2;163;5;5m┏[38;2;219;3;3;48;2;68;2;2m▅[38;2;238;2;2;48;2;122;6;6m▇[38;2;46;3;2;48;2;159;8;7m▗[38;2;245;2;2;48;2;97;4;4m▗[38;2;251;0;0;48;2;239;2;2m┈[48;2;249;0;0m┈[38;2;90;1;1;48;2;177;9;9m┃[38;2;245;1;1;48;2;251;0;0m▏ [38;2;247;1;1;48;2;195;8;8m▉[38;2;232;4;4;48;2;45;1;1m▃[38;2;240;3;3;48;2;75;2;2m▃[38;2;200;7;7;48;2;246;1;1m╴[48;2;251;0;0m [38;2;180;10;9;48;2;244;2;2m╺[38;2;228;7;7;48;2;142;7;6m▝[38;2;117;4;4;48;2;238;3;3m▝[0m[38;2;142;5;5m▖[38;2;187;6;6m▅[38;2;124;5;5;48;2;234;2;2m▘[48;2;250;0;0m [0m[38;2;164;6;6m▌ [0m  [0m
[38;2;123;4;4m▗[0m  [38;2;0;0;0m [38;2;130;6;5m▝[38;2;57;2;2;48;2;231;2;2m▂[38;2;142;6;6;48;2;249;1;1m▁[38;2;57;5;5;48;2;173;6;6m▗[38;2;14;76;75;48;2;88;5;5m▁[0m[38;2;51;27;26m▖[38;2;43;115;114;48;2;172;4;4m▃[0m[38;2;106;11;10m▉[38;2;18;238;237m▃[38;2;16;215;214;48;2;64;7;7m▃[38;2;65;27;27;48;2;228;3;2m▖[48;2;251;0;0m  [38;2;250;0;0;48;2;211;10;9m▇[48;2;251;0;0m [38;2;241;1;1;48;2;184;3;3m▇[38;2;226;3;3;48;2;40;1;1m▃[38;2;162;7;7;48;2;52;3;3m▁[38;2;199;8;8;48;2;63;4;4m▗[38;2;193;7;7;48;2;231;3;3m╸[38;2;113;3;3;48;2;235;3;3m▘[48;2;251;0;0m  [38;2;248;1;1;48;2;186;4;4m▇[38;2;251;0;0;48;2;249;0;0m┈[48;2;251;0;0m [38;2;236;2;2;48;2;141;9;8m▉[38;2;104;4;4;48;2;198;8;8m▌[38;2;52;1;1;48;2;179;4;4m┏[38;2;173;4;3;48;2;242;2;2m▘[48;2;251;0;0m    [38;2;247;1;1m▁[38;2;243;2;2m▁[38;2;251;0;0;48;2;234;2;2m╴[38;2;106;4;4;48;2;219;6;6m▋[38;2;212;5;5;48;2;30;0;0m▊[0m[7m[38;2;105;4;4m▊[0m[38;2;181;8;8;48;2;239;2;2m╴[38;2;90;4;4m▗[0m[38;2;125;5;5m▘   [0m
[38;2;47;2;1;48;2;201;1;1m▍[38;2;209;4;4;48;2;92;1;1m╴[0m  [38;2;213;9;9;48;2;53;3;3m▗[0m[38;2;56;1;1m╴[0m [38;2;18;184;183m▗[38;2;19;108;107;48;2;10;243;242m▘[38;2;0;20;19;48;2;8;237;236m▁[38;2;0;10;9;48;2;9;237;236m▁[38;2;0;20;19;48;2;14;193;192m▁[38;2;10;90;89;48;2;6;249;248m▁[38;2;0;252;251;48;2;8;245;244m┈[38;2;31;73;73;48;2;13;233;232m▝[38;2;34;52;52;48;2;205;5;5m▖[38;2;246;2;2;48;2;202;7;6m▉[38;2;134;6;6;48;2;243;2;2m▖[38;2;169;7;7;48;2;244;2;2m▗[38;2;251;0;0;48;2;247;1;1m┊[48;2;251;0;0m [48;2;246;1;1m┈[38;2;111;5;5;48;2;220;3;3m▘[38;2;249;0;0;48;2;251;0;0m▏[38;2;251;0;0;48;2;249;0;0m┈[48;2;250;0;0m┈[38;2;173;3;3;48;2;242;1;1m▁[38;2;210;4;4;48;2;243;2;2m▏[48;2;251;0;0m [38;2;251;0;0;48;2;244;2;2m▉[38;2;190;6;6;48;2;51;1;1m▍[38;2;226;4;4;48;2;86;6;5m▗[38;2;236;2;1;48;2;152;4;4m▇[48;2;251;0;0m   [38;2;110;4;3;48;2;242;1;1m▗[38;2;23;1;1;48;2;215;3;3m▅[38;2;8;0;0;48;2;191;9;9m▇[38;2;4;0;0;48;2;166;10;10m▇[38;2;6;0;0;48;2;178;4;4m▖[38;2;216;6;6;48;2;120;4;4m▍[0m[38;2;147;7;7m▊[7m[38;2;202;5;5m▘[0m[38;2;68;3;3;48;2;230;4;4m▗[0m[38;2;175;4;4m▗[38;2;229;7;7m▖   [0m
[7m[38;2;72;1;1m╴[0m[38;2;15;1;1;48;2;177;2;2m▝[0m  [38;2;54;2;1;48;2;220;5;5m▍[38;2;230;6;6;48;2;76;1;1m▌[38;2;159;7;7;48;2;20;2;2m▅[38;2;26;210;209;48;2;4;16;16m▝[38;2;39;169;168;48;2;7;49;48m╺[38;2;19;156;155;48;2;0;5;5m▄[38;2;14;192;191;48;2;0;1;1m▃[38;2;16;242;241;48;2;5;32;32m▗[38;2;13;209;208;48;2;2;21;21m▆[38;2;24;149;148;48;2;0;30;29m▇[38;2;27;166;165;48;2;14;96;95m┗[38;2;24;28;27;48;2;93;4;4m▇[38;2;45;2;2;48;2;228;3;3m▃[38;2;175;9;8;48;2;77;3;3m▍[38;2;87;3;3;48;2;211;5;5m▖[38;2;197;4;3;48;2;246;2;2m▏[38;2;251;0;0;48;2;247;1;1m┈[48;2;242;1;1m┈[38;2;249;0;0;48;2;251;0;0m▁[38;2;247;0;0m╺[38;2;82;2;2;48;2;176;6;6m┏[38;2;210;14;14;48;2;241;3;3m▏[38;2;93;2;2;48;2;164;7;6m┫[38;2;250;0;0;48;2;248;1;1m┊[48;2;251;0;0m [38;2;251;0;0;48;2;244;2;2m▉[38;2;240;2;2;48;2;87;4;4m▄[38;2;216;9;8;48;2;247;1;1m╸[48;2;251;0;0m  [38;2;131;4;3;48;2;245;1;1m▂[38;2;34;1;1;48;2;211;4;3m▅[38;2;0;0;0;48;2;7;0;0m┈[48;2;0;0;0m   [38;2;8;0;0;48;2;136;6;6m▊[38;2;211;15;15;48;2;245;2;2m▏[38;2;214;5;4;48;2;103;9;8m▅[38;2;191;5;5;48;2;244;2;2m▏[38;2;214;9;9;48;2;107;4;4m▌[38;2;249;1;1;48;2;237;3;3m┊[0m[38;2;202;7;7m▋   [0m
 [7m[38;2;34;1;1m▇[38;2;72;4;4m▊[0m[38;2;159;11;10;48;2;45;3;3m▅[38;2;156;4;4;48;2;242;2;2m▎[38;2;242;2;2;48;2;192;6;6m▇[38;2;246;1;1;48;2;195;6;6m▉[38;2;172;7;7;48;2;17;0;0m▖[38;2;26;117;116;48;2;1;7;7m▝[38;2;18;210;209;48;2;10;72;71m━[38;2;23;127;126;48;2;16;212;211m▁[38;2;14;87;86;48;2;33;184;183m┩[38;2;10;92;91;48;2;36;163;162m▍[38;2;46;37;36;48;2;150;10;10m▍[38;2;169;8;8;48;2;12;4;4m▇[38;2;149;7;6;48;2;41;97;96m╸[38;2;29;127;127;48;2;7;38;38m▎[48;2;0;0;0m [38;2;171;6;6;48;2;5;0;0m▝[38;2;29;1;1;48;2;247;1;1m▄[38;2;34;5;4;48;2;159;5;5m▖[38;2;74;1;1;48;2;235;3;3m▁[38;2;118;3;3;48;2;191;4;4m┏[38;2;230;8;8;48;2;250;0;0m▎[38;2;27;0;0;48;2;202;5;5m▝[38;2;70;3;3;48;2;205;5;5m▄[38;2;81;2;2;48;2;168;6;6m┗[38;2;106;5;5;48;2;215;5;4m╴[38;2;251;0;0;48;2;248;1;1m┈[48;2;251;0;0m [48;2;250;0;0m┈[38;2;126;7;6;48;2;248;1;1m▁[38;2;60;2;2;48;2;243;1;1m▃[38;2;63;4;3;48;2;222;3;3m▆[38;2;154;6;5;48;2;48;3;3m▗[38;2;169;9;9;48;2;14;1;1m▖[48;2;0;0;0m    [38;2;24;1;1;48;2;167;6;5m▋[38;2;234;7;7;48;2;250;0;0m▏[38;2;167;9;9;48;2;236;4;4m╻[38;2;246;1;1;48;2;250;0;0m╶[38;2;213;7;7;48;2;120;5;4m▍[38;2;249;0;0;48;2;233;3;3m┊[0m[38;2;198;5;5m▘   [0m
 [38;2;0;0;0m [0m [7m[38;2;169;6;6m▖[0m[38;2;251;0;0;48;2;250;0;0m┊[48;2;251;0;0m [48;2;248;1;1m┈[38;2;233;4;4;48;2;70;3;3m▘[38;2;13;84;84;48;2;6;10;10m▁[38;2;18;211;210;48;2;3;12;12m▂[38;2;27;186;185;48;2;2;24;24m▗[38;2;25;173;172m▖[38;2;12;63;63;48;2;25;165;164m▖[38;2;28;149;148;48;2;21;83;82m▇[38;2;27;144;143;48;2;31;2;2m▇[38;2;21;208;207;48;2;25;127;126m┲[38;2;2;24;24;48;2;19;217;216m▁[38;2;19;96;95;48;2;2;21;20m▏[38;2;0;18;18;48;2;23;186;186m▂[38;2;30;115;115;48;2;6;11;11m▏[38;2;43;3;3;48;2;167;10;9m▂[38;2;83;5;5;48;2;201;5;5m▖[38;2;168;8;8;48;2;243;1;1m▁[38;2;251;0;0;48;2;247;1;1m┈[48;2;251;0;0m [38;2;248;1;1;48;2;168;5;5m▇[38;2;224;4;4;48;2;23;1;1m▆[38;2;175;9;9;48;2;48;3;3m▅[38;2;146;9;9;48;2;71;3;3m▄[38;2;60;3;3;48;2;219;13;12m▇[38;2;15;0;0;48;2;139;9;8m▇[38;2;0;0;0;48;2;21;0;0m▇[48;2;0;0;0m [38;2;1;0;0;48;2;121;8;7m▆[38;2;3;0;0;48;2;170;11;10m▆[38;2;0;0;0;48;2;4;0;0m┈[48;2;0;0;0m [48;2;2;0;0m┈[38;2;191;7;7;48;2;14;1;1m▁[38;2;215;4;3;48;2;35;1;1m▄[38;2;158;6;6;48;2;226;3;3m▂[38;2;155;8;7;48;2;221;4;4m╼[38;2;239;1;1;48;2;186;6;6m▇[38;2;251;0;0;48;2;250;0;0m┈[0m[7m[38;2;160;4;4m▗[38;2;93;8;7m▆[0m[38;2;1;0;0m    [0m
 [38;2;0;0;0m  [0m [7m[38;2;196;3;3m▃[0m[38;2;63;3;3;48;2;234;1;1m▁[38;2;164;10;10;48;2;240;3;3m╺[38;2;116;6;6;48;2;18;0;0m▏[38;2;0;14;13;48;2;22;185;184m▍[38;2;8;76;75;48;2;12;223;222m╴[38;2;26;189;188;48;2;18;209;208m╷[38;2;20;209;208;48;2;6;38;38m▆[38;2;19;202;201;48;2;7;41;40m▅[38;2;14;240;239;48;2;18;104;103m▄[38;2;7;237;236;48;2;16;130;129m▄[38;2;7;238;237;48;2;17;116;115m▄[38;2;10;244;243;48;2;5;30;29m▄[38;2;8;238;237;48;2;0;3;3m▅[38;2;10;235;234;48;2;0;0;0m▆[38;2;23;176;175;48;2;4;25;25m▖[38;2;20;170;169;48;2;1;9;9m▗[38;2;28;185;184;48;2;20;18;18m▖[38;2;174;9;9;48;2;50;3;3m▗[38;2;150;7;7;48;2;44;2;2m▝[38;2;84;3;3;48;2;246;2;2m▄[38;2;250;0;0;48;2;246;1;1m┊[38;2;199;8;8;48;2;231;3;3m╵[38;2;113;5;5;48;2;199;6;6m▗[38;2;60;2;2;48;2;176;7;6m▂[38;2;121;6;6;48;2;182;7;7m┖[38;2;124;5;5;48;2;182;9;9m▃[38;2;190;7;6;48;2;61;1;1m▇[38;2;207;5;5;48;2;52;2;2m▆[38;2;200;6;6;48;2;12;0;0m▆[38;2;204;5;5;48;2;3;0;0m▆[38;2;206;5;5;48;2;10;0;0m▆[38;2;210;5;5;48;2;56;2;2m▆[38;2;128;4;3;48;2;212;5;5m─[38;2;152;6;6;48;2;228;4;3m╸[38;2;130;7;7;48;2;210;4;4m▁[38;2;71;2;2;48;2;227;4;4m▃[38;2;80;3;3;48;2;201;4;4m━[38;2;186;4;4;48;2;234;3;3m▏[38;2;23;41;41;48;2;187;5;5m▗[0m[38;2;21;159;158m▅[38;2;14;217;216m▃[38;2;17;108;107m▁   [0m
 [38;2;0;0;0m  [0m [38;2;74;4;3m╺[38;2;178;11;10m━[38;2;135;15;13;48;2;53;2;2m╴[38;2;17;2;2;48;2;153;8;7m▅[38;2;34;2;2;48;2;15;9;9m┈[38;2;89;19;19;48;2;16;221;220m▆[38;2;1;6;5;48;2;25;180;179m▄[38;2;31;211;210;48;2;8;53;52m━[38;2;0;0;0;48;2;22;195;194m▂[38;2;0;1;1;48;2;23;191;190m▂[38;2;6;34;34;48;2;21;205;204m▃[38;2;0;5;4;48;2;27;191;190m▃[38;2;1;8;8;48;2;21;219;218m▆[38;2;0;0;0;48;2;18;183;182m▆[38;2;24;189;188;48;2;7;38;37m▗[38;2;15;219;218;48;2;3;15;15m▃[38;2;9;249;248;48;2;16;97;96m▝[38;2;5;39;39;48;2;15;219;218m▝[38;2;23;166;165;48;2;3;5;5m▂[38;2;12;3;3;48;2;138;9;8m▋[38;2;231;7;7;48;2;97;4;4m▘[38;2;144;6;6;48;2;242;3;3m▎[48;2;251;0;0m  [38;2;239;1;1;48;2;114;5;4m▇[38;2;226;2;2;48;2;82;3;3m▄[38;2;70;3;3;48;2;179;5;5m┑[38;2;202;4;4;48;2;90;3;3m▆[38;2;219;3;3;48;2;112;4;4m▄[38;2;18;0;0;48;2;188;4;4m━[38;2;66;2;2;48;2;243;3;3m▅[38;2;62;2;2;48;2;247;2;1m▅[38;2;86;3;2;48;2;236;4;4m▅[38;2;11;0;0;48;2;198;4;4m━[38;2;239;4;4;48;2;87;3;3m▃[38;2;189;5;5;48;2;35;1;1m▅[38;2;28;49;48;48;2;197;4;4m▂[38;2;18;168;167;48;2;189;4;4m▃[38;2;15;229;228;48;2;73;6;6m▄[38;2;12;67;67;48;2;18;186;185m▚[38;2;7;40;40;48;2;15;197;196m▂[38;2;19;110;108;48;2;15;198;197m┕[38;2;14;107;106;48;2;18;212;211m▄[0m[38;2;16;193;192m▅[0m [38;2;13;83;83m [0m
 [38;2;0;0;0m     [0m [38;2;131;8;8;48;2;30;2;2m┗[38;2;200;9;9;48;2;40;2;2m▖[38;2;127;11;10;48;2;18;1;1m▝[38;2;8;0;0;48;2;0;0;0m▏   [38;2;16;130;129;48;2;2;12;12m▁[38;2;13;218;217;48;2;1;5;5m▄[38;2;5;233;232;48;2;0;0;0m▅[38;2;6;234;233m▅[38;2;19;144;143;48;2;3;251;250m▘[38;2;16;116;115m▁[38;2;18;190;190;48;2;6;55;54m▋[38;2;17;114;113;48;2;9;237;236m▏[38;2;2;251;250;48;2;32;232;231m▉[38;2;27;157;156;48;2;1;10;9m▎[38;2;42;2;2;48;2;167;7;6m▌[38;2;101;4;4;48;2;228;3;3m▃[38;2;50;0;0;48;2;222;4;4m╸[38;2;251;0;0;48;2;250;0;0m┈[38;2;123;6;6;48;2;246;1;1m▁[38;2;60;2;2;48;2;241;2;2m▂[38;2;251;0;0;48;2;242;2;2m┈[38;2;213;9;8;48;2;60;2;2m▖[38;2;14;0;0;48;2;195;5;4m▅[38;2;40;2;2;48;2;235;2;2m▃[38;2;98;5;5;48;2;242;2;2m▁[38;2;251;0;0;48;2;248;1;1m┈[48;2;248;1;0m▇[38;2;97;8;8;48;2;244;2;2m▗[38;2;19;181;180;48;2;148;21;20m▅[38;2;8;242;241;48;2;19;23;22m▇[38;2;8;230;229;48;2;17;125;124m▅[38;2;12;76;75;48;2;13;202;201m╸[38;2;15;79;78;48;2;6;239;238m▁[38;2;22;155;154;48;2;16;226;225m╻[38;2;10;243;242;48;2;11;77;76m▃[38;2;11;238;237;48;2;9;68;67m▃[38;2;12;66;65;48;2;16;214;213m╴[38;2;16;94;93;48;2;12;223;222m▘[0m[38;2;15;224;223m▋ [0m
 [38;2;0;0;0m       [7m[38;2;62;5;5m▅[38;2;0;0;0m┈[0m[38;2;0;0;0;48;2;0;0;0m┊[38;2;121;10;9;48;2;4;0;0m▃[38;2;0;0;0;48;2;3;0;0m┈[38;2;2;9;9;48;2;22;100;100m▉[38;2;17;86;85;48;2;15;230;229m▁[38;2;12;80;79;48;2;12;211;210m┏[38;2;0;44;43;48;2;16;242;241m━[38;2;10;65;64;48;2;13;209;208m─[38;2;11;65;64;48;2;16;233;232m▂[38;2;21;219;218;48;2;11;90;89m┏[38;2;10;235;234;48;2;13;88;87m▆[38;2;0;252;251;48;2;2;251;250m┈[38;2;4;251;250;48;2;35;228;227m▉[38;2;20;172;171;48;2;5;19;18m▖[38;2;125;12;10;48;2;79;6;5m┛[38;2;50;0;0;48;2;211;5;5m▁[38;2;90;0;0;48;2;246;2;2m▁[38;2;186;6;5;48;2;44;2;2m▌[38;2;109;6;5;48;2;14;1;1m╺[38;2;45;0;0;48;2;180;6;5m▂[38;2;40;1;1;48;2;219;3;3m▃[38;2;181;11;10;48;2;59;2;2m▂[38;2;186;11;10;48;2;48;27;26m━[38;2;25;225;224;48;2;116;7;6m▂[38;2;38;115;114;48;2;129;5;5m▂[38;2;88;3;3;48;2;182;6;6m┗[38;2;117;5;5;48;2;231;5;5m▖[0m[38;2;161;8;8m▎[7m[38;2;18;142;141m▅[38;2;8;231;230m▃[0m[38;2;23;126;126;48;2;3;248;247m▁[38;2;0;252;251;48;2;8;237;236m╴[38;2;8;39;39;48;2;18;173;172m▝[38;2;20;236;235;48;2;6;39;38m▂[38;2;13;75;74;48;2;11;243;242m▆[38;2;12;78;78;48;2;13;227;226m▄[38;2;6;70;69m─[38;2;18;212;211;48;2;21;125;124m▉[0m[38;2;11;74;74m▏ [0m
 [38;2;0;0;0m          [7m[38;2;38;5;4m▆[38;2;1;0;0m╴[0m[38;2;15;112;112;48;2;1;7;7m▁[38;2;12;214;213;48;2;4;31;30m▄[38;2;0;252;251;48;2;4;238;237m┈[48;2;0;252;251m [48;2;1;252;251m┈[38;2;19;216;215;48;2;8;45;45m▋[38;2;1;38;38;48;2;18;207;206m▏[38;2;19;106;105;48;2;16;214;213m▝[38;2;13;103;102;48;2;21;194;193m▎[38;2;17;112;112;48;2;26;178;177m╏[38;2;20;209;208;48;2;20;139;138m▅[38;2;28;169;168;48;2;10;45;45m▄[38;2;0;3;3;48;2;2;1;1m┈[38;2;230;6;5;48;2;67;4;4m▗[38;2;223;3;3;48;2;5;0;0m▅[38;2;242;3;3;48;2;22;0;0m▄[38;2;235;3;3;48;2;38;1;1m▅[38;2;71;3;3;48;2;200;5;5m▂[38;2;22;233;232;48;2;69;48;48m▗[38;2;1;252;251;48;2;5;244;243m┈[48;2;0;252;251m [38;2;0;252;251;48;2;6;239;238m┈[38;2;20;198;197;48;2;134;29;28m▄[38;2;56;72;72;48;2;185;8;7m▁[0m[38;2;187;7;7m▖  [0m [7m[38;2;31;132;131m▇[38;2;17;211;210m▅[38;2;11;237;236m▄[38;2;5;250;249m▄[38;2;10;245;244m▄[38;2;11;222;221m▅[0m [38;2;1;5;5m  [0m
 [38;2;0;0;0m        [38;2;27;117;116m▁[38;2;18;221;220m▂[38;2;10;225;224m▄[38;2;7;234;233m▆[38;2;0;252;251;48;2;5;244;243m┈[48;2;0;252;251m  [38;2;26;162;161;48;2;3;250;249m▁[38;2;9;50;49;48;2;8;240;239m▃[38;2;22;172;171;48;2;4;22;21m▘[38;2;0;0;0;48;2;10;71;70m▇[48;2;16;84;84m▇[48;2;0;29;28m▇[38;2;0;1;0;48;2;23;93;92m▇[38;2;0;2;2;48;2;37;166;165m▇[38;2;0;5;5;48;2;29;131;130m▇[48;2;0;0;0m [38;2;6;0;0;48;2;107;5;5m▇[48;2;215;9;8m▆[48;2;217;10;9m▆[38;2;8;0;0;48;2;163;9;8m▇[38;2;0;0;0;48;2;1;5;5m┈[38;2;20;164;164;48;2;3;23;22m▝[38;2;8;44;44;48;2;8;232;231m▂[38;2;0;252;251;48;2;5;248;247m┈[48;2;0;252;251m  [38;2;4;248;247;48;2;21;152;151m▇[38;2;8;238;237;48;2;93;38;37m▅[0m[38;2;13;213;213m▃[38;2;31;194;193m▁[0m [38;2;0;2;2m         [0m
 [38;2;0;0;0m     [0m [38;2;21;138;138m━[7m[38;2;21;199;198m▃[38;2;12;245;244m▃[38;2;7;248;247m▃[38;2;11;246;245m▃[38;2;9;233;232m▃[0m[38;2;166;14;13;48;2;11;144;144m▁[38;2;85;12;12;48;2;14;239;238m▅[38;2;49;5;5;48;2;23;197;196m▆[38;2;0;0;0;48;2;1;6;6m┈[38;2;0;3;3;48;2;15;100;99m▉[38;2;14;232;231;48;2;28;160;159m▇[38;2;9;226;225;48;2;5;31;30m▅[38;2;17;144;143;48;2;1;7;7m▖[38;2;36;152;151;48;2;0;1;1m▃[38;2;26;116;115;48;2;4;4;4m▖[38;2;119;5;5;48;2;2;0;0m▁[38;2;190;20;19;48;2;4;0;0m▁[38;2;141;9;8;48;2;2;0;0m▁[38;2;49;0;0;48;2;0;0;0m▁[38;2;22;95;94;48;2;5;27;26m╷[38;2;44;207;206;48;2;0;5;5m▂[38;2;17;193;192;48;2;2;14;14m▃[38;2;11;88;88;48;2;10;239;238m▘[38;2;24;192;191;48;2;2;16;15m▍[48;2;0;0;0m [38;2;20;4;4;48;2;24;126;125m▇[38;2;85;5;5;48;2;17;200;199m▅[38;2;47;9;9;48;2;11;234;233m▄[38;2;32;221;220;48;2;3;139;138m╾[38;2;0;1;1;48;2;8;237;236m▂[38;2;0;12;11;48;2;7;248;247m▂[0m[7m[38;2;7;248;247m▂[38;2;17;224;223m▂[38;2;16;171;170m▂[0m[38;2;24;236;235m━[38;2;30;131;130m╸      [0m
 [38;2;0;0;0m            [38;2;148;5;5m▝[7m[38;2;230;2;2m▂[0m[38;2;240;2;2;48;2;173;4;4m▇[38;2;220;3;3;48;2;23;1;1m▄[38;2;242;4;4;48;2;19;0;0m▂[38;2;17;181;180;48;2;101;15;15m▝[38;2;161;14;13;48;2;13;242;241m▅[38;2;194;8;8;48;2;18;122;121m▆[38;2;241;3;3;48;2;64;15;14m▆[38;2;95;4;4;48;2;226;4;4m▁[38;2;37;0;0;48;2;237;4;3m▂[38;2;7;0;0;48;2;227;2;2m▂[38;2;26;0;0;48;2;235;3;3m▂[38;2;74;2;2;48;2;230;3;3m▁[38;2;231;3;3;48;2;37;0;0m▇[38;2;235;2;2;48;2;35;46;45m▅[38;2;207;4;4;48;2;16;211;210m▄[38;2;120;7;7;48;2;16;163;162m▅[38;2;201;4;4;48;2;2;1;1m▃[38;2;220;4;3;48;2;14;0;0m▄[38;2;104;4;3;48;2;240;2;2m▘[38;2;94;4;4;48;2;237;1;1m▁[0m[7m[38;2;210;4;4m▄[0m [38;2;5;1;1m             [0m
 [38;2;0;0;0m             [0m [7m[38;2;131;5;5m▆[38;2;180;4;4m▅[38;2;154;5;5m▂[0m[38;2;129;7;7;48;2;212;4;4m╍[38;2;153;5;5;48;2;219;3;3m╸[38;2;203;5;5;48;2;165;6;6m▉[38;2;58;1;1;48;2;163;7;7m▝[38;2;231;2;2;48;2;59;2;2m▆[38;2;248;1;1;48;2;134;8;8m▇[38;2;247;1;1;48;2;90;1;1m▇[38;2;248;1;1;48;2;118;6;6m▇[38;2;222;3;3;48;2;63;2;2m▆[38;2;185;7;7;48;2;146;8;7m▆[38;2;162;7;6;48;2;222;3;3m╺[38;2;139;6;6;48;2;243;3;2m━[38;2;117;7;7;48;2;209;6;5m▁[0m[7m[38;2;204;3;3m▃[38;2;235;3;3m▅[38;2;174;7;7m▆[0m [38;2;0;0;0m               [0m
 [38;2;0;0;0m                 [7m[38;2;64;3;3m▇[38;2;181;7;7m▆[0m[38;2;51;2;2;48;2;149;5;5m▌[38;2;251;0;0;48;2;243;2;1m┈[48;2;251;0;0m     [38;2;234;2;2;48;2;159;8;8m▉[0m[7m[38;2;173;5;5m▅[38;2;177;6;6m▆[0m [38;2;0;0;0m                   [0m
 [38;2;0;0;0m                    [7m[38;2;138;5;4m▇[38;2;200;3;3m▅[38;2;230;2;2m▅[38;2;216;4;4m▅[38;2;229;2;2m▅[38;2;189;4;4m▅[38;2;119;5;4m▇[0m[38;2;5;0;0m                      [0m[u[0m [38;2;0;0;0m                               [0m [38;2;138;9;9m▁[0m [38;2;0;0;0m          [0m [38;2;145;8;8m▂[0m [38;2;0;0;0m  [0m
 [38;2;0;0;0m                         [0m [38;2;186;3;3m▃[38;2;240;1;1m▄[38;2;201;3;3m▆[38;2;155;3;3m▆[7m[38;2;150;4;4m▂[38;2;177;6;6m▃[38;2;167;9;9m▅[0m [38;2;0;0;0m   [38;2;57;8;7m▁    [0m [38;2;193;3;3m▄[38;2;240;2;1;48;2;114;5;5m▆[38;2;140;7;7;48;2;218;6;6m▁[0m[38;2;75;4;4m▎  [0m
 [38;2;0;0;0m                       [0m [38;2;187;4;3m▅[38;2;246;1;1;48;2;147;4;4m▇[48;2;251;0;0m [38;2;240;4;4;48;2;122;4;3m▋[0m[7m[38;2;71;3;2m▇[0m[38;2;5;0;0m       [38;2;233;3;3m▗[38;2;174;7;7m▋    [7m[38;2;189;5;5m▎[0m[38;2;237;2;2;48;2;170;3;3m▉[0m[7m[38;2;173;6;6m▄[38;2;77;5;4m▇[0m[38;2;5;0;0m   [0m
   [38;2;0;0;0m                     [0m [7m[38;2;173;4;4m▖[0m[38;2;250;0;0;48;2;242;1;1m┈[48;2;251;0;0m [38;2;251;0;0;48;2;237;1;1m┈[0m[38;2;154;4;4m▖[0m  [38;2;55;5;5m    [7m[38;2;79;3;3m▉[0m[38;2;153;8;8;48;2;244;2;2m▏[38;2;80;4;4;48;2;231;5;5m▝[0m[38;2;60;1;1m▏   [38;2;136;5;5m▝[38;2;180;8;7m▌     [0m
   [38;2;139;6;5;48;2;18;2;2m▗[0m[38;2;136;1;1m▃[0m [38;2;0;0;0m        [38;2;193;9;9m▗[38;2;46;3;3m▍     [0m [38;2;118;7;7m▅   [7m[38;2;165;6;6m▋[0m[38;2;241;4;4;48;2;251;0;0m▏ [38;2;239;1;1;48;2;150;2;1m▇[0m[38;2;232;1;1m▆[38;2;191;4;4m▌   [38;2;50;5;5m▁[0m [7m[38;2;187;4;4m▃[38;2;173;4;4m▄[0m [38;2;0;0;0m [0m  [38;2;32;6;6m [0m [38;2;0;0;0m     [0m
 [38;2;0;0;0m  [7m[38;2;4;0;0m▊[0m[38;2;83;5;5;48;2;242;2;2m▎[38;2;48;2;2;48;2;222;1;1m▝[0m[38;2;10;0;0m╴       [7m[38;2;205;6;5m▎[0m[38;2;194;5;5m▖[0m [38;2;0;0;0m     [38;2;178;7;6m▝[7m[38;2;212;4;4m▝[0m[38;2;93;4;4m▖[0m [7m[38;2;167;5;5m▋[0m[38;2;239;4;4;48;2;251;0;0m▏   [38;2;251;0;0;48;2;248;1;0m┈[0m[38;2;240;1;1m▆[38;2;224;2;2m▅[38;2;243;2;2m▄[38;2;236;2;2;48;2;156;7;7m▇[0m[38;2;96;4;4m▎ [0m [38;2;129;8;8m▃[38;2;63;11;9m╴[7m[38;2;95;4;4m▉[0m[38;2;189;9;9m▋       [0m
 [38;2;0;0;0m  [0m [38;2;0;0;0;48;2;84;2;2m╴[38;2;249;0;0;48;2;233;1;1m┊[38;2;66;0;0;48;2;30;1;1m╴[0m[38;2;66;0;0m       [38;2;139;5;5m▝[38;2;110;5;4;48;2;239;2;2m▖[0m[7m[38;2;217;2;2m▝[0m[38;2;115;5;5m▖  [7m[38;2;150;7;7m▌[0m[38;2;222;3;3m▃[7m[38;2;224;2;2m▘[0m[38;2;247;0;0;48;2;250;0;0m▅[38;2;246;0;0;48;2;182;6;5m▇[38;2;243;1;1;48;2;68;2;2m▇[38;2;247;0;0;48;2;248;0;0m┈[48;2;251;0;0m▅▅▅▅▅[38;2;114;5;5;48;2;232;2;2m▁[0m[7m[38;2;192;4;4m▄[38;2;122;9;9m▋[38;2;169;5;4m▃[0m [38;2;109;4;4m▗[7m[38;2;229;3;2m▘[0m[38;2;182;6;6m▋[0m [7m[38;2;143;9;8m▍[0m[38;2;111;5;5m▘[7m[38;2;106;6;6m▊[38;2;158;8;7m▝[0m [38;2;0;0;0m  [0m [38;2;168;9;8m▖[0m
 [38;2;0;0;0m   [0m [7m[38;2;51;1;1m╴[0m[38;2;110;3;3;48;2;8;0;0m▍[0m[38;2;88;5;5m▂      [0m [7m[38;2;82;3;3m▊[0m[38;2;172;9;8;48;2;238;2;2m▏[38;2;177;4;4;48;2;9;0;0m▉[0m[38;2;44;2;2m▁[0m [38;2;73;3;3;48;2;220;4;4m▘[38;2;244;0;0;48;2;247;0;0m▅▅▅▅▅▅▅▅▅▅[38;2;109;5;5;48;2;228;3;3m╺[38;2;218;3;2;48;2;59;2;2m▄[0m[38;2;152;8;7m▋[0m [38;2;115;5;5m▂[38;2;199;3;3m▄[38;2;234;2;2;48;2;144;4;4m▇[38;2;245;0;0;48;2;247;0;0m▂[38;2;246;0;0;48;2;237;3;2m╴[0m[38;2;108;4;4m▍ [38;2;106;4;4m▁[7m[38;2;208;4;3m▘[0m[38;2;247;0;0;48;2;233;3;3m┊[0m[38;2;93;5;5m▍  [7m[38;2;193;5;5m▍[0m[38;2;180;6;5m▌[0m
[38;2;109;9;8m▖     [0m [7m[38;2;146;6;6m▖[0m[38;2;191;6;5m▆[38;2;105;4;4m▃    [7m[38;2;54;3;3m╴[0m[38;2;125;6;6;48;2;32;2;2m▗[38;2;201;9;9;48;2;243;1;1m▏[38;2;96;4;3;48;2;226;4;4m▝[38;2;197;8;8;48;2;75;2;2m▊[38;2;219;6;6;48;2;60;3;3m▗[38;2;245;0;0;48;2;243;1;1m┊[38;2;247;0;0;48;2;244;0;0m▄▄▄▄▄▄▄▄▄[38;2;215;5;5m▁[38;2;246;0;0;48;2;242;1;1m┈[38;2;247;0;0;48;2;244;0;0m▄[38;2;244;1;1;48;2;163;6;5m▇[48;2;120;5;5m▇[38;2;247;0;0;48;2;244;1;1m┈[48;2;244;0;0m▄▄▖[0m[7m[38;2;204;5;4m▗[0m  [38;2;107;5;4;48;2;216;4;4m▘[0m[7m[38;2;229;2;2m▃[0m[38;2;161;4;4m▘[0m [38;2;34;1;1m [0m [7m[38;2;190;5;5m▎[0m[38;2;207;4;4m▊[0m
[38;2;193;8;8;48;2;88;4;4m▚[0m[38;2;145;6;5m▖[38;2;43;3;3m┗[38;2;132;7;7m▅[0m [38;2;135;11;10m▗[0m  [7m[38;2;104;3;3m▖[0m[38;2;243;2;2;48;2;233;3;3m┊[0m[7m[38;2;125;4;4m▝[0m[38;2;32;3;3m▗[38;2;123;11;10m▖[0m [38;2;167;7;6;48;2;42;3;3m▅[38;2;29;1;1;48;2;151;8;8m▊[38;2;247;0;0;48;2;238;2;2m┊[48;2;246;0;0m▇[38;2;241;1;1;48;2;177;3;3m▇[38;2;247;0;0;48;2;243;1;1m┈[48;2;247;0;0m     [38;2;138;5;5;48;2;243;1;1m▂[38;2;238;3;3;48;2;81;3;3m▘[38;2;129;6;6;48;2;237;3;3m▎[38;2;107;4;3;48;2;240;1;1m▃[38;2;80;3;3;48;2;226;4;3m▅[38;2;205;7;7;48;2;72;3;3m▃[38;2;99;3;3;48;2;227;5;5m▍[48;2;247;0;0m   [38;2;38;1;1;48;2;216;4;4m▗[38;2;96;4;4;48;2;237;2;2m▖[48;2;247;0;0m [38;2;247;0;0;48;2;246;0;0m▇[0m[7m[38;2;208;4;4m▝[0m[38;2;155;6;6m▗[38;2;80;4;4;48;2;203;8;7m▚[0m[38;2;62;3;3m▘[0m [38;2;96;4;4;48;2;223;5;4m▘[0m[7m[38;2;170;4;4m▝[0m [38;2;0;0;0m [7m[38;2;88;4;4m▋[38;2;165;7;7m▗[0m
 [7m[38;2;188;6;6m▄[38;2;74;4;4m▝[0m[38;2;57;2;2m▝[38;2;75;4;4;48;2;200;6;6m▖[38;2;234;2;2;48;2;90;3;3m▄[38;2;233;4;4;48;2;132;5;5m▇[38;2;221;4;4;48;2;38;1;1m▆[0m[38;2;108;3;3m▖[38;2;19;0;0;48;2;178;5;5m▖[38;2;238;2;2;48;2;162;9;9m▉[0m[38;2;66;2;2m▍[7m[38;2;96;5;5m▖[0m[38;2;178;5;5m▅[38;2;126;3;3;48;2;239;3;3m▎[38;2;94;4;3;48;2;238;2;2m▝[38;2;103;4;4;48;2;202;5;5m▚[38;2;170;8;7;48;2;245;1;1m▖[38;2;250;0;0;48;2;247;0;0m▅[38;2;108;5;5;48;2;243;2;2m▗[38;2;71;3;3;48;2;239;2;2m▂[38;2;189;10;9m▁[38;2;131;4;3;48;2;245;1;1m▂[38;2;247;1;1;48;2;215;6;6m▉[38;2;209;5;5;48;2;97;4;4m▘[38;2;232;2;2;48;2;79;2;2m▅[38;2;240;2;2;48;2;163;8;8m▇[38;2;52;1;1;48;2;151;7;7m▗[38;2;212;4;4;48;2;89;3;2m▄[38;2;251;0;0;48;2;244;1;1m┈[38;2;250;0;0;48;2;246;1;1m╴[38;2;129;4;4;48;2;219;10;9m▋[38;2;250;0;0;48;2;247;0;0m▅[38;2;251;0;0;48;2;248;0;0m▅[38;2;246;1;1;48;2;210;9;9m▉[38;2;241;3;3;48;2;59;2;2m▃[38;2;226;4;4;48;2;53;2;2m▄[38;2;204;8;8;48;2;243;1;1m╴[38;2;251;0;0;48;2;247;0;0m▆[38;2;182;9;9;48;2;241;2;2m╺[38;2;226;7;7;48;2;143;6;6m▝[38;2;129;5;5;48;2;237;3;3m▝[0m[7m[38;2;105;5;5m▚[0m[38;2;191;6;6m▅[38;2;135;6;6;48;2;241;2;2m▘[38;2;251;0;0;48;2;247;1;1m╴[0m[38;2;151;6;6m▌ [0m  [0m
[38;2;137;7;7m▗[38;2;54;1;1m▖  [38;2;117;5;5m▝[38;2;30;1;1;48;2;222;3;3m▂[38;2;100;4;4;48;2;243;1;1m▁[38;2;42;3;3;48;2;164;6;6m▗[38;2;26;127;127;48;2;80;9;9m▁[0m[38;2;46;53;52m▖[38;2;35;187;186;48;2;149;14;14m▂[38;2;92;15;15;48;2;23;86;86m▉[0m[38;2;12;218;217m▄[38;2;11;230;229;48;2;57;19;19m▃[38;2;48;42;42;48;2;219;3;3m▖[38;2;251;0;0;48;2;250;0;0m┈[48;2;251;0;0m [38;2;250;0;0;48;2;224;8;8m▇[48;2;251;0;0m [38;2;251;0;0;48;2;236;2;1m┈[38;2;213;3;3;48;2;30;1;1m▄[38;2;150;6;6;48;2;38;2;2m▂[38;2;201;7;7;48;2;67;4;4m▗[38;2;244;2;2;48;2;225;4;4m┊[38;2;122;5;5;48;2;242;3;2m▘[48;2;251;0;0m  [38;2;250;0;0;48;2;210;6;6m▇[38;2;251;0;0;48;2;250;0;0m┈[48;2;251;0;0m [38;2;142;6;6;48;2;242;2;2m▗[38;2;103;4;4;48;2;188;8;8m▌[38;2;51;1;1;48;2;173;5;4m▖[38;2;237;4;4;48;2;225;2;2m┈[48;2;251;0;0m    [38;2;225;9;9m▁[38;2;218;11;11m▁[38;2;242;2;1;48;2;184;6;5m▉[38;2;102;4;4;48;2;218;6;6m▋[0m[38;2;208;5;5m▊[7m[38;2;109;4;4m▊[0m[38;2;187;7;6;48;2;244;2;2m▏[38;2;60;3;3;48;2;229;3;3m▗[0m[38;2;93;4;4m▘   [0m
[38;2;47;1;1;48;2;206;3;2m▍[38;2;205;1;1;48;2;95;2;2m╴[0m  [38;2;216;9;9;48;2;62;4;4m▗[38;2;83;2;2;48;2;40;1;1m╴[0m [38;2;23;211;211m▗[38;2;12;148;147;48;2;12;220;219m▏[38;2;0;1;0;48;2;12;230;229m▁[38;2;18;69;69;48;2;8;243;242m▂[38;2;0;1;1;48;2;17;198;197m▁[38;2;0;23;22;48;2;9;245;244m▁[38;2;1;70;69;48;2;4;250;249m▁[38;2;21;98;97;48;2;17;224;223m▝[38;2;27;53;52;48;2;193;5;5m▖[38;2;245;2;2;48;2;202;8;7m▉[38;2;122;4;4;48;2;239;3;3m▖[38;2;153;7;7;48;2;242;3;3m▗[38;2;250;0;0;48;2;247;1;1m┊[48;2;251;0;0m [38;2;251;0;0;48;2;248;1;1m┈[38;2;93;1;1;48;2;219;4;4m╹[48;2;251;0;0m [38;2;228;6;6;48;2;250;0;0m▁[38;2;251;0;0;48;2;249;0;0m┈[38;2;168;5;5;48;2;247;1;1m▗[38;2;203;12;11;48;2;240;2;2m╴[48;2;251;0;0m [38;2;251;0;0;48;2;243;2;2m▉[38;2;210;7;6;48;2;60;3;3m▘[38;2;212;4;4;48;2;81;5;4m▃[38;2;242;1;1;48;2;175;4;4m▇[48;2;251;0;0m  [38;2;251;0;0;48;2;250;0;0m┈[38;2;82;4;4;48;2;234;2;2m▗[38;2;12;0;0;48;2;186;4;4m▅[38;2;3;0;0;48;2;122;6;6m▇[38;2;2;0;0;48;2;102;3;3m▇[38;2;6;0;0;48;2;166;5;5m▖[38;2;222;6;6;48;2;125;4;4m▍[0m[38;2;143;8;8m▊[38;2;50;1;1;48;2;209;4;4m▘[38;2;64;2;2;48;2;222;4;4m▗[0m[38;2;201;6;6m▗[38;2;230;6;6m▖   [0m
[7m[38;2;59;1;1m╴[0m[38;2;202;3;3;48;2;65;2;2m▚[0m  [38;2;59;2;2;48;2;222;5;5m▍[38;2;229;7;6;48;2;81;1;1m▌[38;2;168;7;7;48;2;31;3;3m▅[38;2;24;180;179;48;2;4;13;13m▝[38;2;34;137;136;48;2;10;55;54m╺[38;2;31;204;203;48;2;7;45;44m▗[38;2;18;219;218;48;2;2;13;13m▃[38;2;19;240;239;48;2;8;47;46m▗[38;2;15;207;206;48;2;12;65;64m▆[38;2;6;44;43;48;2;28;149;148m╺[38;2;3;17;17;48;2;29;130;129m▁[38;2;22;37;37;48;2;87;3;3m▇[38;2;27;1;1;48;2;216;3;3m▃[38;2;164;6;6;48;2;67;3;3m▍[38;2;71;4;3;48;2;211;6;6m▖[38;2;204;4;4;48;2;247;1;1m▏[38;2;251;0;0;48;2;246;1;1m┈[48;2;239;2;2m┈[38;2;243;3;3;48;2;251;0;0m▁[38;2;249;0;0;48;2;250;0;0m┈[38;2;215;7;6;48;2;102;4;4m▍[38;2;208;15;14;48;2;241;3;3m▏[38;2;114;5;4;48;2;212;8;8m▊[38;2;251;0;0;48;2;249;1;1m┊[48;2;251;0;0m [48;2;245;2;2m▉[38;2;246;2;2;48;2;102;5;4m▄[38;2;250;0;0;48;2;243;2;2m┊[48;2;251;0;0m [38;2;251;0;0;48;2;250;0;0m┈[38;2;97;5;5;48;2;239;1;1m▂[38;2;23;1;1;48;2;186;5;5m▅[38;2;0;0;0;48;2;4;0;0m┈[48;2;0;0;0m   [38;2;8;0;0;48;2;135;6;6m▊[38;2;210;17;16;48;2;245;1;1m▏[38;2;222;5;5;48;2;117;10;9m▅[38;2;200;5;5;48;2;244;1;1m▏[38;2;213;8;8;48;2;110;4;4m▌[38;2;250;1;1;48;2;241;2;2m┊[0m[38;2;202;7;7m▋   [0m
  [38;2;62;4;4m▝[38;2;153;10;10;48;2;37;2;2m▆[38;2;158;7;7;48;2;246;1;1m▘[38;2;197;6;6;48;2;243;2;2m╵[38;2;246;1;1;48;2;204;5;5m▉[38;2;187;6;6;48;2;26;1;1m▖[38;2;4;18;18;48;2;26;106;105m▇[38;2;3;19;19;48;2;19;154;153m▃[38;2;5;54;53;48;2;21;203;203m▁[38;2;19;104;103;48;2;34;191;190m▚[38;2;12;92;91;48;2;38;167;166m▍[38;2;44;31;31;48;2;147;9;9m▍[38;2;46;0;0;48;2;164;8;8m╸[38;2;114;9;9;48;2;33;108;108m▎[38;2;29;144;143;48;2;9;45;44m▂[38;2;0;0;0;48;2;0;1;1m┈[38;2;145;6;6;48;2;3;0;0m▝[38;2;13;0;0;48;2;233;5;4m▄[38;2;87;5;5;48;2;176;5;5m▅[38;2;49;0;0;48;2;229;3;3m▁[38;2;117;4;4;48;2;187;4;4m┏[38;2;231;7;7;48;2;249;0;0m▎[38;2;34;0;0;48;2;211;5;4m▝[38;2;239;4;4;48;2;96;4;4m▝[38;2;40;0;0;48;2;154;6;6m▁[38;2;116;5;5;48;2;213;7;7m╸[38;2;232;8;8;48;2;248;1;1m▁[38;2;238;6;6;48;2;251;0;0m▁[38;2;206;13;13m▁[38;2;66;1;1;48;2;240;2;2m▁[38;2;39;1;1;48;2;232;2;2m▃[38;2;66;5;5;48;2;194;5;5m▆[38;2;166;8;7;48;2;57;4;4m▂[38;2;157;9;9;48;2;19;1;1m▖[48;2;0;0;0m    [38;2;32;1;1;48;2;172;6;6m▋[38;2;234;6;6;48;2;250;0;0m▏[38;2;157;9;8;48;2;232;4;4m╻[38;2;245;1;1;48;2;250;0;0m╶[38;2;215;6;6;48;2;118;5;5m▍[38;2;247;1;1;48;2;227;4;4m┊[0m[38;2;185;5;4m▘   [0m
 [38;2;0;0;0m [0m [7m[38;2;161;7;7m▖[0m[38;2;251;0;0;48;2;250;0;0m┊[48;2;251;0;0m [48;2;247;1;1m┊[38;2;221;4;4;48;2;60;3;3m▘[38;2;15;101;100;48;2;7;15;15m▁[38;2;19;198;197;48;2;0;5;4m▃[38;2;37;216;215;48;2;8;52;51m╺[38;2;20;145;144;48;2;4;24;24m▖[38;2;8;46;45;48;2;33;170;169m▖[38;2;47;184;183;48;2;28;135;134m┵[38;2;32;153;152;48;2;5;42;41m▇[38;2;41;229;228;48;2;25;128;127m━[38;2;7;53;53;48;2;20;229;228m▂[38;2;20;95;94;48;2;2;21;20m▏[38;2;0;1;1;48;2;19;185;184m▂[38;2;30;115;114;48;2;6;11;11m▏[38;2;17;1;1;48;2;165;9;9m▂[38;2;63;4;3;48;2;212;8;8m▖[38;2;102;4;4;48;2;243;2;2m▁[38;2;177;7;7;48;2;249;1;1m▁[38;2;250;0;0;48;2;251;0;0m╴[38;2;251;0;0;48;2;243;1;1m┈[38;2;231;5;5;48;2;54;2;2m▆[38;2;180;11;10;48;2;42;0;0m▅[38;2;149;11;10;48;2;54;2;2m▄[38;2;174;12;12;48;2;42;1;1m▂[38;2;136;7;7;48;2;16;0;0m▁[38;2;23;0;0;48;2;1;0;0m▁[48;2;0;0;0m [38;2;5;0;0;48;2;130;9;9m▇[38;2;9;0;0;48;2;184;16;15m▇[38;2;0;0;0;48;2;2;0;0m┈[48;2;0;0;0m [48;2;8;0;0m┈[38;2;178;7;6m▂[38;2;220;4;4;48;2;51;2;2m▄[38;2;171;6;6;48;2;231;4;3m▃[38;2;164;7;6;48;2;221;4;4m┙[38;2;243;1;1;48;2;188;4;4m▇[38;2;251;0;0;48;2;250;0;0m┈[0m[7m[38;2;149;4;4m▗[38;2;97;10;10m▇[0m[38;2;4;1;1m    [0m
 [38;2;0;0;0m  [0m [7m[38;2;203;4;3m▄[0m[38;2;72;3;3;48;2;241;1;1m▂[38;2;162;8;8;48;2;236;4;4m╺[38;2;120;7;6;48;2;23;1;1m▏[38;2;0;12;12;48;2;25;179;178m▍[38;2;22;118;117;48;2;11;237;236m╾[38;2;25;123;122;48;2;20;224;223m─[38;2;23;196;195;48;2;0;18;18m▇[38;2;21;200;199;48;2;8;49;48m▅[38;2;11;237;236;48;2;23;107;106m▄[38;2;13;116;115;48;2;9;191;190m╹[38;2;11;105;104;48;2;10;189;188m╹[38;2;10;228;227;48;2;5;25;24m▅[38;2;7;247;246;48;2;4;25;25m▅[38;2;13;241;240;48;2;0;24;23m▆[38;2;28;226;225;48;2;6;39;38m╸[38;2;21;193;192;48;2;3;16;16m▗[38;2;21;174;173;48;2;14;23;23m▖[38;2;165;10;9;48;2;48;2;2m┏[38;2;142;8;7;48;2;36;1;1m▝[38;2;81;3;3;48;2;236;3;3m▄[38;2;250;0;0;48;2;244;1;1m┊[38;2;246;1;1;48;2;179;8;8m▆[38;2;62;1;1;48;2;195;6;6m╺[38;2;75;3;3;48;2;185;7;6m▃[38;2;126;6;5;48;2;183;8;7m┗[38;2;133;5;5;48;2;176;9;9m▃[38;2;105;4;4;48;2;186;7;7m▁[38;2;203;7;6;48;2;39;0;0m▇[38;2;205;6;6;48;2;52;1;1m▆[38;2;209;6;6;48;2;32;0;0m▆[38;2;211;6;6;48;2;53;0;0m▆[38;2;206;5;5;48;2;41;0;0m▇[38;2;151;7;7;48;2;229;4;4m━[38;2;193;6;6;48;2;225;4;4m▘[38;2;81;3;3;48;2;206;5;5m▁[38;2;65;2;2;48;2;221;4;4m▃[38;2;80;2;2;48;2;200;5;4m━[38;2;248;1;1;48;2;223;4;4m┈[38;2;60;36;36;48;2;203;4;4m▄[0m[38;2;21;157;156m▅[38;2;16;198;197m▄[38;2;15;107;106m▂   [0m
 [38;2;0;0;0m  [0m [7m[38;2;85;6;5m▄[0m[38;2;139;8;8m━[38;2;136;20;17;48;2;39;1;1m╴[38;2;8;0;0;48;2;148;9;9m▅[38;2;1;0;0;48;2;15;4;4m┊[38;2;97;11;11;48;2;21;185;184m▆[38;2;3;17;17;48;2;27;184;183m▅[38;2;23;164;163;48;2;7;50;49m━[38;2;0;5;5;48;2;25;208;207m▃[38;2;0;9;9;48;2;28;202;201m▃[38;2;0;3;3;48;2;25;200;199m▃[38;2;4;25;24;48;2;35;200;199m▄[38;2;1;6;5;48;2;22;173;172m▆[38;2;0;2;2;48;2;39;211;210m▇[38;2;25;212;211;48;2;4;26;26m▗[38;2;12;238;237;48;2;5;27;27m▃[38;2;12;243;242;48;2;15;96;95m▝[38;2;10;61;61;48;2;14;222;221m▝[38;2;22;207;206;48;2;1;10;10m▂[38;2;13;9;9;48;2;134;8;8m▋[38;2;233;6;6;48;2;86;4;4m▘[38;2;147;6;6;48;2;242;3;3m▎[48;2;251;0;0m  [38;2;244;1;1;48;2;152;5;5m▇[38;2;237;2;2;48;2;82;3;3m▄[38;2;52;1;1;48;2;182;6;5m╾[38;2;188;4;4;48;2;79;2;2m▇[38;2;233;3;2;48;2;101;4;4m▄[38;2;13;0;0;48;2;189;4;4m━[38;2;77;3;3;48;2;223;4;4m▅[38;2;70;2;2;48;2;229;3;3m▅[38;2;12;0;0;48;2;184;4;4m━[38;2;25;0;0;48;2;191;4;4m━[38;2;225;4;4;48;2;63;2;2m▄[38;2;167;5;5;48;2;20;0;0m▆[38;2;41;59;59;48;2;214;4;4m▃[38;2;16;201;200;48;2;164;7;7m▃[38;2;11;243;242;48;2;55;25;24m▄[38;2;13;75;74;48;2;16;190;189m▚[38;2;7;53;52;48;2;15;213;212m▃[38;2;13;229;228;48;2;17;125;124m▄[38;2;11;80;79;48;2;17;189;188m▗[0m[7m[38;2;17;181;180m▝[0m [38;2;14;101;101m [0m
 [38;2;0;0;0m     [0m [7m[38;2;74;5;5m▖[0m[38;2;190;8;8;48;2;52;2;2m▖[38;2;109;9;8;48;2;11;0;0m▝[38;2;7;0;0;48;2;0;0;0m▏   [38;2;16;132;131;48;2;1;6;6m▗[38;2;10;236;235;48;2;3;18;18m▄[38;2;6;247;246;48;2;0;16;15m▅[38;2;7;246;245;48;2;0;10;10m▅[38;2;6;238;237;48;2;14;171;170m▇[38;2;3;28;27;48;2;5;245;244m▁[38;2;8;250;249;48;2;15;96;95m▘[38;2;18;127;126;48;2;8;238;237m▏[38;2;2;251;250;48;2;33;231;230m▉[38;2;23;148;147;48;2;1;9;8m▎[38;2;39;2;2;48;2;161;6;6m▌[38;2;111;4;4;48;2;234;2;2m▄[38;2;52;1;1;48;2;221;4;3m╸[38;2;251;0;0;48;2;249;0;0m┈[38;2;68;3;2;48;2;240;1;1m▁[38;2;77;3;3;48;2;248;1;1m▃[38;2;250;0;0;48;2;244;2;2m┊[38;2;172;7;7;48;2;25;0;0m▌[38;2;7;0;0;48;2;168;4;4m▅[38;2;20;0;0;48;2;223;3;3m▃[38;2;100;4;4;48;2;247;1;1m▂[38;2;251;0;0m┈[48;2;249;0;0m▇[38;2;73;7;7;48;2;239;2;2m▗[38;2;16;194;193;48;2;119;34;34m▅[38;2;5;248;247;48;2;27;102;101m▇[38;2;5;240;239;48;2;17;120;119m▅[38;2;12;81;80;48;2;13;211;210m╾[38;2;12;86;85;48;2;5;245;244m▂[38;2;19;123;122;48;2;15;229;228m┎[38;2;11;234;233;48;2;11;71;70m▄[38;2;7;249;248;48;2;10;65;65m▃[38;2;7;75;74;48;2;16;235;234m╾[38;2;17;98;98;48;2;11;230;229m▘[0m[38;2;15;221;220m▋ [0m
 [38;2;0;0;0m       [7m[38;2;63;6;5m▆[0m [7m[38;2;0;0;0m╴[0m[38;2;122;9;8;48;2;11;1;1m▃[38;2;18;0;0;48;2;1;0;0m▏[38;2;2;9;9;48;2;22;100;99m▉[38;2;0;10;10;48;2;15;228;227m▁[38;2;13;89;88;48;2;12;202;201m┏[38;2;16;75;74;48;2;11;234;233m━[38;2;2;47;47;48;2;14;223;223m╾[38;2;5;48;47;48;2;17;224;223m▂[38;2;6;58;57;48;2;17;164;163m▍[38;2;10;221;220;48;2;12;75;74m▇[38;2;15;240;239;48;2;1;252;251m▁[38;2;5;250;249;48;2;30;232;231m▉[38;2;18;191;190;48;2;7;29;29m▖[38;2;155;10;9;48;2;81;7;6m╹[38;2;62;1;1;48;2;222;4;4m▂[38;2;22;0;0;48;2;239;2;2m▁[38;2;226;6;5;48;2;59;2;2m▘[38;2;116;7;6;48;2;10;0;0m╺[38;2;11;0;0;48;2;187;5;5m▂[38;2;59;2;2;48;2;227;3;3m▄[38;2;166;8;8;48;2;46;2;2m▃[38;2;27;116;115;48;2;104;5;5m▂[38;2;14;200;199;48;2;141;6;6m▃[38;2;28;143;142;48;2;130;11;10m▂[38;2;202;5;5;48;2;112;4;4m▄[38;2;114;5;5;48;2;222;5;5m▖[0m[38;2;150;8;8m▎[7m[38;2;19;151;150m▆[38;2;10;219;218m▃[0m[38;2;14;63;62;48;2;5;242;241m▁[38;2;23;161;160m▁[38;2;9;45;44;48;2;19;188;187m▝[38;2;17;218;218;48;2;3;23;22m▃[38;2;0;1;1;48;2;15;155;154m━[38;2;2;26;26;48;2;14;194;193m━[38;2;17;99;98;48;2;8;242;241m━[38;2;19;204;203;48;2;22;108;108m▉[0m [38;2;9;59;59m [0m
 [38;2;0;0;0m          [0m [7m[38;2;0;0;0m╴[0m[38;2;14;114;114;48;2;0;3;3m▂[38;2;9;230;229;48;2;7;47;47m▄[38;2;0;252;251;48;2;3;244;243m┈[48;2;0;252;251m  [38;2;16;222;221;48;2;7;45;45m▋[38;2;12;90;89;48;2;17;227;226m▎[38;2;18;105;104;48;2;16;219;219m▝[38;2;11;92;91;48;2;20;192;191m▎[38;2;19;108;107;48;2;22;170;169m┃[38;2;17;200;199;48;2;22;120;119m▊[38;2;1;15;14;48;2;26;154;153m▝[38;2;0;12;12;48;2;1;1;1m╴[38;2;227;5;5;48;2;73;4;4m▗[38;2;239;2;2;48;2;19;0;0m▅[38;2;230;2;2;48;2;7;0;0m▅[38;2;223;3;3;48;2;24;0;0m▆[38;2;46;2;1;48;2;203;4;4m▂[38;2;72;23;23;48;2;27;182;181m▌[38;2;0;252;251;48;2;3;249;248m┊[48;2;0;252;251m [48;2;4;243;242m┈[38;2;13;215;214;48;2;115;41;41m▄[38;2;62;74;73;48;2;195;5;5m▂[0m[38;2;198;7;6m▖[0m [38;2;0;0;0m [0m  [7m[38;2;18;230;229m▆[38;2;11;214;213m▄[38;2;8;241;240m▄[38;2;10;228;227m▄[38;2;13;197;196m▅[0m [38;2;0;2;2m  [0m
 [38;2;0;0;0m       [0m [38;2;28;198;197m▁[38;2;13;204;203m▃[38;2;7;241;240m▄[38;2;5;243;242;48;2;8;61;61m▆[38;2;0;252;251;48;2;3;248;247m┈[48;2;0;252;251m  [38;2;19;102;101;48;2;4;246;245m▁[38;2;6;31;31;48;2;8;228;227m▃[38;2;16;139;139;48;2;5;30;30m▘[38;2;0;0;0;48;2;0;8;7m▇▇[48;2;0;5;5m▇[48;2;1;5;5m┈[48;2;24;106;105m▇[48;2;23;102;102m▇[48;2;0;0;0m [38;2;1;0;0;48;2;85;4;4m▇[38;2;15;0;0;48;2;240;3;3m▇[38;2;15;1;0;48;2;241;3;3m▇[38;2;2;0;0;48;2;108;5;4m▇[38;2;0;0;0;48;2;1;8;8m┈[38;2;20;146;145;48;2;6;30;30m▝[38;2;9;57;56;48;2;7;240;239m▃[38;2;0;252;251;48;2;4;241;240m┈[48;2;0;252;251m  [48;2;4;243;242m┈[38;2;5;247;246;48;2;63;58;57m▅[0m[38;2;9;239;238m▃[38;2;20;179;179m▂[0m [38;2;11;55;54m         [0m
 [38;2;0;0;0m     [0m [7m[38;2;16;128;127m▄[38;2;8;188;187m▃[38;2;8;228;227m▃[38;2;8;230;229m▃[38;2;2;220;219m▃[38;2;3;250;249m▄[0m[38;2;135;6;5;48;2;5;149;149m▂[38;2;108;3;3;48;2;11;211;210m▅[38;2;124;5;5;48;2;7;60;59m▃[38;2;0;0;0;48;2;0;2;2m┈[38;2;0;2;2;48;2;10;84;83m▉[38;2;27;154;153;48;2;12;235;234m▏[38;2;6;239;238;48;2;8;50;50m▅[38;2;16;176;175;48;2;1;8;7m▖[38;2;29;139;138;48;2;1;8;8m▃[38;2;33;125;124;48;2;9;3;3m▖[38;2;204;13;13;48;2;3;0;0m▁[38;2;228;9;9;48;2;10;0;0m▁[38;2;211;11;11;48;2;6;0;0m▁[38;2;109;5;5;48;2;0;0;0m▁[38;2;21;105;105;48;2;1;6;6m▗[38;2;29;170;169;48;2;0;0;0m▃[38;2;14;216;215;48;2;4;23;23m▃[38;2;16;118;117;48;2;8;242;241m▘[38;2;23;175;174;48;2;2;14;14m▍[48;2;0;0;0m [38;2;17;7;7;48;2;78;36;35m▉[38;2;90;9;9;48;2;12;213;212m▆[38;2;63;23;23;48;2;7;248;247m▅[38;2;14;87;86;48;2;10;142;141m┈[0m[7m[38;2;4;250;249m▃[38;2;4;231;230m▂[38;2;6;234;233m▂[38;2;9;225;224m▂[38;2;7;188;187m▃[0m[38;2;23;225;224m━[38;2;21;107;107m╸      [0m
 [38;2;0;0;0m            [38;2;122;5;5m▝[7m[38;2;221;2;2m▂[0m[38;2;251;0;0;48;2;233;2;2m╴[38;2;237;2;2;48;2;37;1;1m▄[38;2;234;4;4;48;2;4;0;0m▃[38;2;15;152;152;48;2;121;12;12m▝[38;2;184;4;4;48;2;13;219;218m▅[38;2;186;13;13;48;2;15;130;129m▇[38;2;231;3;3;48;2;39;3;3m▇[38;2;42;1;1;48;2;229;3;3m▁[38;2;60;2;2;48;2;248;1;1m▃[38;2;23;0;0;48;2;242;3;3m▃[38;2;48;1;1;48;2;248;1;1m▃[38;2;83;3;3;48;2;244;2;2m▂[38;2;236;2;2;48;2;90;5;5m▇[38;2;245;1;1;48;2;55;31;31m▅[38;2;189;8;8;48;2;15;236;235m▅[38;2;145;4;4;48;2;13;134;133m▅[38;2;236;4;4;48;2;6;0;0m▃[38;2;237;2;2;48;2;24;1;1m▄[38;2;243;1;1;48;2;129;4;4m▆[38;2;95;3;3;48;2;243;1;1m▂[0m[7m[38;2;197;3;3m▄[0m [38;2;3;0;0m             [0m
 [38;2;0;0;0m              [7m[38;2;140;6;6m▇[38;2;203;5;5m▆[38;2;149;4;4m▃[0m[38;2;123;5;5;48;2;198;4;3m▁[38;2;180;8;7;48;2;214;3;3m╵[38;2;216;4;4;48;2;156;5;5m▅[38;2;55;2;2;48;2;168;6;6m▝[38;2;239;2;2;48;2;84;4;3m▆[38;2;250;0;0;48;2;205;12;12m▇[48;2;181;12;11m▇[48;2;201;13;12m▇[38;2;230;2;2;48;2;96;4;3m▆[38;2;182;7;7;48;2;109;4;4m▇[38;2;184;5;5;48;2;219;3;3m╹[38;2;152;7;6;48;2;232;2;2m╍[38;2;74;4;4;48;2;203;4;4m▁[0m[7m[38;2;221;2;2m▄[38;2;215;3;3m▅[38;2;191;4;4m▇[0m [38;2;0;0;0m               [0m
 [38;2;0;0;0m                 [0m [7m[38;2;125;7;7m▆[38;2;127;4;4m▃[0m[38;2;251;0;0;48;2;239;1;1m┈[48;2;251;0;0m     [38;2;160;5;5;48;2;232;3;3m▁[0m[7m[38;2;141;5;5m▅[38;2;130;5;4m▆[0m [38;2;0;0;0m                   [0m
 [38;2;0;0;0m                    [7m[38;2;90;5;5m▇[38;2;221;5;4m▆[38;2;247;1;1m▆[38;2;237;6;6m▆[38;2;247;1;1m▆[38;2;211;4;4m▆[38;2;74;3;3m▇[0m[38;2;1;0;0m                      [0m[u[0m [38;2;0;0;0m                               [0m [38;2;168;11;11m▁[0m [38;2;0;0;0m           [38;2;128;8;8m▂[0m [38;2;0;0;0m  [0m
 [38;2;0;0;0m                         [0m [38;2;169;6;5m▂[38;2;201;3;3m▄[38;2;214;4;4m▅[38;2;150;4;4m▆[7m[38;2;152;5;4m▃[38;2;170;7;7m▄[38;2;132;9;9m▆[0m [38;2;0;0;0m   [0m  [38;2;0;0;0m   [0m [38;2;148;5;4m▃[38;2;221;5;4m▅[7m[38;2;166;8;7m▗[0m [38;2;11;1;1m  [0m
 [38;2;0;0;0m                       [0m [38;2;214;2;2m▄[38;2;241;1;1;48;2;103;4;4m▇[38;2;250;0;0;48;2;245;0;0m▇[38;2;37;0;0;48;2;217;5;4m▗[0m[38;2;73;3;2m▘       [38;2;137;4;4m▗[38;2;74;3;3;48;2;194;7;6m▚[0m [38;2;0;0;0m   [7m[38;2;174;5;5m▍[0m[38;2;86;6;6;48;2;239;2;2m▗[0m[38;2;145;4;4m▘    [0m
   [38;2;0;0;0m            [0m [38;2;0;0;0m        [7m[38;2;107;5;5m▋[0m[38;2;251;0;0;48;2;236;2;2m┊[48;2;251;0;0m  [38;2;231;2;2;48;2;155;3;3m▉[0m[38;2;185;5;5m▖[7m[38;2;54;2;1m▉[0m[38;2;103;8;7m▖    [7m[38;2;81;3;3m▉[0m[38;2;133;5;5;48;2;233;2;2m▏[0m[38;2;203;7;6m▌    [38;2;137;6;5m▝[38;2;148;9;9m▌     [0m
   [38;2;188;4;4;48;2;24;1;1m▗[0m[38;2;0;0;0m╴[0m [38;2;0;0;0m        [7m[38;2;151;6;6m▌[0m[38;2;88;6;5m▍     [7m[38;2;89;6;6m▊[0m[38;2;177;11;11m▖  [38;2;98;4;4m▝[7m[38;2;223;4;4m▖[0m[38;2;35;1;1;48;2;251;0;0m  [38;2;251;0;0;48;2;245;1;1m┈[0m[38;2;238;1;1m▇[38;2;185;5;4m▌  [0m [38;2;92;6;6m▁[0m [7m[38;2;209;7;6m▃[0m[38;2;74;3;2m▘  [0m [38;2;53;2;2m▁       [0m
 [38;2;0;0;0m  [48;2;163;5;5m▋[38;2;241;0;0;48;2;141;2;2m▇[38;2;151;3;3;48;2;62;0;0m╴[0m [38;2;0;0;0m       [7m[38;2;206;5;5m▎[38;2;112;3;3m▝[0m [38;2;0;0;0m     [38;2;197;6;5m▝[7m[38;2;201;3;3m▝[0m[38;2;107;3;3m▖[0m [7m[38;2;169;5;4m▘[0m[38;2;250;0;0;48;2;251;0;0m▏   [38;2;251;0;0;48;2;243;1;1m┈[0m[38;2;230;1;1m▆[38;2;228;3;3m▅[38;2;78;3;3;48;2;232;3;3m▘[38;2;234;2;2;48;2;138;8;8m▉[0m[38;2;57;2;2m▖ [0m [38;2;109;7;6m▄[0m [7m[38;2;91;4;3m▉[0m[38;2;198;8;7;48;2;35;2;2m▋[0m[38;2;198;8;7m       [0m
 [38;2;0;0;0m  [0m [38;2;6;0;0;48;2;127;2;2m╴[38;2;251;0;0;48;2;220;1;1m┈[38;2;62;7;7;48;2;27;1;1m╴[0m[38;2;62;7;7m       [38;2;143;5;5m▝[38;2;102;5;5;48;2;241;2;2m▖[0m[7m[38;2;213;3;3m▝[0m[38;2;106;6;5m▖  [7m[38;2;141;8;7m▌[0m[38;2;227;3;3m▃[7m[38;2;209;2;2m▘[0m[38;2;251;0;0;48;2;250;0;0m┈[48;2;244;1;1m┈[38;2;249;1;1;48;2;120;5;4m▇[48;2;251;0;0m      [38;2;80;4;4;48;2;236;2;2m▗[0m[7m[38;2;157;6;6m▅[38;2;119;7;7m▋[38;2;185;5;5m▃[0m [38;2;80;4;4m▁[7m[38;2;226;3;3m▘[0m[38;2;173;5;4m▋[0m [38;2;39;1;1;48;2;147;9;9m▍[0m[38;2;97;4;4m▘[7m[38;2;129;6;6m▊[38;2;153;6;6m▝[0m [38;2;0;0;0m  [0m [7m[38;2;122;7;7m▘[0m
 [38;2;0;0;0m   [0m [7m[38;2;33;1;1m╴[0m[38;2;185;4;4;48;2;16;0;0m▘[0m[38;2;129;8;8m▂      [38;2;44;7;6m▁[0m [38;2;117;4;4;48;2;234;3;3m▎[38;2;207;4;4;48;2;52;0;0m▉[0m[38;2;62;7;7m▁[0m [7m[38;2;200;5;5m▘[0m[38;2;247;0;0;48;2;251;0;0m▆▆▆▆▆▆▆▆▆▆[38;2;156;6;6;48;2;239;2;2m╺[38;2;226;2;2;48;2;61;2;2m▄[0m[38;2;174;6;6m▊[0m [38;2;140;6;6m▂[38;2;195;3;3m▄[38;2;126;4;4;48;2;243;1;1m▘[38;2;248;0;0;48;2;251;0;0m▄[38;2;247;0;0;48;2;228;3;3m╴[0m[38;2;57;4;4m▍ [38;2;85;4;4m▁[7m[38;2;204;4;4m▘[0m[38;2;249;0;0;48;2;242;2;2m┊[0m[38;2;111;6;5m▌  [7m[38;2;179;6;6m▌[0m[38;2;221;5;5m▋[0m
[38;2;145;15;14m╻[0m [38;2;0;0;0m    [0m [7m[38;2;112;4;4m▖[0m[38;2;205;5;5m▆[38;2;158;5;5m▃[0m [38;2;0;0;0m   [7m[38;2;61;3;3m▌[0m[38;2;105;8;7;48;2;36;2;2m╾[38;2;121;7;6;48;2;231;3;3m▏[38;2;147;6;6;48;2;238;2;2m▝[38;2;196;6;6;48;2;108;5;5m▊[38;2;223;5;5;48;2;66;3;3m▗[38;2;247;0;0;48;2;242;1;1m┊[48;2;247;0;0m     [48;2;246;0;0m┈┈[48;2;247;0;0m  [48;2;240;1;1m┈[48;2;237;2;2m┈[48;2;247;0;0m [48;2;226;7;7m▇[48;2;197;12;11m▇[48;2;246;0;0m┈[48;2;247;0;0m  [48;2;245;0;0m▊[0m[7m[38;2;195;5;5m▗[0m  [7m[38;2;185;5;4m▏[38;2;232;2;2m▃[0m[38;2;182;4;4m▘[38;2;66;7;6m▖  [7m[38;2;189;6;6m▍[0m[38;2;212;4;4m▉[0m
[7m[38;2;163;7;7m▖[0m[38;2;184;6;6m▖[38;2;70;5;4m▝[38;2;125;7;7m▆[38;2;72;5;4m▖[38;2;151;11;11;48;2;40;2;2m▗[0m[38;2;85;6;6m▁[0m [38;2;161;6;6m▝[38;2;183;5;5;48;2;237;3;2m▏[0m[7m[38;2;162;4;4m▝[38;2;30;1;1m▊[0m[38;2;140;12;11m▖[0m [7m[38;2;161;7;7m▘[0m[38;2;37;1;1;48;2;121;8;7m▉[38;2;247;0;0;48;2;231;3;3m┊[48;2;247;0;0m [38;2;244;1;1;48;2;187;5;4m▇[38;2;247;0;0;48;2;245;1;1m┈[48;2;247;0;0m    [48;2;246;0;0m┈[38;2;112;4;4;48;2;241;1;1m▂[38;2;235;3;3;48;2;84;3;3m▘[38;2;91;2;2;48;2;228;5;4m▎[38;2;63;3;3;48;2;222;2;2m▗[38;2;90;3;3;48;2;212;4;4m▅[38;2;221;6;5;48;2;77;4;3m▃[38;2;81;2;2;48;2;223;5;5m▍[48;2;247;0;0m   [38;2;33;1;1;48;2;207;5;4m▗[38;2;55;2;2;48;2;224;4;3m▖[48;2;247;0;0m [38;2;247;0;0;48;2;246;0;0m▇[38;2;56;2;2;48;2;222;4;4m▝[0m[38;2;125;4;4m▃[38;2;80;3;3;48;2;170;6;6m▗[0m[38;2;74;3;3m▘[0m [38;2;77;4;4;48;2;216;4;4m▘[0m[7m[38;2;187;5;4m▝[0m [38;2;0;0;0m [7m[38;2;78;4;4m▋[0m[38;2;168;9;8m▋[0m
 [7m[38;2;179;6;6m▄[38;2;71;4;4m▝[0m[38;2;56;2;2m▝[38;2;72;3;3;48;2;203;7;6m▖[38;2;240;2;2;48;2;95;3;3m▄[38;2;235;3;3;48;2;177;8;8m▇[38;2;227;4;4;48;2;79;3;3m▆[0m[38;2;143;5;5m▖[7m[38;2;152;4;4m▖[0m[38;2;240;2;2;48;2;177;11;10m▉[0m[38;2;69;2;2m▍[38;2;187;9;9m▝[38;2;184;6;6m▅[38;2;115;2;2;48;2;228;3;3m▏[38;2;118;4;4;48;2;241;1;1m▝[38;2;68;2;2;48;2;184;4;4m▘[38;2;175;9;8;48;2;243;1;1m▖[38;2;250;0;0;48;2;247;0;0m▁[38;2;96;3;3;48;2;238;3;3m▗[38;2;42;1;1;48;2;231;2;2m▂[38;2;160;11;10;48;2;237;2;2m▁[38;2;104;4;4;48;2;238;1;1m▂[38;2;245;1;1;48;2;214;6;6m▉[38;2;174;5;5;48;2;79;2;2m▚[38;2;237;2;2;48;2;98;3;3m▅[38;2;240;2;2;48;2;194;9;9m▇[38;2;60;1;1;48;2;142;8;7m▗[38;2;53;1;1;48;2;203;4;4m▘[38;2;248;0;0;48;2;245;1;1m┈[38;2;247;0;0m┈[38;2;124;6;5;48;2;224;8;8m▋[38;2;250;0;0;48;2;247;0;0m▁[38;2;249;0;0m▁[38;2;245;1;1;48;2;220;8;8m▉[38;2;228;3;3;48;2;49;1;1m▄[38;2;236;3;3;48;2;48;2;2m▄[38;2;197;6;6;48;2;242;2;2m▏[38;2;251;0;0;48;2;247;0;0m▁[38;2;223;7;7;48;2;232;3;3m╵[38;2;124;6;6;48;2;199;7;6m▚[38;2;223;3;3;48;2;151;3;3m▉[0m[7m[38;2;107;5;5m▚[0m[38;2;180;5;5m▆[38;2;135;6;6;48;2;244;2;1m▘[38;2;247;0;0;48;2;245;1;1m┈[0m[38;2;167;7;6m▍ [0m [38;2;0;0;0m [0m
[38;2;156;5;4m▗[38;2;67;2;2m▖  [38;2;104;4;4m▝[7m[38;2;211;3;3m▂[0m[38;2;108;4;4;48;2;248;1;0m▂[0m[7m[38;2;156;6;6m▗[0m[38;2;17;115;114;48;2;85;5;5m▂[0m[38;2;18;145;145m▁[38;2;39;168;167;48;2;160;7;6m▃[38;2;35;86;85;48;2;86;10;9m▗[0m[38;2;15;242;241m▄[38;2;15;216;215;48;2;61;5;5m▄[38;2;41;59;58;48;2;209;3;3m▖[38;2;251;0;0;48;2;249;1;1m┈[48;2;251;0;0m [48;2;238;4;3m▇[48;2;251;0;0m [48;2;239;1;1m┈[38;2;228;3;3;48;2;41;1;1m▄[38;2;181;5;5;48;2;33;2;2m▂[38;2;47;2;2;48;2;162;8;7m▌[38;2;195;3;3;48;2;232;3;3m▏[38;2;137;6;6;48;2;246;2;1m▘[38;2;251;0;0;48;2;249;0;0m▇▇[38;2;250;0;0;48;2;227;6;6m▇[38;2;251;0;0;48;2;250;0;0m┈[48;2;251;0;0m [38;2;127;5;5;48;2;239;2;2m▗[38;2;219;8;8;48;2;116;5;5m▝[38;2;50;1;1;48;2;166;5;4m▖[38;2;168;6;5;48;2;245;1;1m▘[38;2;250;0;0;48;2;251;0;0m▏[38;2;251;0;0;48;2;250;0;0m▇[48;2;251;0;0m  [38;2;197;10;9;48;2;250;0;0m▁[38;2;185;9;9m▁[38;2;240;2;2;48;2;173;6;6m▉[38;2;103;4;4;48;2;220;6;6m▋[0m[38;2;201;5;5m▊[7m[38;2;108;5;5m▊[0m[38;2;186;7;7;48;2;243;2;2m▏[0m[7m[38;2;218;3;3m▗[0m [38;2;72;4;4m   [0m
[38;2;52;1;1;48;2;213;2;2m▍[38;2;205;1;1;48;2;96;1;1m╴[0m  [38;2;219;8;8;48;2;69;5;4m▗[38;2;93;4;4;48;2;45;1;1m╴[0m [38;2;17;229;228;48;2;6;27;27m▗[38;2;18;129;128;48;2;10;221;220m▁[38;2;0;23;22;48;2;7;248;247m▂[38;2;0;21;21;48;2;7;242;241m▂[48;2;13;215;214m▂[38;2;8;58;57;48;2;4;250;249m▂[38;2;1;32;31;48;2;7;244;244m▁[38;2;1;49;48;48;2;15;208;207m▁[38;2;69;31;30;48;2;219;5;4m▌[38;2;245;2;2;48;2;198;8;8m▉[38;2;114;5;4;48;2;234;3;3m▖[38;2;149;6;6;48;2;241;3;3m▗[38;2;250;0;0;48;2;245;1;1m┊[48;2;251;0;0m [38;2;251;0;0;48;2;249;0;0m┈[38;2;232;2;2;48;2;142;5;5m▆[48;2;251;0;0m [38;2;212;5;5;48;2;249;0;0m▁[38;2;251;0;0m┈[38;2;147;6;5;48;2;246;1;1m▗[38;2;190;11;11;48;2;241;2;2m╴[48;2;251;0;0m [38;2;250;0;0;48;2;242;2;2m▉[38;2;199;6;6;48;2;56;2;2m▘[38;2;209;4;4;48;2;71;5;5m▄[38;2;251;0;0;48;2;238;1;1m┈[48;2;251;0;0m  [48;2;249;0;0m┈[38;2;57;2;2;48;2;224;2;2m▗[38;2;19;0;0;48;2;197;5;5m▆[38;2;1;0;0;48;2;56;1;1m▇[38;2;0;0;0;48;2;7;0;0m┈[38;2;2;0;0;48;2;154;5;5m▖[38;2;211;5;5;48;2;121;4;4m▌[0m[38;2;140;8;8m▊[38;2;85;4;4;48;2;228;4;4m▍[38;2;211;4;4;48;2;66;3;3m▊[0m[38;2;221;4;4m▗[38;2;229;5;5m▖   [0m
 [38;2;200;2;2;48;2;55;3;3m▚[0m[38;2;46;2;2m▁[0m [38;2;70;2;2;48;2;228;4;4m▍[38;2;229;7;6;48;2;88;1;1m▌[38;2;178;6;6;48;2;55;4;3m▅[38;2;23;148;147;48;2;3;9;9m▝[38;2;24;95;94;48;2;10;57;56m╻[38;2;32;222;221;48;2;7;57;56m╾[38;2;15;205;204;48;2;0;2;2m▄[38;2;18;237;236;48;2;8;60;59m▗[38;2;16;199;198;48;2;5;34;33m▇[38;2;34;227;226;48;2;22;111;110m▘[38;2;33;198;197;48;2;17;95;94m╹[38;2;17;44;44;48;2;75;3;3m▇[38;2;38;2;2;48;2;224;3;3m▄[38;2;187;7;7;48;2;67;4;3m▘[38;2;54;2;2;48;2;211;6;5m▖[38;2;211;3;2;48;2;247;1;1m▏[38;2;251;0;0;48;2;243;1;1m┊[38;2;250;0;0;48;2;238;2;2m┊[38;2;236;5;5;48;2;250;0;0m▁[38;2;249;0;0m┈[38;2;210;7;7;48;2;95;4;3m▍[38;2;208;14;13;48;2;240;3;3m▏[38;2;110;4;4;48;2;215;8;8m▊[38;2;251;0;0;48;2;249;0;0m┊[48;2;251;0;0m [48;2;250;0;0m┈[38;2;239;2;2;48;2;93;4;4m▅[38;2;224;6;6;48;2;247;1;1m▏[48;2;251;0;0m [38;2;251;0;0;48;2;250;0;0m┈[38;2;70;3;3;48;2;231;2;1m▂[38;2;197;5;5;48;2;29;1;1m▘[38;2;0;0;0;48;2;1;0;0m┈[48;2;0;0;0m   [38;2;8;0;0;48;2;129;5;5m▊[38;2;208;17;16;48;2;247;1;1m▏[38;2;228;3;3;48;2;130;9;8m▅[38;2;251;0;0;48;2;240;2;2m┊[38;2;86;2;2;48;2;193;8;8m▝[38;2;250;0;0;48;2;243;2;2m┊[0m[38;2;201;7;7m▋   [0m
  [38;2;69;4;4m▝[38;2;160;11;10;48;2;60;5;4m▆[38;2;159;6;6;48;2;248;1;1m▘[38;2;208;5;4;48;2;245;1;1m╵[38;2;251;0;0;48;2;243;2;1m╴[38;2;205;4;4;48;2;34;1;1m▖[38;2;3;12;12;48;2;25;103;102m▇[38;2;1;7;7;48;2;18;156;155m▃[38;2;0;17;16;48;2;18;194;193m▁[38;2;9;71;70;48;2;29;159;158m╿[38;2;15;95;94;48;2;35;160;159m▍[38;2;46;36;35;48;2;151;9;9m▍[38;2;42;2;2;48;2;165;9;8m▁[38;2;112;13;13;48;2;33;111;111m▎[38;2;25;153;152;48;2;12;57;57m▂[38;2;0;0;0;48;2;0;1;1m┈[38;2;123;5;4;48;2;2;0;0m▝[38;2;25;1;1;48;2;246;1;1m▅[38;2;40;0;0;48;2;140;8;7m┓[38;2;80;1;1;48;2;239;2;2m▂[38;2;205;4;4;48;2;133;5;5m▚[38;2;231;7;7;48;2;250;0;0m▎[38;2;39;1;1;48;2;223;3;3m▝[38;2;233;4;4;48;2;94;4;4m▝[38;2;49;2;1;48;2;160;6;5m▂[38;2;95;3;3;48;2;207;6;6m╸[38;2;214;15;14;48;2;248;1;1m▁[38;2;221;11;11;48;2;251;0;0m▁[38;2;146;9;9;48;2;250;0;0m▁[38;2;80;3;3;48;2;247;1;1m▂[38;2;19;0;0;48;2;220;2;2m▃[38;2;68;4;4;48;2;167;4;4m▆[38;2;192;7;7;48;2;63;4;4m▂[38;2;143;7;7;48;2;26;2;2m▖[48;2;0;0;0m    [38;2;215;6;5;48;2;54;2;2m▗[38;2;251;0;0;48;2;248;1;1m┊[38;2;160;9;8;48;2;229;4;4m╻[38;2;246;1;1;48;2;250;0;0m╶[38;2;218;6;6;48;2;120;5;4m▍[38;2;128;7;7;48;2;233;3;3m▁[0m[38;2;169;5;5m▘   [0m
 [38;2;0;0;0m [0m [7m[38;2;153;5;5m▖[0m[38;2;244;2;2;48;2;250;0;0m▏[48;2;251;0;0m [38;2;250;0;0;48;2;223;7;7m▉[38;2;209;5;5;48;2;51;2;2m▘[38;2;18;122;121;48;2;5;2;1m▗[38;2;15;223;222;48;2;3;13;12m▃[38;2;27;233;232;48;2;8;62;62m╺[38;2;30;216;215;48;2;3;30;29m╸[38;2;3;34;33;48;2;28;167;166m▖[38;2;10;89;88;48;2;30;161;160m╴[38;2;31;181;180;48;2;24;136;135m┳[38;2;23;164;163;48;2;23;127;127m▆[38;2;5;36;35;48;2;18;223;223m▂[38;2;19;90;90;48;2;1;20;19m▏[38;2;0;14;14;48;2;24;215;214m▃[38;2;30;115;115;48;2;6;11;11m▏[38;2;32;2;2;48;2;175;8;7m▃[38;2;57;3;3;48;2;212;7;7m▖[38;2;54;3;3;48;2;238;1;1m▁[38;2;124;6;6;48;2;247;1;1m▁[38;2;249;0;0;48;2;251;0;0m╴[38;2;251;0;0;48;2;247;1;1m┈[38;2;221;5;4;48;2;31;1;1m▇[38;2;179;8;8;48;2;13;0;0m▆[38;2;139;9;8;48;2;29;0;0m▅[38;2;153;9;8;48;2;20;0;0m▃[38;2;193;12;11;48;2;15;0;0m▁[38;2;56;0;0;48;2;0;0;0m▁ [38;2;2;0;0;48;2;81;3;3m▇[38;2;3;0;0;48;2;126;7;7m▇[38;2;0;0;0;48;2;1;0;0m┈[48;2;0;0;0m [38;2;110;5;4;48;2;2;0;0m▁[38;2;209;5;5;48;2;15;0;0m▂[38;2;207;4;4;48;2;42;2;2m▅[38;2;171;6;6;48;2;232;3;3m▃[38;2;163;5;5;48;2;223;4;4m┙[38;2;245;1;1;48;2;191;4;3m▇[38;2;251;0;0;48;2;249;0;0m┈[0m[7m[38;2;138;4;4m▗[0m [38;2;1;0;0m    [0m
 [38;2;0;0;0m  [0m [7m[38;2;184;4;4m▄[38;2;232;2;2m▂[0m[38;2;231;3;3;48;2;173;9;8m▉[38;2;114;3;3;48;2;17;1;1m▖[38;2;0;12;11;48;2;23;173;172m▍[38;2;16;102;101;48;2;12;240;239m╾[38;2;2;78;78;48;2;19;225;224m─[38;2;21;197;196;48;2;7;64;63m▇[38;2;21;203;202;48;2;0;18;17m▆[38;2;14;227;226;48;2;12;67;67m▅[38;2;10;239;238;48;2;13;103;102m▅[48;2;16;98;97m▅[38;2;8;245;244;48;2;3;24;23m▅[38;2;9;237;236;48;2;0;3;3m▆[38;2;14;224;223;48;2;0;0;0m▇[38;2;26;231;230;48;2;6;39;39m╸[38;2;19;211;211;48;2;3;24;24m▗[38;2;19;166;165;48;2;10;30;30m▖[38;2;172;10;10;48;2;46;2;2m┏[38;2;136;7;7;48;2;34;1;1m▝[38;2;97;4;4;48;2;246;2;1m▅[38;2;214;5;5;48;2;247;1;1m▏[38;2;243;1;1;48;2;170;7;6m▇[38;2;49;0;0;48;2;199;5;5m╺[38;2;77;3;3;48;2;182;6;5m▃[38;2;135;7;7;48;2;178;6;6m▝[38;2;73;1;1;48;2;168;7;7m╴[38;2;80;2;2;48;2;187;7;7m▁[38;2;208;5;5;48;2;95;2;2m▇[38;2;203;6;6;48;2;19;0;0m▇[38;2;206;5;4;48;2;5;0;0m▇[38;2;211;5;4;48;2;18;0;0m▇[38;2;214;4;4;48;2;104;3;3m▇[38;2;150;6;6;48;2;224;4;4m╸[38;2;190;6;6;48;2;216;4;4m╵[38;2;35;1;1;48;2;202;4;4m▁[38;2;82;3;3;48;2;234;3;3m▄[38;2;46;0;0;48;2;188;4;4m╸[38;2;167;5;4;48;2;225;3;3m▁[38;2;35;75;75;48;2;171;5;5m▃[0m[38;2;19;148;148m▆[38;2;15;214;213m▄[38;2;16;142;141m▂   [0m
 [38;2;0;0;0m  [0m [7m[38;2;111;6;6m▅[38;2;99;6;5m▃[0m[38;2;102;13;11;48;2;30;1;1m╴[38;2;4;0;0;48;2;136;9;8m▅[38;2;9;1;1;48;2;47;8;7m▉[38;2;107;8;8;48;2;18;137;137m▆[38;2;1;7;6;48;2;26;189;188m▅[38;2;0;7;7;48;2;21;145;144m▄[38;2;0;0;0;48;2;21;190;189m▃[38;2;0;2;1;48;2;24;192;191m▃[38;2;0;0;0;48;2;21;172;171m▃[38;2;0;7;7;48;2;32;175;174m▄[38;2;0;8;8;48;2;38;193;192m▇[38;2;0;0;0;48;2;26;125;124m▇[38;2;22;225;224;48;2;4;24;23m▗[38;2;12;224;223;48;2;3;18;18m▄[38;2;12;88;87;48;2;18;206;205m▅[38;2;10;84;83;48;2;14;223;222m▝[38;2;17;235;234;48;2;4;21;21m▂[38;2;14;15;15;48;2;129;8;8m▋[38;2;234;6;6;48;2;77;3;3m▘[38;2;153;6;5;48;2;243;3;3m▎[48;2;251;0;0m  [38;2;251;0;0;48;2;238;1;1m┈[38;2;229;2;2;48;2;66;2;2m▅[38;2;46;1;1;48;2;183;5;5m╾[38;2;108;4;4;48;2;196;4;4m▂[38;2;240;2;2;48;2;94;4;4m▄[38;2;27;1;1;48;2;185;4;4m━[38;2;4;0;0;48;2;172;4;4m━[38;2;6;0;0;48;2;170;3;3m━[38;2;4;0;0;48;2;186;4;4m━[38;2;67;2;2;48;2;184;3;3m┷[38;2;231;4;4;48;2;56;2;2m▄[38;2;239;3;3;48;2;93;7;7m━[38;2;25;76;75;48;2;212;4;4m▃[38;2;15;227;226;48;2;144;14;14m▃[38;2;12;231;230;48;2;46;6;5m▅[38;2;5;43;43;48;2;18;172;171m━[38;2;6;38;37;48;2;16;216;215m▃[38;2;13;213;212;48;2;15;108;107m▅[38;2;8;53;53;48;2;18;188;187m╾[0m[7m[38;2;16;186;185m▝[0m[38;2;15;120;120m▖ [0m
 [38;2;0;0;0m     [0m [38;2;132;7;7m▝[38;2;197;9;9;48;2;55;2;2m┓[38;2;18;1;1;48;2;102;8;8m▇[38;2;6;0;0;48;2;0;0;0m▏   [38;2;17;159;159;48;2;2;11;11m▗[38;2;11;223;222;48;2;0;5;5m▅[38;2;8;235;234;48;2;0;0;0m▆[38;2;7;233;232m▆[38;2;0;252;251;48;2;7;233;232m┈[38;2;12;71;70;48;2;3;250;249m▂[38;2;9;249;248;48;2;14;88;87m▘[38;2;19;141;141;48;2;8;241;240m▏[38;2;2;251;250;48;2;35;228;227m▉[38;2;21;137;136;48;2;1;7;7m▎[38;2;201;6;6;48;2;64;3;3m▝[38;2;85;3;3;48;2;187;4;3m┎[38;2;72;2;2;48;2;218;3;3m╸[38;2;251;0;0;48;2;246;1;1m┈[38;2;82;4;3m▂[38;2;62;2;2;48;2;242;2;2m▃[38;2;235;5;4;48;2;245;2;1m╴[38;2;178;7;7;48;2;22;0;0m▌[38;2;13;0;0;48;2;178;6;5m▆[38;2;34;1;1;48;2;232;3;2m▄[38;2;66;3;2;48;2;242;1;1m▂[38;2;251;0;0;48;2;243;1;1m┈[48;2;250;0;0m▇[38;2;57;7;7;48;2;233;3;3m▗[38;2;14;202;201;48;2;96;52;51m▅[38;2;0;252;251;48;2;8;241;240m╴[38;2;5;246;245;48;2;17;131;130m▅[38;2;8;76;75;48;2;15;211;210m╾[38;2;11;62;61;48;2;6;237;236m▂[38;2;17;108;107;48;2;16;222;221m┎[38;2;9;244;243;48;2;14;89;88m▄[38;2;10;240;239;48;2;7;44;43m▄[38;2;20;104;104;48;2;12;240;239m━[38;2;19;104;103;48;2;10;236;235m▘[0m[38;2;17;216;215m▋ [0m
 [38;2;0;0;0m       [7m[38;2;43;5;4m▆[0m [7m[38;2;0;0;0m┈[0m[38;2;147;12;11;48;2;26;2;2m▗[38;2;18;0;0;48;2;1;0;0m▏[38;2;2;9;9;48;2;22;99;98m▉[38;2;8;43;43;48;2;14;237;236m▂[38;2;16;220;219;48;2;12;119;118m▚[38;2;25;132;131;48;2;10;201;200m┉[38;2;11;77;76;48;2;14;228;227m━[38;2;12;65;64;48;2;17;232;231m▃[38;2;6;57;56;48;2;20;171;170m▍[38;2;16;105;104;48;2;12;220;220m▁[38;2;32;194;193;48;2;1;252;251m▁[38;2;26;203;202;48;2;7;249;248m▁[38;2;20;204;203;48;2;8;39;39m▖[38;2;149;9;9;48;2;75;9;8m┖[38;2;27;0;0;48;2;220;5;5m▂[38;2;55;0;0;48;2;246;2;2m▂[38;2;223;6;6;48;2;45;2;1m▘[38;2;105;6;6;48;2;11;0;0m╺[38;2;34;0;0;48;2;202;5;5m▃[38;2;61;2;2;48;2;211;4;3m▄[38;2;169;8;8;48;2;50;2;2m▃[38;2;24;160;159;48;2;106;10;9m▂[38;2;17;231;230;48;2;138;8;7m▃[38;2;30;135;134;48;2;149;6;6m▃[38;2;207;6;5;48;2;108;4;4m▄[38;2;125;4;4;48;2;211;6;6m▖[0m[38;2;143;8;8m▎[7m[38;2;15;119;118m▆[38;2;10;229;228m▄[0m[38;2;11;76;75;48;2;4;247;246m▂[38;2;31;133;132;48;2;6;237;236m▁[38;2;11;47;46;48;2;19;205;204m▝[38;2;14;236;235;48;2;3;23;23m▃[38;2;23;242;241;48;2;8;75;74m▂[38;2;0;6;6;48;2;17;202;201m━[38;2;12;102;101;48;2;10;240;239m━[38;2;17;112;111;48;2;21;206;205m▗[0m [38;2;6;42;42m [0m
 [38;2;0;0;0m          [7m[38;2;6;0;0m▇[38;2;0;0;0m╴[0m[38;2;20;154;153;48;2;1;7;7m▂[38;2;11;220;219;48;2;5;41;40m▅[38;2;0;252;251;48;2;3;248;247m┈[48;2;0;252;251m  [38;2;18;229;228;48;2;7;47;46m▋[38;2;13;89;89;48;2;16;220;219m▎[38;2;16;214;213;48;2;19;106;105m▊[38;2;11;79;78;48;2;18;182;181m▎[38;2;14;89;88;48;2;26;165;164m┇[38;2;22;200;199;48;2;21;104;103m▆[38;2;30;172;171;48;2;15;72;72m▄[38;2;0;20;19;48;2;1;1;1m╴[38;2;220;7;7;48;2;86;5;4m▗[38;2;245;2;2;48;2;46;2;2m▅[38;2;241;2;2;48;2;29;0;0m▅[38;2;223;4;4;48;2;53;2;2m▆[38;2;58;2;2;48;2;215;4;4m▃[38;2;57;23;23;48;2;24;194;193m▌[38;2;0;252;251;48;2;3;250;249m┈[48;2;0;252;251m [48;2;4;247;246m┈[38;2;11;229;228;48;2;94;55;54m▄[38;2;44;109;108;48;2;192;7;7m▂[0m[38;2;195;8;7m▖[0m [38;2;0;0;0m  [0m [7m[38;2;22;196;195m▆[38;2;15;234;233m▅[38;2;5;250;249m▅[38;2;11;244;243m▅[38;2;15;214;213m▆[0m [38;2;0;0;0m  [0m
 [38;2;0;0;0m       [0m [38;2;23;168;167m▂[38;2;13;229;228m▃[38;2;8;228;227m▅[38;2;4;248;247;48;2;14;108;107m▆[38;2;0;252;251;48;2;2;251;250m┈[48;2;0;252;251m [48;2;2;251;250m┈[38;2;19;111;110;48;2;3;250;249m▂[38;2;8;46;46;48;2;9;239;238m▄[38;2;21;120;119;48;2;5;26;26m▍[48;2;0;0;0m   [38;2;0;0;0;48;2;0;1;1m┈[48;2;0;25;25m▇[48;2;5;48;47m▇[48;2;0;0;0m [48;2;48;2;2m▇[38;2;7;0;0;48;2;192;16;15m▇[48;2;190;16;16m▇[38;2;0;0;0;48;2;52;1;1m▇[38;2;15;80;79;48;2;1;5;5m▁[38;2;16;126;126;48;2;6;44;44m╱[38;2;4;30;30;48;2;10;231;230m▃[38;2;20;129;128;48;2;3;248;247m▁[48;2;0;252;251m  [38;2;0;252;251;48;2;3;247;246m┈[38;2;7;237;236;48;2;57;47;46m▆[0m[38;2;10;221;220m▄[38;2;18;218;217m▂[38;2;23;124;123m▁         [0m
 [38;2;0;0;0m     [0m [7m[38;2;19;125;124m▄[38;2;24;230;229m▄[38;2;10;246;245m▄[38;2;8;247;246m▄[38;2;12;245;244m▄[38;2;13;229;228m▄[0m[38;2;155;9;8;48;2;13;128;128m▂[38;2;109;11;11;48;2;20;233;232m▆[38;2;180;5;5;48;2;20;30;30m▖[48;2;0;0;0m [38;2;0;2;2;48;2;10;83;82m▉[38;2;25;150;149;48;2;12;237;236m▏[38;2;7;230;229;48;2;8;38;38m▆[38;2;23;198;198;48;2;2;12;12m▖[38;2;32;119;118;48;2;3;19;19m▃[38;2;44;199;198;48;2;25;21;21m╴[38;2;166;6;6;48;2;1;0;0m▂[38;2;207;8;7;48;2;3;0;0m▂[38;2;178;7;6;48;2;2;0;0m▂[38;2;173;11;11;48;2;6;0;0m▁[38;2;19;93;93;48;2;8;23;23m┌[38;2;31;162;161;48;2;0;5;5m▃[38;2;12;231;230;48;2;7;37;36m▃[38;2;10;231;230;48;2;17;124;123m▇[38;2;20;168;167;48;2;2;14;13m▍[48;2;0;0;0m [38;2;108;5;5;48;2;1;5;5m▗[38;2;107;4;4;48;2;25;181;180m▆[38;2;84;10;9;48;2;14;231;230m▅[38;2;9;247;246;48;2;15;117;116m╵[0m[7m[38;2;9;235;234m▃[38;2;7;248;247m▃[38;2;6;248;247m▃[38;2;10;246;245m▃[38;2;17;199;198m▃[0m[38;2;14;157;156m━[0m [38;2;17;76;75m      [0m
 [38;2;0;0;0m            [38;2;94;4;4m▝[7m[38;2;227;2;2m▃[0m[38;2;251;0;0;48;2;232;3;2m╴[38;2;224;2;2;48;2;30;1;1m▅[38;2;244;3;3;48;2;20;0;0m▃[48;2;27;54;54m▃[38;2;171;12;11;48;2;21;236;235m▆[38;2;225;3;3;48;2;28;68;68m▆[38;2;228;4;3;48;2;98;4;4m▇[38;2;65;2;2;48;2;240;3;3m▂[38;2;69;3;3;48;2;239;3;3m▃[38;2;60;1;1;48;2;246;2;2m▄[38;2;59;2;2;48;2;237;3;3m▃[38;2;57;1;1;48;2;239;2;2m▂[38;2;233;3;3;48;2;147;7;7m▇[38;2;235;2;2;48;2;45;35;34m▆[38;2;211;3;3;48;2;19;200;199m▅[38;2;139;6;6;48;2;14;136;135m▆[38;2;244;3;3;48;2;23;1;1m▃[38;2;224;3;3;48;2;16;0;0m▅[38;2;234;2;2;48;2;130;4;4m▇[0m[7m[38;2;235;2;1m▂[38;2;204;4;3m▅[0m [38;2;0;0;0m             [0m
 [38;2;0;0;0m              [7m[38;2;75;3;2m▇[38;2;150;7;7m▆[38;2;134;6;6m▃[0m[38;2;68;3;3;48;2;188;5;5m▁[38;2;241;3;3;48;2;154;5;5m▅[38;2;204;5;5;48;2;130;5;5m▆[38;2;61;2;2;48;2;174;6;6m▝[38;2;244;1;1;48;2;122;5;5m▆[38;2;251;0;0;48;2;228;10;9m▇[48;2;218;10;10m▇[48;2;226;10;10m▇[38;2;121;4;4;48;2;237;2;2m▝[38;2;185;7;7;48;2;119;7;6m▇[38;2;240;3;3;48;2;166;7;6m▅[38;2;164;5;5;48;2;221;4;4m╺[0m[7m[38;2;193;6;6m▁[38;2;196;3;3m▄[38;2;179;4;4m▅[38;2;129;6;6m▇[0m[38;2;4;0;0m                [0m
 [38;2;0;0;0m                 [0m [7m[38;2;135;6;6m▇[0m[38;2;199;8;7m▝[38;2;144;5;5;48;2;244;1;1m▁[48;2;251;0;0m     [38;2;119;6;5;48;2;231;3;3m▁[0m[7m[38;2;147;6;5m▆[38;2;142;6;6m▇[0m[38;2;4;0;0m                    [0m
 [38;2;0;0;0m                    [0m [7m[38;2;179;5;5m▆[38;2;220;4;4m▆[38;2;205;5;5m▆[38;2;220;4;3m▆[38;2;164;6;5m▆[0m [38;2;0;0;0m                      [0m[u[0m [38;2;0;0;0m                               [0m [38;2;119;7;7m▂[0m [38;2;0;0;0m           [0m [38;2;87;6;5m▖  [0m
 [38;2;0;0;0m                          [38;2;141;6;6m▁[38;2;199;5;5m▃[38;2;225;6;6m▄[38;2;164;6;6m▆[7m[38;2;129;5;5m▂[38;2;159;8;8m▄[38;2;120;7;7m▆[0m [38;2;0;0;0m    [0m [38;2;24;2;2m    [38;2;93;4;4m▁[38;2;195;6;5m▄[7m[38;2;168;8;7m▗[0m [38;2;56;3;3m  [0m
 [38;2;0;0;0m                        [38;2;213;3;3m▗[38;2;234;2;1m▆[38;2;244;0;0;48;2;240;2;2m┈[0m[7m[38;2;193;5;4m▗[38;2;139;6;6m▆[0m [38;2;0;0;0m      [0m [7m[38;2;149;4;4m▘[0m[38;2;133;7;7m▘   [38;2;213;8;8m▗[38;2;127;4;4;48;2;199;5;4m▁[0m[38;2;187;5;4m▘[0m [38;2;0;0;0m   [0m
[38;2;0;0;0m╴[0m   [38;2;0;0;0m          [38;2;64;14;12m▁[0m [38;2;16;0;0m        [7m[38;2;135;8;7m▊[0m[38;2;221;7;7;48;2;249;0;0m▏[38;2;251;0;0;48;2;247;0;0m▇[48;2;250;0;0m┈[0m[7m[38;2;220;3;2m▝[0m[38;2;145;3;3m▃[0m [38;2;153;10;9m▖    [0m [7m[38;2;225;3;3m▘[0m[38;2;177;5;4m▋    [38;2;154;8;7m▝[38;2;126;8;7m▌     [0m
 [38;2;0;0;0m [0m [38;2;181;4;3;48;2;20;2;2m▗[0m[38;2;8;0;0m╴         [7m[38;2;177;9;9m▏[0m[38;2;58;0;0m▎     [38;2;196;12;12m▗[38;2;72;5;5m▖ [0m [7m[38;2;165;4;4m▄[0m[38;2;250;1;1;48;2;232;2;2m┊[48;2;251;0;0m  [38;2;251;0;0;48;2;250;0;0m┈[38;2;250;0;0;48;2;177;10;9m▇[0m[38;2;227;3;3m▌ [0m [38;2;158;10;10m▂[0m [38;2;121;7;7m▝[7m[38;2;158;4;4m▃[0m [38;2;0;0;0m  [0m  [38;2;57;3;2m       [0m
 [38;2;0;0;0m  [38;2;12;0;0;48;2;220;4;4m▋[38;2;53;1;1;48;2;237;1;1m▝[0m[38;2;2;0;0m╴       [0m [38;2;44;1;1;48;2;224;5;4m▎[0m[7m[38;2;126;3;3m▝[0m [38;2;0;0;0m    [0m [7m[38;2;139;4;4m▖[0m[38;2;218;3;3m▅[38;2;119;5;4m▖[0m [7m[38;2;216;3;3m▎[0m[38;2;62;2;2;48;2;251;0;0m    [38;2;251;0;0;48;2;247;1;0m┈[0m[38;2;239;2;1m▆[38;2;226;3;3m▆[38;2;251;0;0;48;2;247;1;1m┈[0m[7m[38;2;183;5;4m▝[0m [38;2;0;0;0m [0m [38;2;111;8;8m▄[0m [7m[38;2;112;5;4m▋[0m[38;2;204;7;7m▋       [0m
 [38;2;0;0;0m  [0m [38;2;28;1;1;48;2;216;1;1m▃[38;2;47;2;1;48;2;221;1;1m▝[0m[38;2;9;0;0m╴       [38;2;168;6;5m▝[38;2;121;4;4;48;2;242;2;2m▖[0m[7m[38;2;213;3;3m▝[0m[38;2;102;4;4m▖ [0m [38;2;211;8;8;48;2;67;4;4m▗[0m[38;2;227;3;3m▃[7m[38;2;203;2;2m▘[0m[38;2;251;0;0;48;2;250;0;0m┈[48;2;247;1;1m┈[38;2;249;1;0;48;2;153;7;7m▇[48;2;251;0;0m      [0m[7m[38;2;201;5;4m▗[38;2;84;6;6m▇[38;2;135;6;5m▍[38;2;158;4;4m▃[0m  [7m[38;2;209;3;3m▘[0m[38;2;188;4;4m▋[0m [7m[38;2;129;7;7m▁[0m[38;2;61;2;2m▘[7m[38;2;123;7;7m▋[38;2;147;5;5m▝[0m [38;2;0;0;0m  [0m [7m[38;2;157;9;8m▘[0m
 [38;2;0;0;0m   [0m  [38;2;36;1;1;48;2;60;2;2m╴[0m[38;2;119;7;7m▃[0m [38;2;0;0;0m     [38;2;52;5;4m▂[0m [38;2;56;2;2;48;2;225;4;3m▖[38;2;226;3;3;48;2;111;5;5m▉[0m[38;2;98;7;6m▁[0m [38;2;45;1;1;48;2;209;5;5m▍[48;2;251;0;0m          [38;2;245;1;1;48;2;192;6;6m▉[0m[38;2;213;2;2m▅[38;2;202;6;6;48;2;43;1;1m▊[0m[38;2;121;7;7m▁[38;2;167;7;7m▂[38;2;195;3;3m▄[38;2;94;3;3;48;2;239;1;1m▘[48;2;251;0;0m [38;2;251;0;0;48;2;227;3;3m╴[0m[38;2;79;3;3m▏ [38;2;88;4;4m▁[7m[38;2;212;3;3m▘[0m[38;2;251;0;0;48;2;248;1;1m┈[0m[38;2;146;6;6m▌  [7m[38;2;164;7;7m▌[0m[38;2;210;4;4m▉[0m
[38;2;76;6;5m▅[0m [38;2;0;0;0m    [0m [7m[38;2;68;2;2m╴[0m[38;2;197;5;4;48;2;85;4;4m▇[0m[38;2;175;4;4m▄[0m [38;2;0;0;0m   [7m[38;2;63;4;4m▊[0m[38;2;135;10;9;48;2;23;1;1m▘[38;2;76;3;3;48;2;220;4;3m▘[38;2;241;2;2;48;2;195;6;6m▉[38;2;125;4;4;48;2;207;6;6m▘[38;2;223;4;4;48;2;72;2;2m▗[38;2;248;0;0;48;2;241;1;1m┊[38;2;247;0;0;48;2;251;0;0m▆▆▆▆▆[38;2;248;0;0;48;2;247;0;0m┊[48;2;245;1;1m┊[38;2;247;0;0;48;2;251;0;0m▆▆[38;2;248;0;0;48;2;241;1;1m┊[38;2;161;3;3;48;2;238;2;2m▁[38;2;247;0;0;48;2;251;0;0m▆[48;2;245;1;1m▇[48;2;233;7;7m▇[48;2;248;0;0m┈[48;2;251;0;0m▆▆[48;2;250;0;0m▆[0m[7m[38;2;189;5;5m▗[0m  [7m[38;2;182;5;5m▏[38;2;235;2;2m▃[38;2;176;3;3m▅[0m[38;2;110;8;8m▖  [7m[38;2;191;8;7m▌[0m[38;2;230;4;4;48;2;70;2;2m▉[0m
[7m[38;2;170;8;7m▍[0m[38;2;217;6;6m▖[38;2;46;4;4m▝[38;2;158;10;10;48;2;55;3;3m▚[0m[38;2;99;4;4m▖[38;2;159;11;11;48;2;46;3;3m▗[0m[38;2;77;3;3m▂[0m [38;2;117;5;5m▝[38;2;147;5;4;48;2;232;3;3m▏[38;2;37;1;1;48;2;200;4;4m▝[0m[7m[38;2;26;0;0m▉[0m[38;2;100;7;7m▅[0m [7m[38;2;169;7;7m▘[0m[38;2;125;6;6;48;2;22;0;0m▖[38;2;111;6;6;48;2;229;3;3m▏[48;2;247;0;0m [38;2;246;0;0;48;2;213;7;6m▇[38;2;247;0;0;48;2;246;0;0m┈[48;2;247;0;0m    [48;2;245;0;0m┈[38;2;96;4;4;48;2;238;1;1m▂[38;2;230;3;3;48;2;92;4;4m▘[38;2;87;3;3;48;2;230;5;5m▍[38;2;84;3;3;48;2;233;2;1m▃[38;2;37;0;0;48;2;169;4;4m━[38;2;219;6;5;48;2;72;4;3m▄[38;2;83;2;2;48;2;226;6;6m▌[48;2;247;0;0m  [38;2;247;0;0;48;2;246;0;0m┈[38;2;23;0;0;48;2;190;5;5m▗[38;2;30;1;1;48;2;208;4;4m▖[38;2;247;0;0;48;2;246;0;0m┈[48;2;247;0;0m [38;2;95;4;4;48;2;235;3;2m▝[0m[38;2;137;5;5m▃[38;2;163;6;6;48;2;84;4;4m▉[0m[38;2;75;3;3m▘[0m [7m[38;2;198;5;4m▎[0m[38;2;45;1;1;48;2;214;4;4m▝[0m [38;2;0;0;0m [7m[38;2;86;7;6m▋[38;2;139;8;8m▗[0m
 [7m[38;2;168;6;5m▄[0m[38;2;85;5;5m▋[38;2;45;1;1m▝[38;2;69;3;3;48;2;208;6;6m▖[38;2;229;2;2;48;2;87;3;3m▅[38;2;238;3;2;48;2;204;9;9m▇[38;2;218;5;5;48;2;77;2;2m▇[0m[38;2;173;7;7m▖[7m[38;2;119;4;4m▖[0m[38;2;240;2;2;48;2;204;12;12m▉[0m[38;2;93;3;3m▍[38;2;177;9;9m▝[38;2;176;6;5m▆[38;2;125;2;2;48;2;229;3;3m▏[38;2;232;2;2;48;2;135;4;4m▇[38;2;60;1;1;48;2;187;5;5m▘[38;2;197;6;5;48;2;230;3;3m▏[48;2;247;0;0m [38;2;86;4;4;48;2;234;4;4m▗[38;2;64;2;2;48;2;240;2;2m▃[38;2;132;8;8;48;2;234;3;3m▁[38;2;81;3;3;48;2;230;2;2m▂[38;2;247;0;0;48;2;241;2;2m┈[38;2;179;6;6;48;2;79;3;3m▚[38;2;226;2;2;48;2;83;3;3m▆[38;2;242;2;2;48;2;210;8;8m▉[38;2;172;6;6;48;2;105;6;5m▖[38;2;65;2;2;48;2;214;4;4m▘[38;2;247;0;0;48;2;246;0;0m┈[38;2;246;0;0;48;2;236;5;5m▉[38;2;125;5;5;48;2;227;8;8m▋[38;2;248;0;0;48;2;247;0;0m▁ [38;2;244;1;1;48;2;210;9;8m▉[38;2;236;3;3;48;2;56;2;2m▄[38;2;225;3;3;48;2;29;0;0m▅[38;2;182;5;4;48;2;237;2;2m▏[48;2;247;0;0m [38;2;247;0;0;48;2;234;3;3m╴[38;2;122;6;5;48;2;203;7;7m▚[38;2;226;3;3;48;2;162;3;3m▉[0m[38;2;167;6;6m▖[38;2;182;6;6;48;2;71;6;6m▆[38;2;132;7;7;48;2;244;1;1m▘[38;2;247;0;0;48;2;245;1;1m┈[0m[38;2;163;7;7m▍   [0m
[38;2;162;5;5;48;2;11;0;0m▗[0m[38;2;82;2;2m▖ [0m [38;2;89;4;4m▝[7m[38;2;199;3;3m▂[0m[38;2;71;5;5;48;2;242;1;1m▂[0m[7m[38;2;149;6;5m▗[0m[38;2;22;146;145;48;2;73;9;9m▂[0m[38;2;15;128;127m▂[38;2;34;182;181;48;2;142;14;14m▃[38;2;32;103;102;48;2;80;14;13m▗[0m[38;2;11;222;221m▅[38;2;10;225;224;48;2;55;17;17m▄[38;2;36;73;73;48;2;201;4;4m▖[38;2;251;0;0;48;2;246;1;1m┈[48;2;247;0;0m▅▅▅[48;2;240;1;1m┈[38;2;234;2;2;48;2;52;2;2m▄[38;2;197;5;5;48;2;34;1;1m▂[38;2;46;2;2;48;2;170;8;8m▌[38;2;198;2;2;48;2;232;3;3m▏[38;2;153;7;6;48;2;247;1;1m▘[38;2;251;0;0;48;2;247;0;0m▅▅[38;2;250;0;0;48;2;239;4;3m▇[38;2;251;0;0;48;2;247;0;0m▅▅[38;2;117;5;5;48;2;234;3;3m▗[38;2;218;9;9;48;2;109;5;5m▝[38;2;183;5;5;48;2;82;3;3m▚[38;2;247;1;1;48;2;225;3;3m┈[38;2;251;0;0;48;2;247;0;0m▅▅▅[48;2;248;0;0m┈[38;2;138;8;7;48;2;245;1;1m▁[38;2;139;6;6;48;2;246;1;1m▁[38;2;238;2;2;48;2;160;7;7m▉[38;2;103;5;4;48;2;222;6;6m▋[38;2;215;6;5;48;2;34;0;0m▋[0m[7m[38;2;114;5;5m▊[0m[38;2;188;7;7;48;2;241;2;2m▏[0m[7m[38;2;206;4;3m▗[0m [38;2;6;0;0m   [0m
[38;2;54;2;2;48;2;219;2;2m▍[38;2;4;0;0;48;2;110;2;2m┊[0m  [38;2;219;7;7;48;2;81;5;5m▗[38;2;125;11;10;48;2;49;1;1m╴[0m [38;2;18;241;240;48;2;7;39;38m▗[38;2;16;88;87;48;2;12;220;219m▁[38;2;0;4;4;48;2;10;236;235m▂[38;2;0;2;2;48;2;10;231;230m▂[48;2;18;216;215m▂[38;2;0;19;18;48;2;8;246;245m▂[38;2;11;95;94;48;2;4;250;249m▂[38;2;17;88;87;48;2;18;206;205m▁[38;2;58;28;28;48;2;211;6;5m▌[38;2;245;2;2;48;2;199;9;9m▉[38;2;108;4;4;48;2;226;4;4m▖[38;2;144;6;6;48;2;238;4;3m▗[38;2;250;0;0;48;2;244;2;1m┊[48;2;251;0;0m [38;2;251;0;0;48;2;249;0;0m┈[38;2;124;4;4;48;2;228;3;3m╹[38;2;249;0;0;48;2;251;0;0m▏[38;2;203;6;6;48;2;247;1;1m▁[38;2;251;0;0;48;2;249;1;1m┈[38;2;136;5;5;48;2;242;2;2m▗[38;2;186;8;7;48;2;241;3;2m╴[48;2;251;0;0m [38;2;250;0;0;48;2;241;3;3m▉[38;2;192;7;7;48;2;56;2;2m▘[38;2;220;4;3;48;2;80;4;4m▄[38;2;251;0;0;48;2;242;1;1m┈[48;2;251;0;0m  [48;2;247;1;1m╴[38;2;71;3;3;48;2;227;3;3m▃[38;2;11;0;0;48;2;167;5;5m▆[38;2;0;0;0;48;2;4;0;0m┈┈[38;2;223;6;5;48;2;73;3;3m▝[38;2;89;3;3;48;2;197;5;5m▝[0m[38;2;135;8;8m▊[38;2;72;2;2;48;2;218;4;4m▎[38;2;208;4;4;48;2;60;2;2m▊[0m[38;2;167;4;4m▄[38;2;160;5;5m▋   [0m
 [38;2;191;2;2;48;2;51;2;2m▚[0m[38;2;44;1;1m▂[0m [38;2;73;3;3;48;2;230;4;4m▍[38;2;229;7;6;48;2;94;2;2m▌[38;2;174;6;6;48;2;44;5;4m▆[38;2;3;6;6;48;2;24;128;127m▆[38;2;30;117;117;48;2;11;58;57m╻[38;2;39;214;213;48;2;7;49;48m━[38;2;20;217;216;48;2;2;11;11m▄[38;2;21;235;234;48;2;10;76;75m▗[38;2;20;201;200;48;2;16;97;97m▇[38;2;31;222;221;48;2;24;98;97m▘[38;2;31;13;13;48;2;29;133;132m▂[38;2;30;137;136;48;2;20;18;18m▂[38;2;24;2;2;48;2;211;4;4m▄[38;2;198;8;7;48;2;54;2;2m▘[38;2;51;2;2;48;2;207;6;6m▖[38;2;251;0;0;48;2;244;1;1m┈[48;2;240;2;2m╴[38;2;196;3;3;48;2;241;2;2m▏[38;2;221;6;6;48;2;250;0;0m▁[38;2;251;0;0;48;2;249;0;0m╴[38;2;206;7;7;48;2;87;3;3m▍[38;2;204;14;14;48;2;240;4;3m▏[38;2;108;4;4;48;2;219;9;9m▊[38;2;242;3;3;48;2;251;0;0m▏ [38;2;251;0;0;48;2;250;0;0m┈[38;2;246;2;2;48;2;107;5;4m▅[38;2;250;0;0;48;2;243;2;2m┈[48;2;251;0;0m [38;2;251;0;0;48;2;248;1;1m┈[38;2;75;3;3;48;2;237;2;2m▃[38;2;173;5;4;48;2;20;1;1m▘[38;2;0;0;0;48;2;1;0;0m┈[48;2;0;0;0m   [38;2;8;0;0;48;2;129;5;5m▊[38;2;209;17;17;48;2;247;1;1m▏[38;2;233;3;3;48;2;145;9;8m▅[38;2;251;0;0;48;2;242;1;1m┊[38;2;212;9;8;48;2;120;5;5m▌[38;2;250;0;0;48;2;244;2;2m┊[0m[38;2;200;7;7m▋   [0m
  [38;2;61;4;4m▝[38;2;166;11;10;48;2;82;6;6m▆[38;2;170;2;2;48;2;238;2;2m▏[38;2;219;5;5;48;2;247;1;1m╵[38;2;251;0;0;48;2;245;1;1m╴[38;2;218;5;5;48;2;45;2;2m▖[38;2;2;7;7;48;2;22;90;89m▇[38;2;3;16;16;48;2;21;180;179m▄[38;2;5;34;33;48;2;20;197;196m▂[38;2;1;26;25;48;2;27;145;144m▁[38;2;15;96;96;48;2;35;159;158m▍[38;2;48;44;44;48;2;143;16;16m▍[38;2;8;30;29;48;2;160;8;8m▁[38;2;117;27;26;48;2;32;108;107m▎[38;2;28;157;156;48;2;10;51;50m▃[38;2;0;0;0;48;2;0;1;1m┈[38;2;15;4;4;48;2;100;5;5m▇[38;2;14;0;0;48;2;231;6;6m▅[38;2;36;0;0;48;2;139;9;9m┓[38;2;96;3;3;48;2;233;4;4m▂[38;2;211;4;4;48;2;130;5;4m▚[38;2;233;6;6;48;2;250;0;0m▎[38;2;52;1;1;48;2;229;3;3m▝[38;2;216;6;5;48;2;95;3;3m▝[38;2;30;0;0;48;2;160;6;6m▂[38;2;72;1;1;48;2;195;7;7m▁[38;2;152;9;9;48;2;246;2;2m▁[38;2;154;9;9;48;2;250;0;0m▁[38;2;88;1;1;48;2;246;2;2m▁[38;2;44;1;1;48;2;240;2;2m▂[38;2;31;1;1;48;2;230;3;3m▄[38;2;150;12;12;48;2;67;3;3m▂[38;2;190;12;12;48;2;72;4;4m▂[38;2;141;10;9;48;2;27;1;1m▎[48;2;0;0;0m    [38;2;222;6;5;48;2;64;3;3m▗[38;2;251;0;0;48;2;247;1;1m┊[38;2;174;8;7;48;2;229;5;5m▖[38;2;247;0;0;48;2;250;0;0m╴[38;2;219;6;5;48;2;119;5;5m▍[38;2;111;9;9;48;2;228;4;4m▁[0m[38;2;154;5;5m▘   [0m
 [38;2;0;0;0m  [7m[38;2;175;6;6m▌[0m[38;2;244;3;2;48;2;250;0;0m▏[48;2;251;0;0m [38;2;249;1;1;48;2;218;7;7m▉[38;2;193;6;6;48;2;42;2;2m▘[38;2;22;144;143;48;2;4;3;3m▗[38;2;11;237;236;48;2;4;25;24m▃[38;2;24;233;232;48;2;13;77;76m╺[38;2;30;222;221;48;2;5;32;32m╸[38;2;2;22;22;48;2;29;166;165m▖[38;2;10;85;84;48;2;36;161;160m─[38;2;11;103;102;48;2;34;164;163m╌[38;2;4;68;67;48;2;31;173;172m─[38;2;10;57;56;48;2;17;235;234m▃[38;2;18;86;85;48;2;2;20;20m▏[38;2;0;2;2;48;2;22;217;217m▃[38;2;26;111;110;48;2;5;11;11m▏[38;2;13;1;1;48;2;170;7;7m▃[38;2;47;1;1;48;2;202;7;7m▖[38;2;71;3;3;48;2;246;2;1m▂[38;2;82;2;2;48;2;240;1;1m▁[38;2;248;0;0;48;2;250;0;0m╴[38;2;251;0;0;48;2;249;0;0m┈[38;2;223;6;5;48;2;78;3;3m▇[38;2;188;10;10;48;2;27;0;0m▆[38;2;145;9;9;48;2;23;1;1m▅[38;2;154;9;9;48;2;21;0;0m▃[38;2;160;12;11;48;2;5;0;0m▂[38;2;114;6;5;48;2;2;0;0m▁[38;2;26;0;0;48;2;0;0;0m▁[38;2;1;0;0;48;2;42;0;0m▇[48;2;71;2;2m▇[38;2;4;0;0;48;2;0;0;0m▁[38;2;31;0;0m▁[38;2;164;8;8;48;2;6;0;0m▁[38;2;193;5;5;48;2;8;0;0m▃[38;2;208;5;5;48;2;60;3;3m▅[38;2;164;7;6;48;2;220;4;4m┎[38;2;172;7;7;48;2;221;4;4m┙[38;2;251;0;0;48;2;239;2;2m┈[48;2;248;1;1m┈[0m[38;2;164;5;5m▌[0m [38;2;0;0;0m    [0m
 [38;2;0;0;0m  [0m [7m[38;2;193;5;5m▅[38;2;220;2;2m▂[0m[38;2;149;5;5;48;2;227;4;4m▁[38;2;138;5;5;48;2;20;1;1m▖[38;2;3;33;33;48;2;25;178;177m▌[38;2;17;128;127;48;2;14;238;237m━[38;2;8;124;124;48;2;20;214;213m▁[38;2;8;62;61;48;2;23;193;192m▁[38;2;23;202;201;48;2;8;49;48m▆[38;2;13;225;224;48;2;13;73;72m▅[38;2;11;246;245;48;2;12;76;75m▅[38;2;10;247;246;48;2;10;72;72m▅[38;2;8;248;247;48;2;9;50;49m▅[38;2;13;242;241;48;2;3;28;28m▆[38;2;14;223;222;48;2;0;24;24m▇[38;2;27;221;220;48;2;7;42;41m╸[38;2;17;227;226;48;2;6;34;34m▗[38;2;25;154;154;48;2;5;19;19m▍[38;2;168;11;10;48;2;47;2;2m┏[38;2;125;7;6;48;2;35;1;1m▝[38;2;98;4;4;48;2;235;4;3m▅[38;2;208;5;5;48;2;246;1;1m▏[38;2;247;1;1;48;2;176;5;5m▇[38;2;52;1;1;48;2;199;5;4m╺[38;2;91;4;3;48;2;196;7;6m▄[38;2;95;4;4;48;2;173;7;7m▁[38;2;98;3;2;48;2;172;7;7m╸[38;2;94;3;3;48;2;194;8;7m▂[38;2;226;5;4;48;2;153;9;9m▅[38;2;243;3;3;48;2;143;8;7m▄[38;2;212;5;5;48;2;62;0;0m▇[38;2;218;5;4;48;2;75;0;0m▇[38;2;158;5;5;48;2;220;5;5m╍[38;2;188;7;7;48;2;227;3;3m▘[38;2;169;8;8;48;2;213;5;5m▁[38;2;51;2;2;48;2;214;4;4m▂[38;2;84;3;3;48;2;224;4;3m▄[48;2;194;4;4m┙[38;2;142;4;4;48;2;223;3;3m▁[38;2;27;98;97;48;2;156;5;5m▃[0m[38;2;20;154;153m▆[38;2;16;213;212m▄[38;2;13;169;168m▂[0m [38;2;0;0;0m  [0m
 [38;2;0;0;0m  [0m [7m[38;2;106;7;6m▅[38;2;117;7;7m▄[38;2;38;2;2m▂[0m[38;2;9;1;1;48;2;149;12;11m▆[38;2;10;1;0;48;2;45;5;4m▉[38;2;98;12;12;48;2;24;154;153m▇[38;2;3;16;16;48;2;34;212;211m▆[38;2;0;1;1;48;2;25;149;148m▄[38;2;0;10;10;48;2;23;201;200m▄[38;2;0;17;17;48;2;28;206;205m▄[38;2;0;7;7;48;2;31;185;184m▄[38;2;0;1;1;48;2;31;154;153m▄[38;2;0;5;5;48;2;22;116;116m▇[38;2;0;0;0;48;2;0;36;36m▇[38;2;19;234;233;48;2;5;28;28m▗[38;2;10;236;235;48;2;6;32;31m▄[38;2;12;71;70;48;2;14;182;181m▚[38;2;17;109;108;48;2;13;221;220m▝[38;2;14;215;214;48;2;2;11;11m▃[38;2;9;0;0;48;2;59;18;18m╴[38;2;234;6;6;48;2;68;3;3m▘[38;2;158;6;5;48;2;243;3;3m▎[48;2;251;0;0m  [38;2;251;0;0;48;2;243;1;1m┈[38;2;238;1;1;48;2;77;3;3m▅[38;2;68;3;3;48;2;186;5;5m━[38;2;89;2;2;48;2;202;4;4m▂[38;2;230;3;3;48;2;69;2;2m▅[38;2;234;3;3;48;2;89;3;3m▃[38;2;4;0;0;48;2;173;4;4m━[48;2;172;4;4m━[38;2;18;0;0;48;2;181;4;4m━[38;2;226;3;3;48;2;74;2;2m▄[38;2;215;4;4;48;2;31;0;0m▅[38;2;239;4;4;48;2;96;19;19m━[38;2;18;91;91;48;2;201;4;4m▃[38;2;12;207;206;48;2;149;9;8m▄[38;2;11;243;242;48;2;31;22;22m▅[38;2;9;58;57;48;2;16;168;168m━[38;2;9;53;52;48;2;15;232;231m▄[38;2;12;206;205;48;2;19;113;112m▅[38;2;9;53;53;48;2;17;189;188m╾[0m[7m[38;2;15;187;186m▝[0m[38;2;18;149;148m▖ [0m
 [38;2;0;0;0m     [0m [7m[38;2;97;7;6m▄[0m[38;2;14;0;0;48;2;122;6;6m▝[38;2;14;1;1;48;2;98;7;7m▇[38;2;5;0;0;48;2;0;0;0m▏   [38;2;17;183;182;48;2;3;17;17m▗[38;2;9;236;235;48;2;4;20;20m▅[38;2;8;246;245;48;2;0;11;10m▆[38;2;7;244;243;48;2;0;11;11m▆[38;2;0;252;251;48;2;7;236;235m┈[38;2;2;28;28;48;2;6;245;244m▂[38;2;10;248;247;48;2;14;82;81m▘[38;2;19;155;154;48;2;7;243;242m▏[38;2;2;251;250;48;2;39;226;225m▉[38;2;20;125;124;48;2;1;6;6m▎[38;2;215;6;6;48;2;58;3;3m▝[38;2;114;4;4;48;2;212;3;3m▄[38;2;110;3;3;48;2;228;3;3m▘[38;2;251;0;0;48;2;241;1;1m╴[38;2;45;2;2;48;2;239;2;2m▂[38;2;60;3;3;48;2;230;2;2m▃[38;2;224;6;6;48;2;247;1;1m▏[38;2;184;7;7;48;2;20;0;0m▌[38;2;8;0;0;48;2;147;5;5m▆[38;2;32;1;1;48;2;219;3;3m▄[38;2;47;1;1;48;2;234;2;2m▂[38;2;175;5;4;48;2;248;1;1m▁[48;2;251;0;0m [38;2;42;7;6;48;2;224;3;3m▗[38;2;94;33;33;48;2;15;194;193m▘[38;2;0;252;251;48;2;6;247;246m╴[38;2;6;241;240;48;2;18;117;116m▆[38;2;12;94;93;48;2;16;208;207m╾[38;2;14;86;85;48;2;6;245;244m▃[38;2;15;99;98;48;2;17;213;212m┎[38;2;13;235;234;48;2;11;87;86m▅[38;2;6;248;247;48;2;9;52;51m▄[38;2;16;117;116;48;2;13;228;227m╍[38;2;21;116;115;48;2;8;240;239m▘[0m[38;2;18;211;210m▋ [0m
 [38;2;0;0;0m       [7m[38;2;43;4;4m▇[0m [7m[38;2;0;0;0m╴[0m[38;2;141;9;8;48;2;29;2;2m▗[38;2;8;0;0;48;2;3;0;0m╴[38;2;1;9;9;48;2;21;100;99m▉[38;2;0;12;12;48;2;15;233;232m▂[38;2;18;224;223;48;2;14;114;113m▚[38;2;25;148;147;48;2;12;198;197m╵[38;2;14;88;87;48;2;12;225;224m━[38;2;9;60;60;48;2;19;225;224m▃[38;2;6;56;55;48;2;20;177;176m▍[38;2;18;121;120;48;2;9;236;235m▂[38;2;24;140;139;48;2;2;251;250m▁[38;2;20;146;145;48;2;7;248;247m▁[38;2;22;212;211;48;2;12;49;49m▖[38;2;150;10;9;48;2;65;12;11m┗[38;2;46;1;1;48;2;230;3;3m▃[38;2;22;0;0;48;2;239;3;2m▂[38;2;221;7;6;48;2;32;1;1m▘[38;2;12;0;0;48;2;92;4;4m▉[38;2;13;0;0;48;2;206;6;5m▃[38;2;81;3;3;48;2;222;4;3m▅[38;2;155;9;9;48;2;39;1;1m▄[38;2;22;192;191;48;2;106;15;15m▂[38;2;11;245;244;48;2;132;21;21m▃[38;2;24;155;154;48;2;147;12;11m▃[38;2;196;5;5;48;2;93;4;4m▅[38;2;120;5;5;48;2;204;6;5m┓[0m[38;2;131;7;6m▎[7m[38;2;13;119;119m▇[38;2;11;214;213m▄[38;2;6;241;240m▂[0m[38;2;6;64;63;48;2;8;231;230m▁[38;2;10;53;52;48;2;20;214;214m▝[38;2;13;220;219;48;2;0;5;5m▄[38;2;9;248;247;48;2;10;72;71m▂[38;2;0;6;5;48;2;13;200;199m━[38;2;13;82;81;48;2;10;223;222m╸[0m[7m[38;2;22;200;199m▗[0m [38;2;4;35;34m [0m
 [38;2;0;0;0m          [0m [7m[38;2;0;2;2m┈[0m[38;2;20;187;186;48;2;2;12;12m▂[38;2;8;229;228;48;2;8;56;56m▅[38;2;0;252;251;48;2;2;250;249m┈[48;2;0;252;251m  [38;2;16;230;229;48;2;7;47;46m▋[38;2;0;25;24;48;2;14;202;201m▁[38;2;0;27;27;48;2;16;199;199m▁[38;2;0;7;6;48;2;17;171;170m▁[38;2;25;186;185;48;2;13;99;98m▚[38;2;19;193;192;48;2;12;83;82m▆[38;2;38;205;204;48;2;16;90;89m┲[38;2;0;10;9;48;2;1;1;1m╴[38;2;46;4;3;48;2;168;6;5m▍[38;2;236;3;3;48;2;22;0;0m▆[38;2;229;2;2;48;2;10;0;0m▆[38;2;216;3;3;48;2;86;3;3m▆[38;2;34;1;1;48;2;210;4;4m▃[38;2;46;23;22;48;2;23;204;203m▌[38;2;0;252;251;48;2;2;251;250m┈[48;2;0;252;251m [48;2;3;249;248m┈[38;2;12;220;220;48;2;100;51;50m▅[38;2;26;138;137;48;2;185;9;9m▂[0m[38;2;147;6;6m▄[0m [38;2;0;0;0m  [0m [7m[38;2;20;154;153m▆[38;2;13;206;205m▅[38;2;11;239;238m▅[38;2;13;224;223m▅[38;2;19;177;176m▆[0m [38;2;0;0;0m  [0m
 [38;2;0;0;0m       [38;2;26;121;120m▁[38;2;20;214;213m▂[38;2;9;242;241m▃[38;2;5;240;239m▅[38;2;5;244;243;48;2;19;96;96m▇[38;2;0;252;251;48;2;1;252;251m┈[48;2;0;252;251m [48;2;3;248;247m┈[38;2;10;66;65;48;2;4;245;244m▂[38;2;6;33;33;48;2;11;228;227m▄[38;2;27;156;156;48;2;5;35;35m▂[48;2;0;0;0m    [38;2;0;0;0;48;2;0;5;5m▇[48;2;0;1;1m┈[48;2;0;0;0m [48;2;19;0;0m▇[38;2;2;0;0;48;2;115;8;8m▇[48;2;116;5;5m▇[38;2;0;0;0;48;2;3;0;0m┈[38;2;13;98;98;48;2;2;9;9m▁[38;2;20;119;119;48;2;5;32;31m▖[38;2;2;19;18;48;2;11;218;217m▃[38;2;16;81;80;48;2;4;242;241m▁[38;2;0;252;251;48;2;1;252;251m┈[48;2;0;252;251m [48;2;2;251;250m┈[38;2;4;245;244;48;2;35;80;79m▆[0m[38;2;7;236;235m▄[38;2;13;243;242m▂[38;2;28;195;194m▁[0m [38;2;0;3;3m        [0m
 [38;2;0;0;0m     [0m [7m[38;2;22;168;167m▅[38;2;6;206;205m▄[38;2;9;224;223m▄[38;2;10;224;223m▄[38;2;5;218;217m▄[38;2;5;250;249m▅[0m[38;2;130;5;4;48;2;7;132;132m▃[38;2;126;4;4;48;2;16;197;196m▆[38;2;208;6;6;48;2;24;17;16m▖[48;2;0;0;0m [38;2;0;2;2;48;2;9;64;63m▉[38;2;21;126;125;48;2;12;235;234m▏[38;2;5;237;236;48;2;9;68;67m▆[38;2;27;216;215;48;2;2;15;15m▖[38;2;33;140;139;48;2;11;30;29m▖[38;2;199;12;12;48;2;15;34;34m▁[38;2;214;7;7;48;2;3;0;0m▂[38;2;230;7;7;48;2;11;0;0m▂[38;2;221;7;7;48;2;6;0;0m▂[38;2;161;6;6;48;2;0;0;0m▂[38;2;57;204;203;48;2;14;19;19m╶[38;2;22;143;142;48;2;4;21;21m▃[38;2;11;220;219;48;2;4;24;24m▄[38;2;9;234;233;48;2;16;151;150m▇[38;2;24;191;190;48;2;4;23;23m▘[48;2;0;0;0m [38;2;134;8;8;48;2;2;1;1m▗[38;2;231;4;4;48;2;18;51;51m▃[38;2;104;4;4;48;2;11;203;202m▅[38;2;0;0;0;48;2;17;118;118m╴[0m[7m[38;2;4;250;249m▄[38;2;7;229;228m▃[38;2;10;237;236m▃[38;2;8;230;229m▃[38;2;10;197;196m▃[38;2;18;146;145m▄[0m [38;2;0;0;0m      [0m
 [38;2;0;0;0m            [7m[38;2;79;3;3m▇[38;2;218;2;2m▃[0m[38;2;147;6;6;48;2;242;2;2m▁[38;2;237;2;2;48;2;47;1;1m▅[38;2;233;3;3;48;2;5;0;0m▄[38;2;232;4;3;48;2;11;52;51m▄[38;2;188;5;5;48;2;21;207;206m▆[38;2;234;3;3;48;2;45;43;43m▆[38;2;94;2;2;48;2;229;3;3m▁[38;2;47;2;2;48;2;233;2;1m▂[38;2;97;5;5;48;2;249;0;0m▄[38;2;61;3;3;48;2;242;3;3m▄[38;2;81;4;4;48;2;248;1;1m▄[38;2;78;2;2;48;2;247;1;1m▃[38;2;118;4;4;48;2;235;3;2m▁[38;2;243;2;2;48;2;72;28;28m▆[38;2;195;9;9;48;2;20;231;230m▆[38;2;137;13;13;48;2;11;140;139m▇[38;2;233;3;3;48;2;6;0;0m▄[38;2;236;2;2;48;2;28;1;1m▅[38;2;234;2;2;48;2;152;4;4m▇[0m[7m[38;2;227;2;2m▂[38;2;183;3;3m▅[0m [38;2;0;0;0m             [0m
 [38;2;0;0;0m              [0m [7m[38;2;99;5;5m▆[38;2;118;5;5m▃[38;2;183;4;4m▁[0m[38;2;229;4;4;48;2;139;7;7m▆[38;2;200;4;4;48;2;120;4;4m▆[38;2;80;4;4;48;2;184;6;6m▝[38;2;240;2;1;48;2;119;5;5m▇[38;2;251;0;0;48;2;243;2;2m▇[48;2;240;2;2m▇[48;2;243;2;2m▇[38;2;232;2;2;48;2;130;5;5m▇[38;2;145;6;5;48;2;190;7;7m┑[38;2;239;2;2;48;2;162;7;6m▅[38;2;191;3;3;48;2;214;4;3m╲[0m[7m[38;2;195;5;5m▂[38;2;215;3;3m▅[38;2;202;4;4m▆[0m [38;2;1;0;0m                [0m
 [38;2;0;0;0m                  [7m[38;2;66;1;1m▇[0m[38;2;210;8;8m▝[38;2;104;5;5;48;2;240;1;1m▁[48;2;251;0;0m    [38;2;251;0;0;48;2;250;0;0m┈[38;2;82;6;5;48;2;227;3;3m▁[0m[7m[38;2;108;6;5m▆[38;2;78;4;4m▇[0m[38;2;1;0;0m                    [0m
 [38;2;0;0;0m                    [0m [7m[38;2;129;5;4m▆[38;2;182;3;3m▆[38;2;155;5;5m▆[38;2;183;4;3m▆[38;2;180;8;8m▇[0m [38;2;0;0;0m                      [0m[u[0m [38;2;0;0;0m                                [38;2;145;7;7m▁[38;2;68;4;4m▃            [38;2;97;6;5m▃[0m [38;2;5;0;0m [0m
 [38;2;0;0;0m                          [0m [38;2;194;8;7m▂[38;2;199;6;6m▄[38;2;199;8;7m▅[38;2;140;6;6m▆[7m[38;2;170;7;7m▄[38;2;134;6;6m▅[0m [38;2;0;0;0m    [0m  [38;2;0;0;0m   [0m [38;2;160;6;6m▂[7m[38;2;162;6;6m▘[0m[38;2;188;9;9m▘  [0m
 [38;2;0;0;0m                        [38;2;100;3;2m▁[38;2;208;4;3m▅[38;2;242;2;1;48;2;221;5;4m╴[0m[7m[38;2;213;6;6m▃[38;2;156;6;6m▅[38;2;48;1;1m▇[0m[38;2;0;0;0m       [38;2;146;4;4m▗[7m[38;2;158;7;7m▚[0m [38;2;0;0;0m [0m [38;2;185;9;9m▗[38;2;195;6;6;48;2;76;3;3m▆[0m[7m[38;2;188;6;6m▄[0m [38;2;2;0;0m   [0m
    [38;2;0;0;0m         [38;2;94;8;7m▂[38;2;33;1;1m▃         [7m[38;2;60;3;2m▉[0m[38;2;115;7;7;48;2;224;3;2m▏[38;2;247;0;0;48;2;243;1;0m▃[38;2;242;1;1;48;2;196;5;4m▉[0m[38;2;205;5;4m▄[38;2;159;6;6m▂[38;2;174;11;10m▁[38;2;188;10;9m▖    [0m [38;2;212;3;3m▄[7m[38;2;200;5;5m▗[0m [38;2;0;0;0m  [0m [7m[38;2;150;7;7m▄[0m[38;2;106;6;6m▌     [0m
 [38;2;0;0;0m [0m [38;2;122;3;2;48;2;25;1;1m▗[0m[38;2;147;3;3m▖        [7m[38;2;151;8;8m▍[0m[38;2;19;0;0;48;2;161;6;6m▝[0m [38;2;0;0;0m    [0m [38;2;124;8;8m▆[0m [38;2;0;0;0m [0m [7m[38;2;170;4;4m▖[0m[38;2;251;0;0;48;2;248;1;1m┈[48;2;251;0;0m [48;2;249;0;0m▇[38;2;250;0;0;48;2;251;0;0m┊[38;2;251;0;0;48;2;243;3;3m▇[0m[38;2;234;2;2m▋[0m [38;2;97;4;4m▁[38;2;149;5;5m▖ [38;2;172;9;9m▝[7m[38;2;151;5;5m▅[0m [38;2;0;0;0m  [38;2;69;5;5m▂[0m [38;2;0;0;0m       [0m
 [38;2;0;0;0m  [38;2;2;0;0;48;2;177;3;3m▌[38;2;237;1;1;48;2;68;2;2m▋[0m [38;2;0;0;0m       [0m [38;2;103;6;6;48;2;225;4;4m▏[0m[7m[38;2;121;3;3m▝[0m [38;2;0;0;0m    [38;2;173;6;6m▝[38;2;197;7;6;48;2;86;3;2m▚[0m[38;2;227;2;2m▄[38;2;122;3;3m▂[0m [38;2;131;5;4;48;2;243;2;2m▎[48;2;251;0;0m     [0m[38;2;236;2;2m▇[38;2;123;5;5;48;2;222;3;2m▁[38;2;120;5;5;48;2;244;2;2m▝[0m[38;2;87;4;4m▖  [0m [38;2;116;8;7m▄ [7m[38;2;180;7;7m▌[0m[38;2;181;7;6m▌      [38;2;64;11;9m▁[0m
 [38;2;0;0;0m  [0m [38;2;45;1;1;48;2;228;1;1m▃[38;2;3;0;0;48;2;178;2;2m▝[0m [38;2;0;0;0m       [38;2;203;6;6m▝[38;2;139;4;4;48;2;236;2;2m▁[0m[7m[38;2;206;2;2m▝[0m[38;2;87;4;4m▖ [38;2;46;5;5m▝[38;2;172;6;5m▅[38;2;225;3;3m▃[7m[38;2;231;3;3m▘[0m[38;2;37;2;2;48;2;251;0;0m [38;2;251;0;0;48;2;249;0;0m┈[38;2;250;0;0;48;2;177;8;8m▇[48;2;251;0;0m     [38;2;251;0;0;48;2;250;0;0m┈[0m[7m[38;2;135;4;4m▗[0m[38;2;59;6;5m▂[7m[38;2;173;7;7m▂[0m[38;2;119;6;6m▘ [0m [7m[38;2;195;4;3m▘[0m[38;2;212;4;4m▋[0m [7m[38;2;142;8;8m▗[0m [7m[38;2;151;9;9m▌[0m[38;2;169;4;4m▄[0m [38;2;0;0;0m  [7m[38;2;113;5;5m▊[0m[38;2;181;9;9m▊[0m
 [38;2;0;0;0m   [0m [7m[38;2;75;2;2m▅[0m[38;2;18;2;2;48;2;54;2;2m╴[0m[38;2;144;6;6m▂[0m [38;2;65;4;4m     [38;2;73;6;6m▂[7m[38;2;87;3;3m▇[38;2;226;4;4m▖[0m[38;2;231;2;2;48;2;147;6;5m▉[0m[38;2;104;7;7m▂[0m [7m[38;2;190;4;4m▎[0m[38;2;14;0;0;48;2;251;0;0m          [38;2;248;1;1;48;2;201;6;6m▉[38;2;223;2;2;48;2;59;2;2m▅[38;2;215;5;5;48;2;68;2;2m▊[0m[38;2;190;11;11m▁[38;2;199;6;6m▂[38;2;198;3;3m▄[7m[38;2;233;1;1m▘[0m[38;2;77;4;3;48;2;251;0;0m [38;2;246;1;1;48;2;172;7;7m▉[0m[38;2;98;4;4m▏ [38;2;135;6;5m▗[38;2;67;2;2;48;2;235;3;3m▘[38;2;251;0;0;48;2;250;0;0m┈[0m[38;2;160;7;7m▌  [7m[38;2;169;6;6m▌[0m[38;2;222;4;3;48;2;56;4;4m▉[0m
[38;2;141;9;9m▗[0m   [38;2;0;0;0m  [0m [7m[38;2;67;2;2m▖[0m[38;2;121;5;4;48;2;212;4;4m▖[0m[38;2;204;4;4m▄[0m [38;2;39;3;2m   [38;2;69;4;3m▝[38;2;16;1;1;48;2;85;6;6m▄[38;2;62;2;2;48;2;219;5;4m▍[38;2;250;0;0;48;2;232;5;5m▉[38;2;133;7;6;48;2;223;4;4m▘[38;2;214;5;4;48;2;87;4;4m▗[38;2;250;0;0;48;2;240;2;2m┊[48;2;251;0;0m     [38;2;251;0;0;48;2;249;0;0m┈[48;2;245;1;1m┈[48;2;251;0;0m  [48;2;243;1;1m┈[38;2;141;5;5;48;2;242;2;2m▂[38;2;250;0;0;48;2;251;0;0m▏ [38;2;251;0;0;48;2;247;1;1m▇[38;2;250;0;0;48;2;251;0;0m▁▁ [38;2;249;0;0m▗[0m[38;2;196;4;4m▊[0m  [38;2;86;4;3;48;2;207;5;5m▘[0m[7m[38;2;234;2;2m▃[38;2;186;4;4m▅[0m[38;2;113;7;6m▃  [7m[38;2;161;6;6m▌[0m[38;2;236;3;3;48;2;107;5;4m▉[0m
[7m[38;2;167;8;8m▌[38;2;157;5;5m▝[0m [38;2;13;0;0;48;2;136;8;8m▖[0m[38;2;142;7;7m▖[38;2;175;12;11;48;2;44;3;3m▗[0m[38;2;105;5;4m▂[0m [38;2;95;4;4m▝[38;2;127;6;6;48;2;241;2;2m▖[38;2;77;4;4;48;2;226;4;3m▝[0m[38;2;34;1;1m▖[38;2;137;12;10;48;2;54;3;3m┓[0m [7m[38;2;167;6;6m▘[0m[38;2;171;7;7;48;2;32;1;1m▖[38;2;79;3;2;48;2;226;4;4m▎[38;2;247;0;0;48;2;250;0;0m▅[48;2;234;5;4m▇[38;2;248;0;0;48;2;247;0;0m┊[38;2;247;0;0;48;2;250;0;0m▅▅▅▅[38;2;249;0;0;48;2;247;0;0m┊[38;2;87;4;4;48;2;238;1;1m▂[38;2;230;3;3;48;2;100;4;4m▘[38;2;69;1;1;48;2;219;7;6m▍[38;2;52;2;2;48;2;216;3;3m▗[38;2;34;0;0;48;2;169;5;5m━[38;2;233;4;4;48;2;78;4;4m▄[38;2;89;3;3;48;2;223;9;9m▋[38;2;247;0;0;48;2;251;0;0m▆[48;2;250;0;0m▅[38;2;249;0;0;48;2;247;0;0m┊[38;2;14;0;0;48;2;169;5;5m▗[38;2;21;0;0;48;2;197;4;4m▖[38;2;249;0;0;48;2;247;1;0m┊[38;2;247;0;0;48;2;251;0;0m▆[38;2;228;2;2;48;2;143;5;5m▉[0m[38;2;130;5;5m▄[38;2;174;6;6;48;2;100;5;5m▇[0m[38;2;76;4;4m▘[0m [7m[38;2;177;5;5m▎[0m[38;2;233;3;2;48;2;120;5;5m▊[0m [38;2;50;2;2m [7m[38;2;84;5;4m▋[0m[38;2;216;10;10m▘[0m
 [7m[38;2;150;5;5m▄[38;2;66;4;4m▁[0m[38;2;28;1;1m▝[38;2;52;2;2;48;2;206;6;6m▖[38;2;237;2;2;48;2;95;4;4m▅[38;2;242;2;2;48;2;238;3;3m┈[38;2;218;5;5;48;2;115;5;5m▇[0m[38;2;188;8;8m▖[7m[38;2;128;5;5m▌[0m[38;2;247;0;0;48;2;235;3;3m┊[0m[38;2;107;5;4m▌[38;2;142;7;7m▝[38;2;56;2;2;48;2;187;6;6m▝[38;2;147;7;7;48;2;242;1;1m▘[38;2;238;1;1;48;2;169;4;4m▇[38;2;231;3;3;48;2;114;4;4m▃[38;2;177;8;8;48;2;241;2;2m▖[48;2;247;0;0m [38;2;80;3;2;48;2;229;4;4m▗[38;2;45;1;1;48;2;235;2;2m▃[38;2;104;6;6;48;2;231;3;3m▁[38;2;88;3;2;48;2;239;2;2m▃[38;2;247;0;0;48;2;240;2;2m┈[38;2;181;6;6;48;2;88;4;3m▚[38;2;228;2;2;48;2;90;3;3m▆[38;2;245;1;1;48;2;226;8;8m▉[38;2;191;7;6;48;2;106;5;5m▂[38;2;79;3;3;48;2;223;4;3m▘[38;2;247;0;0;48;2;246;0;0m┈[48;2;245;1;1m┈[38;2;128;6;5;48;2;226;8;8m▋[48;2;247;0;0m [38;2;238;3;3m▁[38;2;243;2;2;48;2;202;7;7m▉[38;2;228;3;3;48;2;40;0;0m▅[38;2;236;3;3;48;2;40;1;1m▅[38;2;177;8;7;48;2;245;1;1m▘[48;2;247;0;0m [38;2;247;0;0;48;2;237;2;2m┈[38;2;118;6;6;48;2;206;7;7m▚[38;2;243;2;2;48;2;222;3;3m┈[0m[38;2;177;6;6m▖[38;2;175;6;5;48;2;68;4;4m▇[38;2;133;6;6;48;2;244;1;1m▘[38;2;247;0;0;48;2;246;1;0m┈[0m[38;2;173;7;7m▍   [0m
[38;2;175;4;4;48;2;17;1;1m▗[0m[38;2;12;0;0m╴ [0m [38;2;77;5;5m▝[7m[38;2;213;3;3m▃[0m[38;2;46;2;2;48;2;235;1;1m▂[0m[7m[38;2;141;6;6m▗[0m[38;2;18;159;158;48;2;65;14;13m▂[0m[38;2;22;175;174m▂[38;2;35;171;171;48;2;141;5;5m▄[38;2;85;26;25;48;2;18;98;97m▊[0m[38;2;14;238;237m▅[38;2;12;233;232;48;2;52;28;27m▄[38;2;30;80;79;48;2;193;4;4m▖[38;2;248;0;0;48;2;244;1;1m┈[38;2;251;0;0;48;2;247;0;0m▃▃▃[38;2;249;0;0;48;2;241;1;1m┈[38;2;222;2;2;48;2;40;1;1m▅[38;2;182;5;5;48;2;22;1;1m▃[38;2;47;2;2;48;2;175;9;8m▌[38;2;248;0;0;48;2;227;3;3m┈[38;2;164;6;6;48;2;246;1;1m▘[38;2;251;0;0;48;2;247;0;0m▃▃[38;2;249;0;0;48;2;245;1;1m▇[38;2;251;0;0;48;2;247;0;0m▃▃[38;2;105;4;4;48;2;229;3;3m▗[38;2;219;9;9;48;2;103;5;5m▝[38;2;179;6;5;48;2;78;3;3m▚[38;2;171;6;5;48;2;246;1;1m▘[38;2;251;0;0;48;2;247;0;0m▃▃▃[38;2;248;0;0;48;2;246;1;1m┈[38;2;92;3;3;48;2;242;1;1m▁[38;2;86;2;2m▁[38;2;238;2;2;48;2;158;9;8m▉[38;2;87;4;4;48;2;207;6;6m▌[0m[38;2;178;5;5m▊[38;2;127;6;6m▗[38;2;199;7;7;48;2;241;2;2m▏[0m[7m[38;2;193;4;4m▗[0m [38;2;46;2;2m   [0m
[38;2;56;1;1;48;2;227;1;1m▍[38;2;0;0;0;48;2;110;1;1m┊[0m  [38;2;39;2;2;48;2;169;7;7m▍[0m[38;2;92;3;3m▅[0m [38;2;16;150;149m▅[38;2;14;93;93;48;2;13;231;230m▂[38;2;1;32;32;48;2;5;250;249m▃[38;2;1;31;31;48;2;7;250;249m▃[38;2;2;33;33;48;2;13;229;228m▃[38;2;1;19;18;48;2;9;233;232m▂[38;2;22;101;100;48;2;8;246;245m▂[38;2;19;113;112;48;2;17;217;216m▂[38;2;50;28;28;48;2;208;6;6m▌[38;2;245;2;2;48;2;199;8;8m▉[38;2;107;4;3;48;2;219;4;4m▖[38;2;139;6;6;48;2;234;4;4m▗[38;2;215;8;7;48;2;247;1;1m▏[48;2;251;0;0m [38;2;251;0;0;48;2;250;0;0m┈[38;2;141;4;3;48;2;232;3;2m╹[48;2;251;0;0m [38;2;194;7;7;48;2;244;1;1m▁[38;2;251;0;0;48;2;248;1;1m┈[38;2;118;4;4;48;2;237;3;3m▗[38;2;206;8;8;48;2;243;2;2m▏[48;2;251;0;0m [38;2;250;0;0;48;2;240;3;3m▉[38;2;182;8;8;48;2;53;2;2m▎[38;2;226;3;3;48;2;87;5;4m▄[38;2;251;0;0;48;2;244;1;1m┈[48;2;251;0;0m  [48;2;246;1;1m╴[38;2;53;2;2;48;2;215;3;3m▃[38;2;6;0;0;48;2;133;4;4m▆[38;2;0;0;0;48;2;2;0;0m┈┈[38;2;55;2;2;48;2;192;6;6m▋[38;2;91;3;3;48;2;201;6;5m▝[0m[38;2;130;9;9m▊[38;2;80;3;3;48;2;224;4;4m▎[38;2;200;5;5;48;2;52;2;2m▊[0m[38;2;180;4;4m▄[38;2;173;6;6m▋   [0m
[38;2;112;4;4m▝[38;2;22;1;1;48;2;146;3;3m▂[0m[38;2;53;0;0m▂[38;2;26;0;0m▁[38;2;78;3;3;48;2;233;4;4m▍[38;2;229;6;6;48;2;101;2;2m▌[38;2;54;3;3;48;2;187;7;7m▝[38;2;4;12;12;48;2;24;130;129m▇[38;2;32;125;125;48;2;12;61;60m╻[38;2;29;197;196;48;2;7;53;52m━[38;2;20;224;223;48;2;5;26;26m▄[38;2;10;60;60;48;2;22;185;184m▌[38;2;21;137;136;48;2;19;204;203m┎[38;2;26;210;209;48;2;26;90;89m▘[38;2;40;179;178;48;2;36;69;68m┸[38;2;31;125;124;48;2;15;7;7m▃[38;2;13;4;4;48;2;197;5;4m▄[38;2;207;8;8;48;2;41;2;2m▘[38;2;37;1;1;48;2;205;6;6m▖[38;2;251;0;0;48;2;245;1;1m┈[38;2;244;1;1;48;2;198;3;3m▉[38;2;189;3;3;48;2;241;2;2m▏[38;2;209;5;5;48;2;248;1;1m▁[38;2;251;0;0;48;2;248;0;0m┈[38;2;206;8;8;48;2;80;3;3m▍[38;2;250;0;0;48;2;234;5;5m┊[38;2;107;5;4;48;2;218;9;9m▊[38;2;243;3;2;48;2;251;0;0m▏ [38;2;251;0;0;48;2;250;0;0m┈[38;2;237;2;2;48;2;90;4;4m▆[38;2;226;5;5;48;2;247;1;1m▏[48;2;251;0;0m [38;2;251;0;0;48;2;245;1;1m┊[38;2;54;2;2;48;2;228;2;2m▃[38;2;150;4;4;48;2;12;1;1m▘[48;2;0;0;0m    [38;2;7;0;0;48;2;128;5;5m▊[38;2;209;18;17;48;2;247;1;1m▏[38;2;239;2;2;48;2;154;9;9m▅[38;2;251;0;0;48;2;243;1;1m┊[38;2;213;8;8;48;2;126;5;5m▌[38;2;250;0;0;48;2;245;2;2m┊[0m[38;2;199;7;7m▋   [0m
  [38;2;58;4;4m▝[38;2;164;11;10;48;2;73;4;4m▇[38;2;179;2;2;48;2;239;2;2m▏[38;2;233;4;3;48;2;248;1;1m╵[38;2;251;0;0;48;2;246;1;1m┈[38;2;228;4;4;48;2;57;2;2m▖[38;2;3;3;3;48;2;17;77;76m▇[38;2;1;8;8;48;2;26;185;184m▄[38;2;1;16;16;48;2;19;191;189m▂[38;2;5;49;49;48;2;26;148;147m▂[38;2;49;195;194;48;2;23;119;118m┖[38;2;48;88;88;48;2;141;9;9m▃[38;2;13;106;105;48;2;150;8;7m▁[38;2;120;6;5;48;2;33;116;116m▘[38;2;26;169;168;48;2;11;60;59m▃[38;2;0;0;0;48;2;0;4;4m┊[38;2;11;14;14;48;2;95;4;4m▇[38;2;7;1;1;48;2;207;4;4m▅[38;2;94;7;7;48;2;156;8;8m▊[38;2;120;8;8;48;2;243;2;2m▃[38;2;216;4;4;48;2;127;5;4m▚[38;2;233;7;7;48;2;250;0;0m▘[38;2;65;2;2;48;2;235;3;3m▝[38;2;29;0;0;48;2;151;5;4m╾[38;2;52;2;2;48;2;166;6;6m▃[38;2;37;0;0;48;2;185;7;7m▁[38;2;91;1;1;48;2;243;3;3m▁[38;2;96;2;2;48;2;247;1;1m▁[38;2;43;0;0;48;2;238;2;2m▁[38;2;20;0;0;48;2;232;3;3m▂[38;2;19;0;0;48;2;217;3;3m▄[38;2;126;9;8;48;2;55;2;2m▃[38;2;12;1;1;48;2;141;7;7m▘[38;2;145;7;7;48;2;26;1;1m▎[48;2;0;0;0m   [38;2;0;0;0;48;2;1;0;0m┈[38;2;229;5;5;48;2;73;3;3m▗[38;2;251;0;0;48;2;246;1;1m┊[38;2;169;7;6;48;2;227;5;5m▖[38;2;246;0;0;48;2;250;0;0m╴[38;2;240;3;3;48;2;128;6;5m▖[38;2;74;8;7;48;2;220;4;4m▁[0m[38;2;142;5;5m▘   [0m
 [38;2;0;0;0m  [7m[38;2;166;5;5m▌[0m[38;2;243;3;3;48;2;250;0;0m▏[48;2;251;0;0m [38;2;249;1;1;48;2;214;9;8m▉[38;2;180;6;6;48;2;35;1;1m▘[38;2;21;166;165;48;2;3;5;5m▗[38;2;11;222;221;48;2;2;12;12m▄[38;2;22;231;230;48;2;12;89;89m▁[38;2;33;219;218;48;2;5;37;36m╸[38;2;3;21;21;48;2;26;155;154m▖[38;2;19;103;102;48;2;35;153;152m╶[38;2;0;61;60;48;2;37;178;177m─[38;2;1;65;64;48;2;30;177;176m─[38;2;7;45;44;48;2;18;228;227m▃[38;2;19;84;84;48;2;2;18;18m▏[38;2;2;18;18;48;2;22;239;238m▄[38;2;28;109;108;48;2;5;11;11m▏[38;2;7;0;0;48;2;164;7;7m▃[38;2;41;3;3;48;2;191;5;5m▖[38;2;39;2;2;48;2;239;2;2m▂[38;2;100;4;4;48;2;247;1;1m▂[38;2;251;0;0;48;2;250;0;0m┊┈[38;2;224;5;5;48;2;134;7;7m▇[38;2;181;8;8;48;2;5;0;0m▇[38;2;136;9;8;48;2;6;0;0m▆[38;2;147;8;8;48;2;7;0;0m▄[38;2;178;12;12;48;2;9;0;0m▂[38;2;171;13;12;48;2;6;0;0m▁[38;2;75;1;1;48;2;0;0;0m▁[38;2;2;0;0;48;2;20;1;1m▇[38;2;1;0;0;48;2;34;2;1m▇[38;2;14;0;0;48;2;0;0;0m▁[38;2;83;2;2m▁[38;2;199;10;10;48;2;13;0;0m▁[38;2;213;5;5;48;2;15;1;1m▃[38;2;196;5;5;48;2;54;3;3m▆[38;2;165;5;5;48;2;221;5;4m┎[38;2;228;3;3;48;2;180;7;7m▅[38;2;251;0;0;48;2;240;2;2m┈[48;2;247;1;1m┈[0m[38;2;154;5;5m▌[0m [38;2;0;0;0m    [0m
 [38;2;0;0;0m  [0m [7m[38;2;170;5;5m▅[38;2;233;2;2m▃[0m[38;2;107;4;4;48;2;223;5;4m▁[38;2;162;6;6;48;2;23;1;1m▖[38;2;0;12;12;48;2;21;152;151m▍[38;2;19;114;113;48;2;16;222;221m╺[38;2;22;137;136;48;2;18;209;208m╸[38;2;0;24;23;48;2;23;195;194m▁[38;2;22;195;194;48;2;0;24;23m▇[38;2;18;217;216;48;2;1;33;32m▆[38;2;8;248;247;48;2;14;74;73m▅[38;2;9;247;246;48;2;12;69;68m▅[38;2;16;234;233;48;2;0;17;16m▆[38;2;9;234;233;48;2;13;69;69m▆[38;2;6;52;52;48;2;12;219;218m▁[38;2;22;162;161;48;2;5;31;30m▘[38;2;12;234;233;48;2;8;48;48m▗[38;2;25;169;169;48;2;4;22;22m▍[38;2;191;10;9;48;2;53;3;3m╼[38;2;115;8;8;48;2;38;2;2m▝[38;2;103;4;4;48;2;219;3;3m▅[38;2;200;6;5;48;2;245;1;1m▏[38;2;249;1;1;48;2;193;5;5m▇[38;2;106;4;4;48;2;209;3;3m┗[38;2;102;4;4;48;2;193;7;7m▄[38;2;67;3;3;48;2;172;6;6m▁[38;2;93;2;2;48;2;186;8;7m╾[38;2;89;3;3;48;2;189;7;7m▂[38;2;222;4;4;48;2;160;11;10m▅[38;2;247;1;1;48;2;166;10;10m▄[48;2;160;7;7m▄[48;2;172;8;8m▄[38;2;246;2;1;48;2;184;7;7m▄[38;2;236;4;3;48;2;187;5;5m▅[38;2;116;5;5;48;2;211;5;4m▁[38;2;33;1;1;48;2;212;4;4m▂[38;2;63;2;2;48;2;182;4;4m▖[38;2;229;2;2;48;2;117;4;4m▄[38;2;111;5;5;48;2;221;3;3m▁[38;2;30;95;94;48;2;163;5;5m▄[38;2;21;163;162;48;2;9;28;28m▆[0m[38;2;17;192;191m▅[38;2;13;191;190m▂[0m [38;2;0;0;0m  [0m
 [38;2;0;0;0m  [0m [7m[38;2;130;11;10m▆[38;2;123;7;6m▄[38;2;39;3;3m▃[0m[38;2;5;0;0;48;2;129;12;11m▆[38;2;0;0;0;48;2;15;1;1m╴[38;2;187;13;13;48;2;63;21;20m┓[38;2;2;8;8;48;2;32;204;203m▆[38;2;1;11;11;48;2;26;174;173m▅[38;2;0;1;1;48;2;19;194;193m▄[48;2;21;201;200m▄[48;2;29;166;165m▄[38;2;1;10;10;48;2;38;163;162m▅[38;2;0;5;5;48;2;3;62;61m▇[38;2;0;0;0;48;2;0;1;1m┈[38;2;18;239;238;48;2;6;38;38m▗[38;2;11;226;225;48;2;2;14;14m▅[38;2;10;64;63;48;2;17;186;184m▚[38;2;14;206;205;48;2;14;129;128m▇[38;2;12;235;234;48;2;4;21;21m▃[38;2;14;77;77;48;2;61;12;12m▁[38;2;228;6;6;48;2;63;3;2m▘[38;2;163;6;5;48;2;244;3;2m▎[48;2;251;0;0m  [38;2;251;0;0;48;2;246;1;1m┈[38;2;243;1;1;48;2;91;3;3m▅[38;2;80;3;2;48;2;183;4;4m━[38;2;94;3;2;48;2;214;4;4m▃[38;2;234;3;3;48;2;75;3;3m▅[38;2;243;2;2;48;2;85;4;4m▃[38;2;14;0;0;48;2;168;5;4m━[38;2;8;0;0m━[38;2;234;4;4;48;2;85;3;3m▃[38;2;238;2;2;48;2;66;2;2m▄[38;2;214;5;5;48;2;37;1;1m▅[38;2;33;82;81;48;2;165;4;4m▂[38;2;26;81;80;48;2;219;4;4m▄[38;2;12;226;225;48;2;124;16;16m▄[38;2;7;247;246;48;2;27;47;46m▅[38;2;13;218;217;48;2;12;96;95m▃[38;2;8;45;44;48;2;14;225;224m▄[38;2;16;200;199;48;2;15;94;93m▆[38;2;14;78;77;48;2;16;192;191m━[38;2;15;223;222;48;2;15;100;100m▚[0m[38;2;18;170;169m▖ [0m
 [38;2;0;0;0m     [0m [38;2;151;9;9m▝[38;2;22;1;1;48;2;123;7;7m▝[38;2;10;1;1;48;2;80;9;8m▇[38;2;0;0;0;48;2;1;0;0m┈[48;2;0;0;0m   [38;2;17;205;204;48;2;4;24;24m▗[38;2;7;244;243;48;2;7;43;43m▅[38;2;4;250;249;48;2;8;50;49m▆[48;2;7;48;47m▆[38;2;0;252;251;48;2;7;238;237m┈[38;2;0;17;16;48;2;7;232;231m▂[38;2;13;245;244;48;2;14;81;80m▘[38;2;21;170;169;48;2;7;245;244m▏[38;2;2;251;250;48;2;40;224;223m▉[38;2;22;148;148;48;2;2;15;15m▏[38;2;225;6;5;48;2;58;3;3m▝[38;2;91;4;4;48;2;186;4;4m▖[38;2;99;4;4;48;2;233;3;3m▘[38;2;165;4;4;48;2;246;1;1m▁[38;2;25;1;1;48;2;230;2;2m▂[38;2;77;3;3;48;2;241;2;2m▄[38;2;214;8;7;48;2;247;1;1m╴[38;2;186;7;7;48;2;19;0;0m▌[38;2;15;0;0;48;2;157;5;5m▇[38;2;57;3;2;48;2;232;3;3m▅[38;2;75;3;3;48;2;243;2;1m▃[38;2;140;4;4;48;2;244;1;1m▁[48;2;251;0;0m [38;2;29;5;5;48;2;216;4;4m▗[38;2;73;48;47;48;2;15;197;196m▘[38;2;0;252;251;48;2;4;250;249m┈[38;2;4;245;244;48;2;14;124;123m▆[38;2;10;73;72;48;2;15;202;201m╺[38;2;10;72;71;48;2;7;238;237m▃[38;2;17;102;101;48;2;16;211;210m▂[38;2;11;242;241;48;2;12;88;87m▅[38;2;9;235;234;48;2;3;28;28m▅[38;2;19;154;153;48;2;11;220;219m╍[38;2;21;127;126;48;2;8;242;241m▘[0m[38;2;17;201;200m▋ [0m
 [38;2;0;0;0m       [7m[38;2;28;2;2m▇[0m  [38;2;88;7;6;48;2;5;0;0m▅[38;2;18;0;0;48;2;1;0;0m▏[38;2;1;9;9;48;2;18;96;95m▉[38;2;9;44;44;48;2;13;242;240m▃[38;2;17;224;223;48;2;16;109;108m▚[38;2;9;236;235;48;2;15;120;119m▅[38;2;11;67;66;48;2;12;206;205m╺[38;2;12;80;79;48;2;17;234;233m▄[38;2;7;59;58;48;2;25;190;189m▍[38;2;19;122;122;48;2;10;236;235m▂[38;2;25;115;114;48;2;4;246;245m▁[38;2;15;116;115;48;2;9;245;244m▁[38;2;29;178;177;48;2;9;45;45m▃[38;2;152;12;12;48;2;59;14;13m┗[38;2;26;1;1;48;2;227;4;4m▃[38;2;47;2;2;48;2;246;2;2m▃[38;2;218;7;6;48;2;25;1;1m▘[38;2;13;0;0;48;2;90;5;5m▉[38;2;33;1;1;48;2;221;6;6m▄[38;2;86;3;3;48;2;207;4;4m▅[38;2;154;12;12;48;2;43;1;1m▄[38;2;20;176;175;48;2;123;10;10m▃[38;2;12;226;225;48;2;145;8;7m▄[38;2;19;175;174;48;2;143;19;19m▃[38;2;197;6;6;48;2;97;4;4m▅[38;2;115;5;4;48;2;200;6;6m┓[0m[38;2;121;7;6m▎[7m[38;2;12;87;87m▇[38;2;11;195;194m▄[38;2;7;231;230m▂[0m[38;2;5;28;28;48;2;9;224;223m▁[38;2;13;69;69;48;2;16;217;216m▝[38;2;12;237;236;48;2;1;12;12m▄[38;2;15;233;232;48;2;7;47;46m▃[38;2;2;24;24;48;2;13;192;191m━[38;2;23;123;122;48;2;10;218;217m╸[0m[7m[38;2;22;193;192m▗[0m [38;2;3;25;24m [0m
 [38;2;0;0;0m          [0m [7m[38;2;1;5;5m┈[0m[38;2;16;210;209;48;2;2;20;19m▂[38;2;6;238;237;48;2;9;72;71m▅[38;2;0;252;251;48;2;2;251;250m┈[48;2;0;252;251m  [38;2;17;230;229;48;2;8;49;48m▋[38;2;13;57;57;48;2;13;212;211m▂[38;2;0;4;4;48;2;18;196;195m▁[38;2;8;43;42;48;2;16;179;178m▂[38;2;0;15;14;48;2;23;158;157m▁[38;2;18;188;187;48;2;14;84;83m▊[38;2;32;196;195;48;2;16;87;86m┲[38;2;0;9;8;48;2;1;1;1m╴[38;2;45;3;2;48;2;170;6;6m▍[38;2;237;4;4;48;2;56;3;3m▆[38;2;233;4;4;48;2;31;0;0m▆[38;2;201;4;4;48;2;73;3;3m▇[38;2;22;1;1;48;2;201;4;4m▃[38;2;38;23;23;48;2;22;209;208m▌[38;2;0;252;251;48;2;1;252;251m┈[48;2;0;252;251m [48;2;2;250;249m┈[38;2;106;31;30;48;2;12;214;213m▝[38;2;21;169;168;48;2;177;15;14m▂[0m[7m[38;2;119;7;7m▝[0m [38;2;0;0;0m   [7m[38;2;29;176;175m▇[38;2;18;235;234m▆[38;2;13;202;201m▅[38;2;12;244;243m▆[38;2;22;195;194m▇[0m [38;2;0;0;0m  [0m
 [38;2;0;0;0m      [0m [38;2;32;188;187m▁[38;2;15;237;236m▂[38;2;10;228;227m▄[38;2;7;227;226m▆[38;2;4;248;247;48;2;17;138;137m▇[48;2;0;252;251m  [38;2;25;175;174;48;2;2;251;250m▁[38;2;8;39;39;48;2;6;239;238m▂[38;2;6;45;44;48;2;12;238;237m▅[38;2;24;185;184;48;2;5;31;31m▂[38;2;0;0;0;48;2;0;1;1m┈[48;2;0;0;0m      [48;2;1;0;0m┈[48;2;59;2;2m▇[48;2;61;4;3m▇[48;2;1;0;0m┈[38;2;16;105;104;48;2;0;1;1m▗[38;2;22;145;144;48;2;3;25;24m▖[38;2;4;32;32;48;2;13;229;228m▄[38;2;15;95;94;48;2;4;248;247m▂[38;2;0;252;251;48;2;3;250;249m┈[48;2;0;252;251m [48;2;1;251;250m┈[38;2;3;250;249;48;2;25;110;110m▆[0m[38;2;6;247;246m▄[38;2;12;217;216m▃[38;2;19;159;158m▂[0m [38;2;0;0;0m        [0m
 [38;2;0;0;0m     [0m [7m[38;2;21;168;167m▅[38;2;14;244;243m▅[38;2;8;248;247m▅[38;2;5;212;211m▄[38;2;9;246;245m▅[38;2;14;232;231m▅[0m[38;2;140;8;8;48;2;11;112;112m▃[38;2;212;3;3;48;2;15;77;77m▄[38;2;223;6;6;48;2;29;8;8m▖[38;2;0;0;0;48;2;1;0;0m┈[38;2;0;2;2;48;2;8;63;63m▉[38;2;19;137;136;48;2;11;244;243m▖[38;2;5;244;243;48;2;17;100;100m▆[38;2;26;219;218;48;2;2;17;17m▖[38;2;41;177;176;48;2;19;44;43m─[38;2;166;9;8;48;2;10;42;41m▂[38;2;235;6;6;48;2;12;1;1m▂[38;2;209;5;5;48;2;4;0;0m▃[38;2;239;5;5;48;2;17;0;0m▂[38;2;196;7;6;48;2;4;0;0m▂[38;2;46;225;224;48;2;22;18;18m╶[38;2;26;140;139;48;2;0;3;3m▄[38;2;12;230;229;48;2;7;38;38m▄[38;2;13;173;172;48;2;9;232;231m▁[38;2;22;188;187;48;2;2;18;18m▘[48;2;0;0;0m [38;2;145;9;9;48;2;4;0;0m▗[38;2;211;4;4;48;2;9;41;41m▄[38;2;103;12;12;48;2;20;227;226m▆[38;2;0;0;0;48;2;19;106;105m┈[0m[7m[38;2;11;237;236m▄[38;2;5;213;212m▃[38;2;7;248;247m▄[38;2;8;247;246m▄[38;2;16;233;232m▄[38;2;17;150;149m▄[0m [38;2;0;0;0m      [0m
 [38;2;0;0;0m            [7m[38;2;69;3;3m▇[38;2;204;3;3m▃[0m[38;2;95;4;4;48;2;239;3;3m▁[38;2;240;3;3;48;2;67;3;3m▅[38;2;241;3;3;48;2;18;1;1m▄[38;2;242;3;2;48;2;23;33;33m▄[38;2;205;4;3;48;2;22;167;166m▆[38;2;233;4;4;48;2;74;28;28m▆[38;2;55;0;0;48;2;228;3;3m▁[38;2;73;3;3;48;2;243;2;2m▃[38;2;105;5;5;48;2;242;3;3m▄[38;2;74;3;3;48;2;225;4;4m▄[38;2;92;6;5;48;2;239;3;3m▄[38;2;68;2;2;48;2;241;2;2m▃[38;2;146;7;7;48;2;243;2;2m▂[38;2;243;2;2;48;2;107;18;18m▆[38;2;212;4;3;48;2;28;199;198m▆[38;2;243;2;2;48;2;24;41;41m▄[38;2;244;2;2;48;2;20;0;0m▄[48;2;50;2;2m▅[38;2;152;6;6;48;2;234;2;2m▁[0m[7m[38;2;235;1;1m▃[38;2;157;5;5m▅[0m [38;2;0;0;0m             [0m
 [38;2;0;0;0m              [0m [7m[38;2;110;7;7m▇[0m[38;2;148;9;9m▝[7m[38;2;181;6;6m▂[0m[38;2;227;5;5;48;2;117;5;5m▆[38;2;190;5;5;48;2;80;2;2m▇[38;2;97;3;3;48;2;191;6;6m▝[38;2;245;1;1;48;2;155;5;5m▇[48;2;251;0;0m [38;2;250;0;0m┊ [38;2;236;1;1;48;2;156;5;5m▇[38;2;157;8;7;48;2;212;6;6m▚[38;2;232;4;3;48;2;137;6;6m▆[38;2;176;5;5;48;2;206;5;5m╲[0m[7m[38;2;186;7;6m▂[38;2;188;4;4m▅[38;2;163;6;6m▆[0m [38;2;0;0;0m                [0m
 [38;2;0;0;0m                  [0m [38;2;212;8;8m▝[38;2;112;5;5;48;2;245;1;1m▂[38;2;251;0;0;48;2;249;1;1m┊[38;2;250;0;0;48;2;251;0;0m▁[38;2;245;2;2m▁ [38;2;232;5;5m▁[0m[7m[38;2;222;3;3m▁[38;2;78;6;5m▆[0m [38;2;0;0;0m                    [0m
 [38;2;0;0;0m                    [0m [7m[38;2;153;9;8m▇[38;2;212;9;9m▇[38;2;179;12;12m▇[38;2;209;9;9m▇[38;2;126;7;7m▇[0m[38;2;1;0;0m                       [0m[u[0m [38;2;0;0;0m                                [38;2;100;5;4m▁[38;2;138;6;6m▃[38;2;57;2;2m╴           [0m [38;2;151;7;7m▖ [0m
 [38;2;0;0;0m                           [38;2;118;5;5m▂[38;2;222;5;5m▃[38;2;209;5;5m▅[38;2;171;5;4m▆[7m[38;2;173;5;5m▃[38;2;200;6;5m▅[0m [38;2;3;0;0m     [0m [38;2;20;1;1m    [0m [38;2;198;6;6m▃[7m[38;2;150;6;5m▗[0m [38;2;0;0;0m [0m
 [38;2;0;0;0m                        [0m [38;2;164;4;4m▃[38;2;225;4;4m▆[7m[38;2;218;5;5m▗[38;2;201;6;6m▅[38;2;79;3;3m▆[0m[38;2;0;0;0m       [0m [38;2;166;6;6m▄[38;2;140;8;8m▘ [0m [38;2;145;6;6m▗[38;2;192;7;7m▅[7m[38;2;191;6;6m▃[0m[38;2;142;5;5m▘   [0m
    [38;2;0;0;0m        [0m [38;2;92;8;8m▃[0m [38;2;3;0;0m          [7m[38;2;174;4;4m▘[0m[38;2;242;2;1;48;2;241;2;1m┈[38;2;241;3;2;48;2;209;8;7m▉[0m[38;2;189;5;5m▃[38;2;158;5;5m▂[38;2;213;8;8;48;2;57;3;3m▂[0m[38;2;178;7;7m▖    [0m [38;2;189;5;5m▄[38;2;86;3;3;48;2;189;5;5m▂[0m[38;2;175;6;5m▘  [7m[38;2;38;0;0m▉[38;2;161;10;10m▂[0m[38;2;82;4;4m▘     [0m
   [38;2;24;1;1;48;2;121;9;8m▉[38;2;177;1;0;48;2;57;1;1m╴[0m [38;2;0;0;0m      [0m [38;2;86;4;4;48;2;178;9;8m▖[0m[38;2;136;6;6m▖     [0m [38;2;186;13;12m▖  [0m [7m[38;2;184;5;4m▖[0m[38;2;247;0;0;48;2;245;0;0m┈[38;2;248;0;0;48;2;244;0;0m▄[38;2;251;0;0;48;2;245;0;0m▁▁▁[38;2;80;4;3;48;2;234;2;2m▝[0m[38;2;81;3;3m▁[38;2;111;4;4m▗[38;2;198;8;7m▖ [38;2;156;10;9m▝[7m[38;2;143;6;6m▆[0m [38;2;0;0;0m [0m [38;2;71;6;6m▂        [0m
 [38;2;0;0;0m [0m [38;2;7;1;0;48;2;170;2;2m▌[38;2;231;1;1;48;2;25;1;1m▊[0m [38;2;0;0;0m       [38;2;113;5;5m▝[38;2;158;3;3;48;2;219;4;3m╱[38;2;218;4;3;48;2;34;1;1m▖[0m [38;2;0;0;0m   [0m [7m[38;2;159;5;5m▃[0m[38;2;225;4;4m▅[38;2;217;2;2m▃[38;2;136;5;5m▁[7m[38;2;112;4;3m▉[0m[38;2;176;7;7;48;2;245;2;2m▏[48;2;251;0;0m     [38;2;179;4;4;48;2;234;2;2m▁[38;2;111;3;3;48;2;228;2;2m▁[0m[38;2;218;4;4m▋[0m [38;2;0;0;0m  [38;2;79;3;3m▁[38;2;192;12;11m▖ [7m[38;2;193;7;6m▍[0m[38;2;126;6;6m▍[0m [38;2;4;0;0m    [0m  [0m
 [38;2;0;0;0m [0m [7m[38;2;40;1;1m╴[0m[38;2;34;1;1;48;2;217;2;2m▂[0m[7m[38;2;145;2;2m▝[0m [38;2;0;0;0m       [38;2;217;5;4m▝[38;2;250;0;0;48;2;233;2;2m┊[0m[7m[38;2;192;3;3m▝[0m[38;2;72;4;4m▁ [38;2;95;6;6m▝[38;2;176;5;5m▅[38;2;234;3;3m▃[38;2;193;4;4;48;2;244;2;2m▏[48;2;251;0;0m [38;2;251;0;0;48;2;249;1;0m┈[48;2;203;9;8m▇[48;2;251;0;0m     [38;2;248;1;1;48;2;208;7;6m▉[0m[38;2;165;6;6m▘[7m[38;2;77;5;5m▚[38;2;148;7;6m▃[0m [38;2;3;0;0m [0m [7m[38;2;208;4;4m▘[0m[38;2;204;3;3m▊[0m [7m[38;2;132;7;7m▗[0m [7m[38;2;174;9;8m▍[0m[38;2;199;5;4m▖[0m [38;2;0;0;0m  [7m[38;2;168;7;7m▍[0m[38;2;142;6;6m▍[0m
 [38;2;0;0;0m   [0m [7m[38;2;83;1;1m▅[0m[38;2;13;0;0;48;2;50;1;1m╴[0m[38;2;119;6;6m▃[38;2;90;4;4m▁    [0m [38;2;93;8;8m▂[38;2;112;4;4m▝[38;2;89;3;3;48;2;238;3;3m▖[38;2;228;2;2;48;2;117;3;3m▇[0m[38;2;116;5;4m▂[0m [7m[38;2;193;4;4m▎[0m[38;2;7;0;0;48;2;251;0;0m          [38;2;243;2;2;48;2;180;3;3m▉[38;2;233;2;2;48;2;69;2;2m▅[38;2;71;3;3;48;2;227;3;3m▝[0m[38;2;153;5;5m▂[38;2;217;5;5m▂[38;2;213;3;3m▄[38;2;88;3;3;48;2;235;1;1m▘[48;2;251;0;0m [38;2;250;0;0;48;2;216;8;8m▉[0m[38;2;115;6;5m▎ [38;2;190;6;6m▗[38;2;153;3;3;48;2;230;2;2m▏[38;2;251;0;0;48;2;247;1;1m┈[0m[38;2;126;6;6m▌  [7m[38;2;175;8;8m▌[0m[38;2;92;4;4;48;2;234;2;2m▝[0m
[38;2;153;10;10m▗[0m   [38;2;20;0;0m   [0m [38;2;105;5;5;48;2;221;4;4m▖[0m[38;2;197;3;3m▅[38;2;60;2;2m▖   [7m[38;2;93;6;6m▇[0m[38;2;13;1;1;48;2;68;5;5m▃[38;2;51;1;1;48;2;217;6;5m▍[38;2;251;0;0;48;2;247;1;1m▉[38;2;123;3;3;48;2;223;4;4m╹[38;2;26;0;0;48;2;167;6;6m▝[38;2;249;1;1;48;2;232;2;2m┊[48;2;251;0;0m     [48;2;250;0;0m [38;2;202;5;4;48;2;248;1;1m▁[48;2;251;0;0m [38;2;250;0;0m▁[38;2;194;8;8;48;2;250;0;0m▁[38;2;94;4;4;48;2;238;2;2m▂[38;2;245;2;2;48;2;251;0;0m▏  [38;2;249;0;0m▁   [0m[38;2;208;4;4m▊[0m [38;2;71;3;3m▁[38;2;130;6;5;48;2;212;4;4m▘[0m[7m[38;2;230;2;2m▃[38;2;182;4;4m▅[0m[38;2;136;7;7m▃[0m [38;2;2;0;0m [7m[38;2;142;7;7m▋[0m[38;2;239;3;3;48;2;139;9;8m▉[0m
[7m[38;2;138;6;6m▌[38;2;184;6;6m▝[0m [7m[38;2;122;7;7m▖[0m[38;2;183;9;9m▖[38;2;175;11;10;48;2;41;3;3m▗[0m[38;2;140;6;6m▂[38;2;54;1;1m▁[38;2;88;4;4m▝[38;2;120;5;5;48;2;240;2;2m▖[38;2;109;4;4;48;2;238;3;2m▝[0m[38;2;72;3;3m▖[38;2;177;11;11;48;2;45;4;3m▗[0m [7m[38;2;184;6;6m▍[0m[38;2;182;7;7;48;2;38;1;1m▍[38;2;66;2;2;48;2;226;5;5m▍[48;2;251;0;0m [38;2;251;0;0;48;2;250;0;0m┈┈[48;2;251;0;0m    [48;2;249;1;0m┈[38;2;84;3;2;48;2;237;1;1m▂[38;2;45;1;1;48;2;164;5;4m╼[38;2;78;3;3;48;2;224;7;7m▌[38;2;53;1;1;48;2;214;3;2m▗[38;2;32;1;1;48;2;170;5;4m━[38;2;241;2;2;48;2;80;3;3m▄[38;2;58;0;0;48;2;152;8;8m┃[38;2;243;2;2;48;2;251;0;0m▏ [38;2;251;0;0;48;2;249;1;1m┈[38;2;231;4;4;48;2;78;3;3m▘[38;2;17;0;0;48;2;188;4;4m▖[38;2;251;0;0;48;2;248;1;1m┊[48;2;251;0;0m [48;2;230;2;2m╴[0m[38;2;141;6;6m▄[38;2;183;6;6;48;2;102;5;5m▇[0m[38;2;76;3;3m▘[38;2;47;7;6m▁[7m[38;2;178;5;5m▍[0m[38;2;241;2;2;48;2;164;7;6m▉[0m[38;2;87;3;3m▖ [7m[38;2;62;4;3m▋[0m[38;2;206;11;10m▘[0m
 [38;2;193;6;6m▝[7m[38;2;79;4;4m▂[0m[38;2;15;0;0m▝[38;2;44;1;1;48;2;203;6;6m▖[38;2;243;1;1;48;2;109;4;4m▅[38;2;218;5;5;48;2;243;2;1m▏[38;2;216;5;5;48;2;150;7;7m▇[0m[38;2;194;9;8m▖[7m[38;2;78;3;3m▖[0m[38;2;247;0;0;48;2;233;3;2m┊[0m[38;2;139;7;6m▌[38;2;91;4;3m▝[38;2;222;6;6;48;2;103;4;4m▚[38;2;132;6;6;48;2;245;1;1m▘[38;2;251;0;0;48;2;237;2;1m┈[38;2;239;2;2;48;2;116;4;4m▃[38;2;156;8;8;48;2;229;3;3m╴[38;2;250;0;0;48;2;248;0;0m▎[38;2;93;3;3;48;2;226;3;3m▗[38;2;29;1;1;48;2;230;3;3m▃[38;2;121;8;8;48;2;236;3;3m▂[38;2;76;3;2;48;2;236;2;2m▃[38;2;250;0;0;48;2;241;2;2m┊[38;2;211;6;6;48;2;109;4;4m▘[38;2;88;3;3;48;2;228;2;2m▘[38;2;251;0;0;48;2;246;1;1m╴[38;2;68;4;4;48;2;164;7;6m┗[38;2;86;3;3;48;2;227;3;3m▘[38;2;251;0;0;48;2;249;0;0m┈[38;2;248;0;0;48;2;246;1;1m┈[38;2;129;5;5;48;2;219;8;8m▋[38;2;234;4;4;48;2;249;0;0m▁[38;2;224;6;6m▁[38;2;245;1;1;48;2;205;5;4m▉[38;2;240;2;2;48;2;52;1;1m▅[38;2;243;2;1;48;2;60;2;2m▅[38;2;188;3;2;48;2;237;2;2m▏[38;2;247;0;0;48;2;251;0;0m▃[38;2;251;0;0;48;2;242;2;2m╴[38;2;231;4;4;48;2;139;7;7m▖[38;2;246;1;1;48;2;224;4;3m┊[0m[38;2;193;7;7m▖[38;2;94;5;4;48;2;187;6;6m▖[38;2;130;5;5;48;2;244;1;1m▘[38;2;251;0;0;48;2;248;0;0m╴[0m[38;2;181;8;7m▍   [0m
[38;2;188;5;5;48;2;23;1;1m▗[0m[38;2;13;0;0m╴ [0m [38;2;63;3;3m▝[7m[38;2;200;4;4m▃[0m[38;2;26;1;1;48;2;228;2;2m▂[0m[7m[38;2;134;5;5m▗[0m[38;2;16;149;148;48;2;63;4;4m▃[0m[38;2;17;200;199m▂[38;2;33;192;191;48;2;118;12;11m▄[38;2;88;33;33;48;2;20;102;101m▊[0m[38;2;9;247;246m▅[38;2;10;222;221;48;2;48;12;11m▅[38;2;26;97;96;48;2;185;5;5m▖[38;2;250;0;0;48;2;243;1;1m┈[38;2;251;0;0;48;2;247;0;0m▅▅▅[48;2;244;1;1m┈[38;2;232;2;2;48;2;56;2;2m▅[38;2;200;4;4;48;2;22;1;1m▃[38;2;47;2;2;48;2;182;9;9m▌[38;2;250;0;0;48;2;230;3;3m┈[38;2;175;6;6;48;2;247;1;1m▘[38;2;251;0;0;48;2;247;0;0m▅▅▅▅▅[38;2;233;3;3;48;2;115;4;4m▋[38;2;216;10;10;48;2;101;6;5m▝[38;2;217;5;5;48;2;95;4;4m▗[38;2;241;2;2;48;2;156;4;3m▇[38;2;251;0;0;48;2;247;0;0m▅▅▅[48;2;244;1;1m┈[38;2;45;0;0;48;2;237;2;2m▁[38;2;50;1;1m▁[38;2;240;2;2;48;2;167;8;7m▉[38;2;84;3;3;48;2;207;6;6m▌[0m[38;2;197;6;6m▋[7m[38;2;143;5;5m▊[0m[38;2;204;7;7;48;2;240;2;2m▏[0m[7m[38;2;181;4;4m▗[0m [38;2;0;0;0m   [0m
[38;2;58;2;2;48;2;232;2;2m▍[38;2;0;0;0;48;2;108;2;2m┊[0m  [38;2;36;2;2;48;2;176;8;8m▍[0m[7m[38;2;90;3;3m▝[0m [38;2;16;156;155m▅[38;2;10;67;67;48;2;13;231;230m▂[38;2;0;4;4;48;2;6;246;245m▃[38;2;0;3;3;48;2;7;246;245m▃[38;2;0;5;4;48;2;13;232;231m▃[38;2;2;45;44;48;2;6;250;249m▃[38;2;30;143;142;48;2;2;251;250m▃[38;2;21;110;109;48;2;17;219;218m▂[38;2;49;28;27;48;2;203;6;6m▌[38;2;244;2;2;48;2;198;9;8m▉[38;2;106;5;4;48;2;210;4;4m▖[38;2;144;5;5;48;2;230;4;4m▗[38;2;207;6;5;48;2;247;1;1m▏[48;2;251;0;0m [38;2;251;0;0;48;2;250;0;0m┈[38;2;236;2;2;48;2;152;7;7m▇[48;2;251;0;0m [38;2;194;6;6;48;2;248;1;1m▗[38;2;237;5;4;48;2;249;0;0m▏[38;2;120;4;4;48;2;232;3;3m▗[38;2;203;9;9;48;2;243;2;2m▏[48;2;251;0;0m [38;2;250;0;0;48;2;238;3;3m▉[38;2;176;9;9;48;2;52;2;2m▎[38;2;219;3;3;48;2;76;4;4m▅[38;2;251;0;0;48;2;247;1;1m┈[48;2;251;0;0m  [48;2;242;1;1m╴[38;2;60;2;2;48;2;225;3;3m▄[38;2;13;0;0;48;2;148;4;4m▇[48;2;0;0;0m [38;2;0;0;0;48;2;1;0;0m┈[38;2;46;2;1;48;2;190;6;6m▋[38;2;94;2;2;48;2;206;5;5m▝[0m[38;2;126;10;9m▊[38;2;93;3;3;48;2;230;4;4m▎[38;2;216;5;5;48;2;64;2;2m▋[0m[38;2;171;4;4m▅[38;2;183;6;5m▋   [0m
 [38;2;57;6;6;48;2;115;2;2m╴[0m[38;2;3;0;0m╴[38;2;43;0;0m▁[38;2;53;1;1;48;2;221;4;4m▎[38;2;229;6;6;48;2;107;3;3m▌[38;2;65;3;3;48;2;196;7;6m▝[38;2;3;6;6;48;2;25;111;110m▇[38;2;31;135;135;48;2;11;61;60m╻[38;2;25;241;240;48;2;11;73;72m╺[38;2;17;207;206;48;2;0;9;8m▅[38;2;12;68;67;48;2;21;196;195m▌[38;2;24;118;117;48;2;16;211;210m┎[38;2;26;158;157;48;2;28;63;62m▌[38;2;39;187;186;48;2;44;56;55m┸[38;2;34;131;131;48;2;13;13;13m▃[38;2;23;7;7;48;2;208;4;4m▅[38;2;211;9;9;48;2;32;2;2m▘[38;2;30;1;1;48;2;203;6;6m▖[38;2;251;0;0;48;2;245;1;1m┊[38;2;185;5;4;48;2;241;1;1m▁[38;2;190;3;3;48;2;240;2;2m▏[38;2;202;4;3;48;2;247;1;1m▁[38;2;251;0;0;48;2;248;1;1m┈[38;2;200;9;9;48;2;74;2;2m▍[38;2;250;0;0;48;2;233;5;5m┊[38;2;106;4;4;48;2;217;8;8m▊[38;2;251;0;0;48;2;249;0;0m┊[48;2;251;0;0m [48;2;250;0;0m┈[38;2;245;1;1;48;2;100;4;4m▆[38;2;251;0;0;48;2;245;1;1m┈[48;2;251;0;0m [48;2;240;1;1m╴[38;2;43;1;1;48;2;222;2;2m▃[38;2;127;5;4;48;2;8;0;0m▘[48;2;0;0;0m    [38;2;7;0;0;48;2;128;5;5m▊[38;2;208;17;16;48;2;248;1;1m▏[38;2;148;9;8;48;2;232;2;2m▝[38;2;251;0;0;48;2;245;1;1m┊[38;2;212;9;8;48;2;129;5;5m▌[38;2;228;9;9;48;2;248;1;1m▏[0m[38;2;197;7;7m▋   [0m
 [38;2;0;0;0m [38;2;51;4;4m▝[38;2;109;5;5;48;2;170;12;11m┚[38;2;186;2;1;48;2;240;2;2m▏[38;2;251;0;0;48;2;238;4;4m▇[48;2;247;1;1m┈[38;2;234;4;3;48;2;70;3;3m▖[38;2;0;0;0;48;2;4;8;8m┈[38;2;4;20;19;48;2;20;207;206m▅[38;2;6;36;36;48;2;14;203;202m▃[38;2;1;27;27;48;2;23;144;143m▂[38;2;47;197;196;48;2;20;120;120m┖[38;2;41;109;108;48;2;146;9;8m▃[38;2;33;161;160;48;2;142;8;7m▁[38;2;119;48;47;48;2;30;106;105m▎[38;2;0;1;1;48;2;26;148;147m▝[38;2;0;0;0;48;2;1;5;5m┊[38;2;13;30;29;48;2;75;3;3m▇[38;2;17;2;2;48;2;237;5;5m▆[38;2;58;1;1;48;2;141;13;11m╉[38;2;127;5;5;48;2;240;3;3m▃[38;2;218;5;4;48;2;129;4;4m▚[38;2;233;7;7;48;2;250;0;0m▘[38;2;81;3;3;48;2;240;2;2m▝[38;2;80;3;3;48;2;182;4;4m▚[38;2;42;1;1;48;2;167;6;6m▃[38;2;57;2;2;48;2;191;6;6m▂[38;2;44;0;0;48;2;238;3;3m▁[38;2;47;0;0;48;2;242;2;2m▁[38;2;67;4;4;48;2;248;1;1m▂[38;2;40;2;1;48;2;244;1;1m▃[38;2;32;1;1;48;2;234;2;2m▅[38;2;123;8;7;48;2;47;2;2m▃[38;2;12;1;1;48;2;142;7;7m▘[38;2;144;11;10;48;2;26;1;1m▎[48;2;0;0;0m   [38;2;0;0;0;48;2;2;0;0m┈[38;2;6;0;0;48;2;161;5;5m▘[38;2;251;0;0;48;2;245;1;1m┊[38;2;165;7;6;48;2;227;5;5m▖[38;2;246;0;0;48;2;250;0;0m╴[38;2;209;5;5;48;2;108;4;4m▌[38;2;85;8;7;48;2;228;4;4m▂[0m[38;2;128;5;4m▘   [0m
 [38;2;0;0;0m  [7m[38;2;181;6;5m▋[0m[38;2;245;3;2;48;2;248;1;1m╴[48;2;251;0;0m [38;2;249;1;1;48;2;211;9;8m▉[38;2;166;6;5;48;2;26;1;0m▘[38;2;24;181;180;48;2;3;8;8m▗[38;2;9;234;233;48;2;5;22;22m▄[38;2;3;20;20;48;2;19;152;151m▘[38;2;37;205;204;48;2;6;46;45m╸[38;2;3;23;23;48;2;25;149;148m▖[38;2;29;157;156;48;2;19;106;106m▆[38;2;2;78;78;48;2;31;179;178m─[38;2;17;101;101;48;2;29;182;182m╼[38;2;11;57;57;48;2;14;241;240m▄[38;2;18;79;78;48;2;1;17;16m▏[38;2;0;4;4;48;2;23;234;233m▄[38;2;28;103;103;48;2;5;11;11m▏[38;2;16;1;0;48;2;180;7;7m▄[38;2;37;2;2;48;2;179;5;5m▖[38;2;20;0;0;48;2;231;2;2m▂[38;2;80;3;3;48;2;243;1;1m▂[38;2;251;0;0;48;2;250;0;0m┈[48;2;248;0;0m▉[38;2;168;5;5;48;2;222;5;4m▁[38;2;189;8;8;48;2;19;0;0m▇[38;2;144;9;9;48;2;13;0;0m▆[38;2;155;10;9;48;2;11;0;0m▄[38;2;150;9;9;48;2;1;0;0m▃[38;2;206;13;13;48;2;11;0;0m▁[38;2;120;4;4;48;2;1;0;0m▁[38;2;47;0;0m▁[38;2;16;0;0;48;2;2;0;0m▁[38;2;44;0;0;48;2;0;0;0m▁[38;2;129;5;5;48;2;2;0;0m▁[38;2;180;6;6;48;2;4;0;0m▂[38;2;225;5;5;48;2;25;1;1m▃[38;2;197;5;5;48;2;73;2;2m▆[38;2;144;7;7;48;2;222;4;4m╺[38;2;231;3;3;48;2;175;7;7m▅[38;2;251;0;0;48;2;240;2;2m┈[48;2;246;1;1m┈[0m[38;2;211;7;6m▘[0m [38;2;0;0;0m    [0m
 [38;2;0;0;0m  [0m [7m[38;2;151;4;4m▅[38;2;222;2;2m▃[0m[38;2;75;3;3;48;2;219;4;4m▁[38;2;176;7;7;48;2;27;1;1m▖[38;2;23;218;217;48;2;10;67;67m┕[38;2;17;138;137;48;2;17;213;212m╺[38;2;21;148;147;48;2;19;208;207m╍[38;2;9;61;60;48;2;21;207;206m▂[38;2;20;202;201;48;2;6;49;48m▇[38;2;18;217;216;48;2;3;39;38m▆[38;2;15;239;238;48;2;0;31;30m▆[38;2;14;238;237;48;2;0;25;24m▆[38;2;14;234;233;48;2;2;30;30m▆[38;2;11;219;218;48;2;0;25;24m▇[38;2;0;14;13;48;2;13;225;224m▁[38;2;24;180;179;48;2;4;25;24m▘[38;2;11;241;240;48;2;8;57;56m▗[38;2;28;180;179;48;2;4;22;22m▍[38;2;167;9;8;48;2;46;3;3m━[38;2;46;2;2;48;2;132;7;7m▉[38;2;44;1;1;48;2;177;5;5m━[38;2;194;5;5;48;2;244;2;2m▏[38;2;251;0;0;48;2;245;1;1m┈[38;2;108;3;3;48;2;212;4;4m▝[38;2;56;1;1;48;2;172;5;5m╾[38;2;85;3;2;48;2;175;7;6m▂[38;2;94;2;2;48;2;192;7;7m╾[38;2;108;4;3;48;2;194;6;5m▃[38;2;117;7;6;48;2;206;6;6m▁[38;2;172;9;9;48;2;214;5;5m╵[38;2;179;8;8;48;2;216;4;4m╵[38;2;188;8;8;48;2;220;4;4m╵[38;2;189;7;7;48;2;221;4;4m╵[38;2;238;4;4;48;2;177;6;5m▅[38;2;81;2;2;48;2;208;4;4m▁[38;2;51;2;2;48;2;230;4;4m▃[38;2;37;0;0;48;2;178;4;4m╼[38;2;236;2;2;48;2;112;4;4m▄[38;2;117;5;5;48;2;228;3;3m▂[38;2;24;149;148;48;2;125;5;5m▃[0m[38;2;21;158;157m▇[38;2;18;195;194m▅[38;2;15;184;183m▃[0m [38;2;0;0;0m  [0m
 [38;2;0;0;0m  [0m [7m[38;2;112;8;8m▆[38;2;154;8;8m▅[38;2;37;3;3m▃[0m[38;2;15;1;1;48;2;147;10;9m▇[38;2;9;0;0;48;2;46;4;3m▉[38;2;187;14;14;48;2;67;15;14m┓[38;2;2;3;3;48;2;32;187;186m▆[38;2;0;2;2;48;2;28;187;186m▅[38;2;2;18;17;48;2;18;213;212m▅[38;2;3;20;20;48;2;17;217;216m▅[38;2;1;15;14;48;2;27;182;181m▅[38;2;0;2;2;48;2;31;157;156m▅[38;2;0;0;0;48;2;0;5;5m┈[48;2;0;0;0m [38;2;14;243;242;48;2;8;47;46m▗[38;2;9;235;234;48;2;4;27;27m▅[38;2;10;60;59;48;2;16;185;184m▚[38;2;14;208;207;48;2;13;142;141m▇[38;2;10;243;242;48;2;4;32;32m▃[38;2;5;2;2;48;2;56;25;25m╴[38;2;219;7;7;48;2;60;2;2m▘[38;2;169;6;5;48;2;244;2;2m▎[38;2;247;2;2;48;2;251;0;0m▁ [38;2;251;0;0;48;2;248;1;1m┈[38;2;236;2;2;48;2;79;3;3m▆[38;2;82;2;2;48;2;185;4;4m▘[38;2;84;3;3;48;2;215;4;4m▃[38;2;221;3;3;48;2;49;1;1m▆[38;2;231;3;3;48;2;59;2;2m▄[38;2;232;4;4;48;2;71;2;2m▃[38;2;229;3;3;48;2;74;2;2m▃[38;2;243;3;2;48;2;81;4;4m▃[38;2;245;2;2;48;2;61;2;2m▄[38;2;198;5;5;48;2;14;0;0m▆[38;2;27;123;122;48;2;167;4;4m▂[38;2;18;87;86;48;2;209;4;4m▄[38;2;9;236;235;48;2;106;25;25m▄[38;2;10;238;237;48;2;14;18;17m▆[38;2;11;232;231;48;2;12;94;93m▃[38;2;7;42;42;48;2;14;217;216m▄[38;2;13;192;191;48;2;14;105;104m▆[38;2;5;34;33;48;2;17;184;183m╺[38;2;18;231;230;48;2;14;105;104m▚[0m[38;2;19;190;189m▖ [0m
 [38;2;0;0;0m     [0m [38;2;154;9;9m▝[38;2;113;6;6;48;2;25;0;0m▇[38;2;7;1;1;48;2;69;2;2m▇[38;2;0;0;0;48;2;1;0;0m┈[48;2;0;0;0m  [48;2;0;1;1m┈[38;2;17;221;220;48;2;5;34;34m▗[38;2;7;232;231;48;2;1;16;16m▆[38;2;6;240;239;48;2;0;5;4m▇[38;2;4;241;240;48;2;0;6;5m▇[38;2;0;252;251;48;2;7;241;240m╴[38;2;4;49;48;48;2;6;249;248m▃[38;2;16;240;239;48;2;14;83;82m▘[38;2;20;174;173;48;2;6;246;245m▏[38;2;3;251;250;48;2;43;222;221m▉[38;2;24;144;144;48;2;1;14;14m▏[38;2;231;6;6;48;2;58;4;3m▝[38;2;64;2;1;48;2;181;5;5m╼[38;2;93;4;4;48;2;236;3;3m▘[38;2;143;4;4;48;2;244;1;1m▁[38;2;45;2;1;48;2;242;1;1m▃[38;2;79;2;2;48;2;234;3;3m▄[38;2;214;8;7;48;2;247;1;1m╴[38;2;185;8;7;48;2;19;0;0m▌[38;2;12;0;0;48;2;126;5;4m▇[38;2;60;3;2;48;2;219;4;4m▅[38;2;73;3;3;48;2;236;2;2m▃[38;2;151;6;5;48;2;248;1;1m▂[48;2;251;0;0m [38;2;25;4;4;48;2;208;5;4m▗[38;2;43;84;83;48;2;16;211;210m▍[38;2;0;252;251;48;2;2;251;250m┈[38;2;6;238;237;48;2;17;123;122m▇[38;2;5;55;54;48;2;15;201;200m╺[38;2;14;96;95;48;2;6;248;247m▄[38;2;14;76;75;48;2;17;204;203m▂[38;2;12;244;243;48;2;17;105;104m▅[38;2;6;245;244;48;2;5;37;37m▅[38;2;21;184;183;48;2;12;212;211m╸[38;2;19;143;142;48;2;8;242;241m▘[0m[38;2;16;190;190m▋ [0m
 [38;2;0;0;0m       [0m   [38;2;87;8;7;48;2;11;0;0m▅[38;2;22;0;0;48;2;1;0;0m▏[38;2;2;10;10;48;2;21;99;98m▉[38;2;4;28;28;48;2;16;239;238m▃[38;2;16;221;220;48;2;19;116;115m▚[38;2;9;247;246;48;2;17;105;104m▅[38;2;15;127;126;48;2;13;212;211m┗[38;2;13;81;80;48;2;20;231;230m▄[38;2;8;61;60;48;2;22;197;196m▍[38;2;19;128;127;48;2;11;234;233m▂[38;2;24;140;139;48;2;1;251;250m▂[38;2;22;145;144;48;2;7;249;248m▂[38;2;21;161;160;48;2;10;39;39m▄[38;2;55;21;20;48;2;144;10;9m▆[38;2;10;0;0;48;2;222;5;5m▃[38;2;25;0;0;48;2;241;3;2m▃[38;2;214;7;7;48;2;18;0;0m▘[38;2;13;0;0;48;2;87;5;5m▉[38;2;23;0;0;48;2;222;6;6m▄[38;2;30;1;1;48;2;165;5;4m━[38;2;196;8;7;48;2;68;9;9m▖[38;2;19;197;196;48;2;124;13;13m▃[38;2;13;242;241;48;2;126;15;15m▄[38;2;24;167;166;48;2;154;10;9m▄[38;2;186;7;6;48;2;86;3;3m▆[38;2;114;4;4;48;2;196;7;6m┓[0m[38;2;112;6;6m▎[0m [7m[38;2;13;211;210m▅[38;2;6;243;242m▃[0m[38;2;14;64;63;48;2;8;231;230m▂[38;2;14;82;82;48;2;18;219;218m▝[38;2;9;245;244;48;2;2;23;23m▄[38;2;13;246;245;48;2;6;42;41m▃[38;2;12;247;246;48;2;11;96;96m▃[38;2;24;157;156;48;2;14;211;210m╸[0m[7m[38;2;21;183;182m▗[0m [38;2;3;23;23m [0m
 [38;2;0;0;0m          [0m [38;2;14;70;70m▁[38;2;17;194;193;48;2;1;11;11m▃[38;2;9;63;62;48;2;9;230;229m▘[38;2;0;252;251;48;2;1;252;251m┈[48;2;0;252;251m  [38;2;18;231;231;48;2;8;49;48m▋[38;2;0;23;23;48;2;14;210;209m▂[38;2;1;31;31;48;2;16;208;207m▂[38;2;0;11;11;48;2;17;182;181m▂[38;2;9;44;43;48;2;24;166;165m▂[38;2;0;5;5;48;2;20;179;178m▁[38;2;29;183;182;48;2;17;82;81m┳[38;2;0;0;0;48;2;1;2;2m┊[38;2;44;2;2;48;2;171;6;6m▍[38;2;220;4;3;48;2;24;0;0m▇[38;2;230;4;4;48;2;57;2;2m▆[38;2;34;0;0;48;2;205;4;4m▁[38;2;34;1;1;48;2;213;4;4m▄[38;2;29;24;24;48;2;23;215;214m▌[38;2;0;252;251;48;2;1;252;251m┈[48;2;0;252;251m [48;2;1;251;250m┈[38;2;92;45;45;48;2;11;223;222m▝[38;2;30;157;156;48;2;190;9;9m▃[0m[7m[38;2;121;9;9m▝[0m [38;2;0;0;0m   [7m[38;2;22;121;121m▇[38;2;20;206;205m▆[38;2;16;243;242m▆[38;2;19;224;223m▆[38;2;24;149;148m▇[0m[38;2;1;4;4m   [0m
 [38;2;0;0;0m      [0m [38;2;27;225;224m▁[38;2;14;208;207m▃[38;2;11;241;240m▄[38;2;5;235;234m▆[38;2;3;251;250;48;2;22;172;171m▇[48;2;0;252;251m [38;2;0;252;251;48;2;1;252;251m┈[38;2;28;137;136;48;2;4;250;249m▁[38;2;10;57;57;48;2;5;248;247m▃[38;2;5;36;36;48;2;14;225;224m▅[38;2;23;201;200;48;2;7;34;34m▂[38;2;0;0;0;48;2;0;3;3m┈[48;2;0;0;0m       [48;2;31;0;0m▇[48;2;32;0;0m▇[48;2;0;0;0m [38;2;20;127;126;48;2;1;4;4m▗[38;2;22;160;159;48;2;3;19;19m▖[38;2;4;20;20;48;2;12;217;216m▄[38;2;10;58;57;48;2;5;244;243m▂[38;2;0;252;251;48;2;4;248;247m┈[48;2;0;252;251m [48;2;1;252;251m┈[38;2;4;244;243;48;2;19;91;91m▇[0m[38;2;8;233;232m▅[38;2;10;240;239m▃[38;2;16;191;190m▂[38;2;21;115;114m▁        [0m
 [38;2;0;0;0m     [0m [7m[38;2;34;221;220m▆[38;2;14;214;213m▅[38;2;19;236;235m▅[38;2;21;240;239m▅[38;2;17;229;228m▅[38;2;11;206;205m▅[0m[38;2;135;8;7;48;2;21;95;94m▃[38;2;226;4;4;48;2;18;56;55m▄[38;2;233;4;4;48;2;37;3;3m▖[38;2;0;0;0;48;2;1;0;0m┈[38;2;0;2;2;48;2;9;61;60m▉[38;2;18;117;116;48;2;11;243;242m▖[38;2;4;247;246;48;2;16;127;126m▆[38;2;24;222;221;48;2;4;23;23m▖[38;2;38;165;164;48;2;28;34;34m╾[38;2;203;8;7;48;2;14;42;42m▂[38;2;210;4;4;48;2;2;0;0m▃[38;2;229;8;8;48;2;9;0;0m▃[38;2;218;6;5;48;2;4;0;0m▃[38;2;221;7;6;48;2;11;0;0m▂[38;2;173;9;8;48;2;16;34;34m▁[38;2;29;130;130;48;2;0;14;14m▄[38;2;13;218;217;48;2;4;27;27m▅[38;2;16;158;157;48;2;10;233;232m▁[38;2;20;179;179;48;2;2;13;13m▘[48;2;0;0;0m [38;2;166;7;7;48;2;8;0;0m▗[38;2;227;4;4;48;2;15;25;25m▄[38;2;117;6;6;48;2;23;204;203m▆[38;2;16;183;182;48;2;20;82;82m╵[0m[7m[38;2;9;219;218m▄[38;2;16;244;243m▄▄[38;2;15;243;242m▄[38;2;12;221;220m▄[38;2;22;180;179m▅[0m [38;2;13;56;56m      [0m
 [38;2;0;0;0m            [0m [7m[38;2;193;3;3m▃[38;2;235;2;2m▁[0m[38;2;225;4;4;48;2;49;2;2m▆[38;2;221;3;3;48;2;4;0;0m▅[38;2;223;3;3;48;2;10;34;33m▅[38;2;214;5;4;48;2;30;120;120m▆[38;2;217;4;4;48;2;51;20;20m▇[38;2;83;3;3;48;2;241;3;3m▂[38;2;68;3;3;48;2;238;2;2m▃[38;2;43;0;0;48;2;191;4;4m─[38;2;94;2;2;48;2;241;3;3m▅[38;2;28;0;0;48;2;183;4;3m─[38;2;66;3;2;48;2;232;2;2m▃[38;2;139;8;7;48;2;242;2;2m▂[38;2;234;3;3;48;2;94;22;21m▇[38;2;226;3;3;48;2;22;155;154m▆[38;2;224;2;2;48;2;12;38;37m▅[38;2;226;2;2;48;2;6;0;0m▅[38;2;232;2;2;48;2;30;1;1m▆[38;2;96;7;7;48;2;235;2;2m▁[0m[7m[38;2;228;2;2m▃[38;2;175;4;4m▆[0m [38;2;0;0;0m             [0m
 [38;2;0;0;0m               [7m[38;2;56;1;1m▇[38;2;101;6;6m▄[38;2;177;5;5m▂[0m[38;2;218;4;4;48;2;116;3;3m▆[38;2;119;5;5;48;2;198;4;4m▂[38;2;111;6;6;48;2;197;6;5m▝[38;2;246;1;1;48;2;173;5;5m▇[48;2;251;0;0m   [38;2;240;1;1;48;2;168;6;6m▇[38;2;156;7;7;48;2;221;6;6m▚[38;2;228;4;4;48;2;144;6;5m▆[38;2;111;9;9;48;2;208;5;4m▁[0m[7m[38;2;175;7;6m▂[38;2;161;4;4m▅[38;2;189;11;10m▇[0m [38;2;0;0;0m                [0m
 [38;2;0;0;0m                  [0m [38;2;210;7;7m▝[38;2;82;3;3;48;2;242;1;1m▂[38;2;218;7;7;48;2;251;0;0m▁[38;2;247;0;0m▁[38;2;234;5;5m▁[38;2;251;0;0;48;2;250;0;0m┈[48;2;245;1;1m┈[0m[7m[38;2;232;3;3m▂[38;2;84;2;2m▇[0m [38;2;0;0;0m                    [0m
 [38;2;0;0;0m                    [0m [7m[38;2;94;8;8m▇[38;2;160;15;14m▇[38;2;134;5;5m▇[38;2;162;10;10m▇[38;2;71;4;4m▇[0m[38;2;0;0;0m                       [0m[u[0m [38;2;0;0;0m                                [38;2;134;6;6m▁[38;2;214;4;4m▂[38;2;168;9;8m╸            [38;2;179;7;7m▗[0m [0m
 [38;2;0;0;0m                           [0m [38;2;199;4;3m▃[38;2;217;3;2m▅[38;2;203;3;3m▆[7m[38;2;187;3;3m▂[38;2;203;3;3m▄[38;2;127;3;3m▆[0m[38;2;2;0;0m     [0m  [38;2;0;0;0m   [0m [38;2;157;4;4m▂[38;2;177;3;3m▅[38;2;204;4;4m▘ [0m
 [38;2;0;0;0m                         [0m [38;2;212;3;3m▄[38;2;242;2;1;48;2;204;4;3m╴[0m[7m[38;2;215;4;3m▄[38;2;150;5;4m▆[0m [38;2;0;0;0m      [0m [38;2;153;5;4m▂[7m[38;2;178;9;8m▚[0m [38;2;19;0;0m [38;2;102;7;7m▁[38;2;194;6;6m▄[7m[38;2;164;5;5m▂[38;2;207;5;4m▅[0m [38;2;2;0;0m  [0m
   [38;2;0;0;0m          [38;2;87;5;5m▃[0m [38;2;20;0;0m          [38;2;192;6;6m▗[38;2;229;3;3;48;2;130;4;4m▇[38;2;242;3;2;48;2;242;2;1m╶[0m[7m[38;2;163;5;5m▝[0m[38;2;182;8;7m▂[38;2;165;9;8m▆[38;2;55;2;2m▎    [0m [38;2;201;6;6m▃[38;2;179;6;5m▆[7m[38;2;171;5;5m▃[0m [38;2;0;0;0m [0m [7m[38;2;130;8;7m▁[38;2;111;5;5m▇[0m[38;2;8;1;0m     [0m
   [38;2;143;5;5;48;2;27;1;1m╺[38;2;194;5;5;48;2;65;1;1m╴[0m [38;2;0;0;0m      [0m [38;2;202;9;8;48;2;116;6;6m▚[0m[38;2;69;3;3m▖     [0m [38;2;182;12;11m▖[0m [38;2;0;0;0m  [7m[38;2;196;6;6m▎[0m[38;2;244;0;0;48;2;242;2;1m▂▂▂▂ [0m[7m[38;2;217;4;4m▝[0m[38;2;129;5;5m▂[38;2;109;4;4m▂[38;2;210;6;6m▖ [38;2;104;10;9m▝[7m[38;2;124;5;5m▆[0m [38;2;0;0;0m [0m [38;2;62;5;5m▂        [0m
 [38;2;0;0;0m [0m [38;2;24;0;0;48;2;184;3;3m▌[38;2;241;1;1;48;2;24;0;0m▊[0m [38;2;0;0;0m       [38;2;149;7;7m▝[38;2;208;3;3;48;2;127;4;4m▇[0m[38;2;214;4;3m▖[0m [38;2;0;0;0m   [0m [7m[38;2;178;7;6m▖[0m[38;2;225;2;2m▄[38;2;180;5;5m▂[38;2;65;2;2m▁[7m[38;2;157;8;8m▋[0m[38;2;232;6;6;48;2;246;0;0m▏[38;2;251;0;0m▂▂▂▂▂[38;2;247;0;0;48;2;213;3;3m╴[38;2;95;4;3;48;2;236;3;2m▖[0m[38;2;208;5;5m▋  [0m [38;2;140;7;7m▅[38;2;104;7;7m▖[0m [7m[38;2;183;8;7m▎[0m[38;2;89;5;5m▎[0m [38;2;11;0;0m    [38;2;74;4;3m▁ [0m
 [38;2;0;0;0m [0m [7m[38;2;58;2;2m╴[0m[38;2;62;2;2;48;2;225;2;2m▂[38;2;157;2;2;48;2;20;0;0m▄[0m [38;2;0;0;0m       [38;2;205;5;5m▝[38;2;250;0;0;48;2;233;2;2m┊[0m[7m[38;2;166;4;4m▝[0m [38;2;0;0;0m [38;2;127;7;7m▝[38;2;203;5;4m▄[7m[38;2;210;4;4m▘[0m[38;2;11;0;0;48;2;251;0;0m  [38;2;251;0;0;48;2;215;8;8m▇[48;2;223;6;6m▇[48;2;251;0;0m     [38;2;131;6;5;48;2;242;2;2m▗[0m[38;2;84;4;4m▏[7m[38;2;94;5;5m▚[0m[38;2;169;9;8m▘  [7m[38;2;112;4;4m▉[0m[38;2;154;6;6;48;2;236;3;3m▏[0m[7m[38;2;201;4;4m▝[0m [7m[38;2;133;7;7m▃[0m [7m[38;2;167;8;7m▎[0m[38;2;144;5;5m▖   [7m[38;2;174;8;8m▎[0m[38;2;80;4;4m▏[0m
 [38;2;0;0;0m   [0m [7m[38;2;101;2;2m▅[0m[38;2;8;0;0;48;2;42;1;1m╴[0m[38;2;110;6;6m▃[38;2;101;5;5m▁    [0m [38;2;82;7;7m▃[38;2;159;6;6m▝[38;2;165;4;4;48;2;237;2;2m▏[38;2;71;2;2;48;2;230;3;3m▝[0m[38;2;106;5;4m▂[38;2;79;5;5m▁[7m[38;2;193;5;5m▎[0m[38;2;12;1;1;48;2;251;0;0m          [38;2;115;5;5;48;2;247;1;1m▝[38;2;79;3;3;48;2;235;2;2m▘[0m[7m[38;2;230;3;3m▝[0m[38;2;206;6;6m▂[38;2;183;4;4m▃[38;2;228;3;2m▄[38;2;244;1;1;48;2;129;4;4m▆[48;2;251;0;0m [38;2;251;0;0;48;2;240;4;4m▉[0m[38;2;132;5;5m▍ [38;2;211;5;5m▗[38;2;249;1;1;48;2;233;2;2m┈[38;2;251;0;0;48;2;230;4;3m╴[0m[38;2;71;2;2m▍  [7m[38;2;180;7;7m▌[38;2;231;3;3m▝[0m
[38;2;157;10;10m▗[0m  [38;2;43;3;3m▁   [0m [38;2;79;3;3;48;2;222;4;4m▖[0m[38;2;204;3;3m▅[38;2;64;3;2m▂   [7m[38;2;79;7;7m▉[0m[38;2;2;0;0;48;2;44;4;3m╴[38;2;76;2;2;48;2;231;5;5m▍[38;2;251;0;0;48;2;248;1;1m▉[38;2;236;3;3;48;2;150;7;7m▆[38;2;32;0;0;48;2;181;7;7m▝[38;2;138;5;5;48;2;247;1;1m▘[48;2;251;0;0m     [38;2;251;0;0;48;2;250;0;0m┈[38;2;195;5;4;48;2;248;1;1m▁[48;2;251;0;0m  [38;2;175;7;7;48;2;249;1;1m▁[38;2;73;3;3;48;2;232;2;2m▂[38;2;237;5;4;48;2;250;0;0m▏[48;2;251;0;0m  [38;2;251;0;0;48;2;250;0;0m┈[48;2;251;0;0m   [0m[38;2;213;3;3m▊[0m [38;2;71;3;3m▁[38;2;117;4;4;48;2;207;5;4m▏[0m[7m[38;2;223;2;2m▃[38;2;155;4;4m▅[0m[38;2;150;8;7m▃[0m [38;2;14;0;0m [7m[38;2;106;5;5m▊[0m[38;2;251;0;0;48;2;228;5;5m┊[0m
[38;2;175;8;8m▝[7m[38;2;197;6;6m▝[0m[38;2;59;2;2m▁[7m[38;2;100;5;5m▖[38;2;124;6;6m▝[0m[38;2;15;0;0;48;2;122;9;9m▌[0m[38;2;174;7;7m▂[38;2;82;2;2m▁[38;2;83;3;3m▝[38;2;124;5;5;48;2;241;2;2m▖[38;2;121;7;7;48;2;242;2;2m▝[0m[38;2;89;4;4m▖[38;2;167;10;10;48;2;45;4;3m▗[0m[38;2;102;5;5m▖[7m[38;2;197;6;6m▌[0m[38;2;187;6;6;48;2;43;2;2m▌[38;2;41;1;1;48;2;209;6;5m▍[48;2;251;0;0m  [38;2;251;0;0;48;2;247;1;1m▇[48;2;251;0;0m    [48;2;248;1;1m┈[38;2;76;2;2;48;2;235;2;2m▂[38;2;43;1;1;48;2;168;4;4m╼[38;2;79;2;2;48;2;208;8;7m▌[38;2;54;1;1;48;2;217;3;2m▗[38;2;35;1;1;48;2;167;4;4m━[38;2;231;2;2;48;2;53;2;2m▅[38;2;58;2;2;48;2;146;8;8m┃[38;2;232;7;7;48;2;250;0;0m▏[48;2;251;0;0m [38;2;251;0;0;48;2;249;0;0m┈[38;2;236;3;3;48;2;78;3;3m▘[38;2;10;0;0;48;2;176;4;4m▖[38;2;251;0;0;48;2;248;1;1m┊[48;2;251;0;0m [48;2;237;2;2m┈[0m[38;2;151;6;6m▄[38;2;97;4;4;48;2;214;6;6m▘[0m[38;2;96;4;4m▏[38;2;44;6;5m▂[7m[38;2;164;6;6m▍[0m[38;2;251;0;0;48;2;242;2;2m╴[0m[38;2;111;5;4m▍ [7m[38;2;69;4;4m▉[0m[38;2;187;10;10m▘[0m
 [38;2;169;5;5m▝[7m[38;2;82;5;4m▂[0m[38;2;7;0;0m▝[38;2;33;2;2;48;2;193;6;6m▖[38;2;235;2;2;48;2;96;4;4m▆[38;2;250;0;0;48;2;241;2;2m┈[38;2;151;3;3;48;2;218;5;5m▁[0m[38;2;198;8;8m▖[38;2;169;7;7;48;2;17;0;0m▝[38;2;183;5;5;48;2;239;2;2m▏[0m[38;2;136;6;5m▋[38;2;48;1;1m▝[38;2;213;7;7;48;2;109;4;4m▚[38;2;116;5;5;48;2;246;1;1m▘[38;2;251;0;0;48;2;245;1;1m┈[38;2;234;3;2;48;2;108;4;4m▄[38;2;157;8;8;48;2;233;3;3m╸[48;2;251;0;0m [38;2;79;2;2;48;2;211;4;4m╺[38;2;46;2;1;48;2;240;2;2m▄[38;2;99;6;6;48;2;232;4;3m▂[38;2;69;3;3;48;2;229;2;2m▃[38;2;250;0;0;48;2;239;2;2m┈[38;2;178;6;6;48;2;86;3;3m▚[38;2;232;2;2;48;2;93;4;4m▆[38;2;251;0;0;48;2;249;0;0m╴[38;2;72;2;2;48;2;184;8;7m┗[38;2;82;3;3;48;2;227;3;3m▘[38;2;251;0;0;48;2;250;0;0m┈[48;2;246;1;1m╴[38;2;133;5;5;48;2;214;8;8m▋[38;2;214;7;6;48;2;250;0;0m▁[38;2;190;7;7m▁[38;2;247;1;1;48;2;214;5;5m▉[38;2;231;2;2;48;2;36;0;0m▆[38;2;238;2;2;48;2;42;0;0m▆[38;2;197;2;2;48;2;240;2;2m▏[48;2;251;0;0m [38;2;251;0;0;48;2;245;1;1m╴[38;2;106;5;5;48;2;189;7;6m┗[38;2;167;6;6;48;2;230;3;3m▏[0m[38;2;214;6;6m▖[38;2;68;3;3;48;2;191;7;6m▖[38;2;137;4;4;48;2;245;2;1m▘[48;2;250;0;0m [0m[38;2;158;7;7m▌   [0m
[38;2;197;6;6;48;2;30;1;1m▗[0m[38;2;97;4;4m▖ [0m [38;2;51;2;2m▝[7m[38;2;190;4;4m▃[38;2;220;3;3m▂[38;2;129;5;5m▗[0m[38;2;18;159;159;48;2;53;9;9m▃[38;2;17;224;223;48;2;25;19;18m▂[38;2;28;203;202;48;2;105;19;19m▄[38;2;88;38;37;48;2;22;101;101m▊[0m[38;2;10;231;230m▆[38;2;9;232;231;48;2;35;27;27m▅[38;2;23;114;113;48;2;176;7;7m▖[38;2;250;0;0;48;2;243;1;1m┊[38;2;248;0;0;48;2;251;0;0m▁ [38;2;250;0;0m▁[38;2;251;0;0;48;2;247;1;1m┈[38;2;238;2;2;48;2;72;3;3m▅[38;2;211;4;4;48;2;28;1;1m▃[38;2;47;2;2;48;2;188;9;9m▌[38;2;251;0;0;48;2;233;2;2m┈[38;2;238;2;2;48;2;180;5;5m▇[48;2;251;0;0m  [38;2;251;0;0;48;2;249;0;0m▇[48;2;251;0;0m  [38;2;227;3;3;48;2;103;3;3m▋[38;2;211;10;10;48;2;98;6;6m▝[38;2;225;4;4;48;2;98;3;3m▗[38;2;244;1;1;48;2;167;5;5m▇[48;2;251;0;0m  [38;2;250;0;0m▁[38;2;194;5;5;48;2;249;0;0m▁[38;2;81;3;3;48;2;246;1;1m▂▂[38;2;241;2;2;48;2;185;9;9m▉[38;2;97;3;3;48;2;217;7;6m▋[0m[38;2;193;6;6m▋[38;2;173;8;7m▗[38;2;211;7;7;48;2;240;2;2m▏[0m[7m[38;2;166;4;3m▗[0m [38;2;0;0;0m   [0m
[38;2;58;2;2;48;2;234;1;1m▍[38;2;0;0;0;48;2;107;2;2m┊[0m  [38;2;36;2;2;48;2;182;9;8m▍[0m[7m[38;2;97;3;3m▝[0m [38;2;17;244;243;48;2;10;64;64m▗[38;2;8;53;53;48;2;12;224;223m▂[38;2;0;1;1;48;2;9;231;230m▃[38;2;0;0;0;48;2;9;228;227m▃[38;2;0;1;1;48;2;16;230;229m▃[38;2;7;50;50;48;2;10;245;244m▃[38;2;20;125;124;48;2;6;249;248m▃[38;2;20;199;198;48;2;25;112;111m▉[38;2;45;25;25;48;2;199;6;6m▌[38;2;243;2;2;48;2;196;8;8m▉[38;2;87;3;2;48;2;199;5;5m┒[38;2;142;6;6;48;2;227;5;5m▗[38;2;203;7;6;48;2;247;1;1m▏[48;2;251;0;0m [38;2;251;0;0;48;2;250;0;0m┈[38;2;240;2;2;48;2;155;7;6m▇[48;2;251;0;0m [38;2;177;7;6;48;2;239;2;2m▁[38;2;236;5;5;48;2;248;1;0m▏[38;2;118;4;4;48;2;224;3;3m▗[38;2;200;9;9;48;2;243;2;2m▏[48;2;251;0;0m [38;2;249;0;0;48;2;235;4;3m▉[38;2;167;9;9;48;2;49;2;2m▎[38;2;225;3;3;48;2;88;3;3m▅[38;2;251;0;0;48;2;247;1;1m┈[48;2;251;0;0m  [38;2;250;0;0;48;2;239;1;1m╴[38;2;49;2;2;48;2;217;3;3m▄[38;2;8;0;0;48;2;118;4;4m▇[48;2;0;0;0m  [38;2;39;2;1;48;2;184;7;6m▋[38;2;96;4;4;48;2;211;5;4m▝[0m[38;2;123;9;8m▊[38;2;102;3;3;48;2;233;4;4m▎[38;2;210;5;5;48;2;55;1;1m▋[0m[38;2;203;4;4m▄[38;2;188;7;6m▋   [0m
 [38;2;36;1;0;48;2;109;3;2m╴[0m[38;2;14;0;0m╴[38;2;59;0;0m▁[38;2;56;2;2;48;2;224;4;4m▎[38;2;230;6;6;48;2;116;3;3m▌[38;2;78;4;4;48;2;200;7;7m▝[38;2;3;4;4;48;2;25;102;101m▇[38;2;34;139;138;48;2;14;66;65m╻[38;2;18;223;222;48;2;17;87;86m╺[38;2;20;203;202;48;2;4;19;18m▅[38;2;13;73;73;48;2;24;204;203m▌[38;2;17;106;105;48;2;20;211;210m┎[38;2;28;146;145;48;2;38;61;61m▌[38;2;36;157;156;48;2;60;43;42m┻[38;2;35;121;120;48;2;11;21;21m▃[38;2;19;9;9;48;2;196;5;5m▅[38;2;210;9;9;48;2;26;0;0m▘[38;2;27;1;1;48;2;196;6;6m▖[38;2;251;0;0;48;2;246;1;1m┊[38;2;175;4;4;48;2;238;2;2m▁[38;2;183;3;3;48;2;240;2;2m▏[38;2;199;3;3;48;2;245;1;1m▁[38;2;251;0;0;48;2;248;1;1m┈[38;2;200;9;9;48;2;72;2;2m▍[38;2;250;0;0;48;2;231;5;5m┊[38;2;107;4;4;48;2;216;9;9m▊[38;2;251;0;0;48;2;249;0;0m┊[48;2;251;0;0m [48;2;250;0;0m┈[38;2;247;1;1;48;2;120;4;4m▆[38;2;251;0;0;48;2;245;1;1m┈[48;2;251;0;0m [38;2;169;5;5;48;2;246;1;1m▁[38;2;58;2;2;48;2;232;2;2m▄[38;2;109;4;4;48;2;6;0;0m▘[48;2;0;0;0m    [38;2;7;0;0;48;2;129;6;5m▊[38;2;209;18;17;48;2;247;1;1m▏[38;2;237;3;2;48;2;163;8;7m▆[38;2;251;0;0;48;2;246;1;1m┊[38;2;209;8;8;48;2;127;5;5m▌[38;2;230;8;8;48;2;248;0;0m▏[0m[38;2;193;7;6m▋   [0m
 [38;2;0;0;0m [38;2;47;3;3m▝[38;2;111;5;5;48;2;173;12;11m┚[38;2;251;0;0;48;2;234;2;2m┈[48;2;243;3;3m▇[48;2;247;1;1m┈[38;2;237;3;3;48;2;74;4;4m▖[38;2;0;0;0;48;2;5;6;6m┈[38;2;2;11;11;48;2;22;200;199m▅[38;2;2;20;20;48;2;21;209;208m▃[38;2;29;226;225;48;2;16;89;89m╸[38;2;49;201;200;48;2;22;119;118m┖[38;2;38;121;120;48;2;139;9;9m▃[38;2;58;210;209;48;2;131;11;11m▁[38;2;124;6;6;48;2;28;120;120m▘[38;2;0;7;6;48;2;25;155;155m▝[38;2;0;0;0;48;2;1;7;6m┊[38;2;39;216;215;48;2;14;5;5m▁[38;2;11;4;4;48;2;215;9;8m▆[38;2;59;1;1;48;2;140;12;11m╉[38;2;143;6;6;48;2;232;4;4m▃[38;2;218;5;5;48;2;133;3;3m▚[38;2;235;6;6;48;2;250;0;0m▘[38;2;97;3;3;48;2;242;2;2m▝[38;2;80;3;3;48;2;181;5;5m▚[38;2;48;1;1;48;2;165;6;6m▃[38;2;33;0;0;48;2;185;9;8m▂[38;2;81;3;3;48;2;244;2;2m▂[38;2;85;3;3;48;2;249;1;1m▂[38;2;40;0;0;48;2;243;2;2m▂[38;2;26;0;0;48;2;236;2;2m▃[38;2;24;1;1;48;2;220;4;4m▅[38;2;115;11;10;48;2;61;3;3m┒[38;2;12;0;0;48;2;140;9;8m▘[38;2;123;8;8;48;2;12;0;0m▍[48;2;0;0;0m   [38;2;0;0;0;48;2;3;0;0m┈[38;2;6;0;0;48;2;169;5;5m▘[38;2;250;0;0;48;2;242;2;2m╴[38;2;164;7;6;48;2;226;6;6m▖[38;2;246;0;0;48;2;250;0;0m╴[38;2;210;6;6;48;2;106;4;4m▌[0m[7m[38;2;222;4;4m▂[0m[38;2;115;4;4m▘   [0m
 [38;2;0;0;0m  [7m[38;2;174;6;5m▋[0m[38;2;245;4;3;48;2;248;1;1m╴[48;2;251;0;0m [38;2;249;1;1;48;2;209;9;9m▉[38;2;150;7;6;48;2;23;0;0m▘[38;2;26;188;187;48;2;2;10;10m▗[38;2;8;244;243;48;2;6;37;36m▄[38;2;3;23;22;48;2;20;167;166m▘[38;2;20;137;136;48;2;5;29;28m▍[38;2;13;78;78;48;2;38;200;199m▆[38;2;9;67;67;48;2;30;148;147m▁[38;2;31;171;171;48;2;17;104;103m▆[38;2;23;112;111;48;2;30;182;181m━[38;2;7;44;43;48;2;17;236;235m▄[38;2;18;74;73;48;2;1;16;15m▏[38;2;0;11;11;48;2;18;214;213m▄[38;2;26;97;97;48;2;4;10;10m▏[38;2;9;0;0;48;2;176;7;7m▄[38;2;26;1;1;48;2;169;6;6m▂[38;2;42;2;2;48;2;245;2;2m▃[38;2;67;2;2;48;2;237;2;2m▂[38;2;251;0;0;48;2;249;0;0m┈[48;2;248;0;0m▉[38;2;180;8;8;48;2;230;5;4m▂[38;2;190;9;9;48;2;62;0;0m▇[38;2;148;9;8;48;2;24;2;2m▆[38;2;159;10;10;48;2;20;1;1m▄[38;2;155;9;9;48;2;5;0;0m▃[38;2;164;12;12;48;2;4;0;0m▂[38;2;168;11;11;48;2;5;0;0m▁[38;2;90;1;1;48;2;1;0;0m▁[38;2;66;0;0;48;2;0;0;0m▁[38;2;90;1;1;48;2;1;0;0m▁[38;2;174;10;10;48;2;6;0;0m▁[38;2;202;6;6;48;2;9;0;0m▂[38;2;201;6;6;48;2;10;0;0m▄[38;2;199;5;5;48;2;90;4;4m▆[38;2;151;7;7;48;2;226;4;4m╼[38;2;230;4;3;48;2;174;6;6m▅[38;2;251;0;0;48;2;239;2;2m┈[48;2;244;1;1m┈[0m[38;2;204;7;7m▘[0m [38;2;0;0;0m    [0m
 [38;2;0;0;0m  [0m [7m[38;2;167;5;5m▆[38;2;212;3;3m▃[0m[38;2;97;3;3;48;2;224;4;4m▂[38;2;182;8;8;48;2;30;2;2m▖[38;2;21;217;216;48;2;10;61;61m┕[38;2;21;138;138;48;2;17;207;206m▁[38;2;9;171;170;48;2;23;201;200m┋[38;2;5;52;51;48;2;23;204;203m▂[38;2;9;104;103;48;2;22;198;197m─[38;2;19;203;202;48;2;0;9;9m▇[38;2;11;236;235;48;2;0;28;27m▆[38;2;12;234;233;48;2;0;27;26m▆[38;2;13;213;212;48;2;0;4;4m▇[38;2;0;29;28;48;2;12;217;216m▁[38;2;7;47;46;48;2;13;241;240m▂[38;2;26;189;188;48;2;4;21;20m▘[38;2;10;246;245;48;2;12;69;69m▗[38;2;24;184;183;48;2;4;22;22m▍[38;2;161;8;8;48;2;48;2;2m━[38;2;38;2;2;48;2;114;7;7m▆[38;2;47;1;1;48;2;170;6;5m━[38;2;188;5;4;48;2;243;2;2m▏[38;2;251;0;0;48;2;247;1;1m┈[38;2;96;3;3;48;2;217;3;3m▝[38;2;46;0;0;48;2;174;6;6m╾[38;2;67;3;3;48;2;175;6;6m▂[38;2;108;4;4;48;2;200;7;7m━[38;2;107;4;3;48;2;192;5;5m▃[38;2;80;2;2;48;2;205;6;6m▁[38;2;240;4;3;48;2;164;10;9m▅[38;2;250;0;0;48;2;217;5;5m┈[48;2;219;5;5m┈[48;2;216;4;4m┈[38;2;234;3;3;48;2;173;7;7m▅[38;2;45;1;1;48;2;206;5;4m▁[38;2;41;1;1;48;2;227;4;4m▃[38;2;33;0;0;48;2;179;4;4m╼[38;2;239;3;3;48;2;112;3;3m▄[38;2;100;3;3;48;2;226;3;3m▂[38;2;24;164;163;48;2;114;7;6m▃[38;2;21;166;165;48;2;7;28;28m▇[0m[38;2;15;175;174m▆[38;2;16;200;199m▃[0m [38;2;0;0;0m  [0m
 [38;2;0;0;0m   [7m[38;2;92;4;4m▆[38;2;149;9;8m▅[38;2;34;2;2m▃[0m[38;2;15;1;1;48;2;120;11;10m▇[38;2;9;1;0;48;2;45;5;4m▉[38;2;181;14;13;48;2;70;10;9m┓[38;2;3;13;13;48;2;34;218;217m▇[38;2;3;18;17;48;2;35;221;220m▆[38;2;0;5;5;48;2;29;222;221m▅[38;2;0;6;5;48;2;28;224;223m▅[38;2;0;3;3;48;2;28;182;181m▅[38;2;0;1;1;48;2;35;158;157m▅[38;2;0;0;0;48;2;0;5;5m┈[48;2;0;0;0m [38;2;12;244;243;48;2;9;58;58m▗[38;2;7;243;242;48;2;8;44;44m▅[38;2;11;58;57;48;2;17;188;187m▚[38;2;9;136;135;48;2;13;214;213m▏[38;2;11;228;227;48;2;2;15;15m▄[38;2;10;85;85;48;2;56;18;17m▏[38;2;211;7;7;48;2;59;2;2m▘[38;2;174;5;5;48;2;244;2;2m▎[38;2;236;5;5;48;2;251;0;0m▁ [38;2;251;0;0;48;2;249;0;0m┈[38;2;241;1;1;48;2;99;3;3m▆[38;2;211;4;4;48;2;107;4;4m▄[38;2;74;3;2;48;2;213;4;4m▃[38;2;223;4;3;48;2;66;3;3m▆[38;2;240;2;2;48;2;57;2;2m▄[38;2;240;3;3;48;2;65;2;2m▃[38;2;238;4;4;48;2;64;2;2m▃[38;2;228;3;3;48;2;58;2;2m▄[38;2;233;3;2;48;2;35;0;0m▅[38;2;198;7;6;48;2;24;0;0m▆[38;2;28;160;159;48;2;166;5;5m▂[38;2;17;99;99;48;2;195;4;4m▄[38;2;10;245;244;48;2;90;37;37m▄[38;2;8;245;244;48;2;15;46;45m▆[38;2;12;221;220;48;2;12;77;76m▄[38;2;9;58;58;48;2;12;232;231m▅[38;2;15;216;215;48;2;13;117;116m▚[38;2;4;30;29;48;2;17;182;181m╺[38;2;17;233;232;48;2;16;112;111m▚[0m[38;2;17;201;200m▖ [0m
 [38;2;0;0;0m     [0m [38;2;154;9;8m▝[38;2;113;6;6;48;2;10;0;0m▉[38;2;1;0;0;48;2;11;1;1m┈[38;2;0;0;0;48;2;1;0;0m┈[48;2;0;0;0m  [48;2;0;1;1m┈[38;2;13;232;231;48;2;6;43;43m▗[38;2;7;239;238;48;2;7;35;34m▆[38;2;8;247;246;48;2;0;43;42m▇[38;2;6;248;247;48;2;0;32;31m▇[38;2;0;252;251;48;2;7;243;242m╴[38;2;8;48;48;48;2;8;243;242m▃[38;2;18;237;236;48;2;14;87;86m▘[38;2;4;252;251;48;2;7;238;237m┊[38;2;3;251;250;48;2;45;221;220m▉[38;2;24;137;136;48;2;1;13;13m▏[38;2;230;7;7;48;2;61;4;4m▝[38;2;62;2;1;48;2;182;5;5m╼[38;2;88;3;3;48;2;238;3;2m▘[38;2;132;3;3;48;2;240;1;1m▁[38;2;29;1;1;48;2;236;2;2m▃[38;2;95;3;3;48;2;247;1;1m▅[38;2;219;8;7;48;2;246;1;1m╴[38;2;182;7;7;48;2;18;0;0m▌[38;2;12;0;0;48;2;101;5;5m▇[38;2;68;3;3;48;2;205;4;4m▅[38;2;100;4;4;48;2;246;1;1m▄[38;2;127;4;4;48;2;247;1;1m▂[48;2;251;0;0m [38;2;18;5;5;48;2;199;5;4m▗[38;2;36;85;85;48;2;15;218;217m▍[38;2;0;252;251;48;2;1;252;251m┈[38;2;5;243;242;48;2;19;137;136m▇[38;2;8;67;66;48;2;14;203;203m╺[38;2;14;92;92;48;2;7;242;241m▄[38;2;8;53;52;48;2;19;199;198m▂[38;2;14;229;229;48;2;10;82;81m▆[38;2;5;250;249;48;2;9;52;52m▅[38;2;8;250;249;48;2;12;203;202m┈[38;2;21;154;153;48;2;10;241;240m▘[0m[38;2;15;182;181m▋ [0m
 [38;2;0;0;0m       [0m   [38;2;136;9;9;48;2;51;4;3m┈[38;2;19;0;0;48;2;1;0;0m▏[38;2;2;9;9;48;2;21;92;91m▉[38;2;0;12;12;48;2;16;232;231m▃[38;2;9;91;90;48;2;17;188;187m┙[38;2;4;250;249;48;2;21;101;100m▅[38;2;20;127;126;48;2;10;204;203m┕[38;2;1;20;20;48;2;20;192;191m▗[38;2;8;65;64;48;2;20;196;195m▍[38;2;17;134;133;48;2;6;248;247m▃[38;2;21;117;116;48;2;3;250;249m▂[38;2;16;116;115;48;2;7;248;247m▂[38;2;19;152;151;48;2;11;47;47m▄[38;2;52;26;25;48;2;139;11;10m▆[38;2;32;1;1;48;2;237;3;3m▄[38;2;17;0;0;48;2;235;3;3m▃[38;2;209;7;7;48;2;13;0;0m▘[38;2;13;0;0;48;2;86;4;4m▉[38;2;20;0;0;48;2;220;6;6m▄[48;2;166;5;4m━[38;2;202;8;8;48;2;71;13;13m▖[38;2;16;214;213;48;2;122;20;20m▃[38;2;7;248;248;48;2;112;29;29m▄[38;2;22;180;179;48;2;146;14;14m▄[38;2;187;7;7;48;2;97;3;3m▆[38;2;109;5;5;48;2;191;6;6m┑[0m[38;2;105;5;5m▎[0m [7m[38;2;16;199;198m▅[38;2;7;238;237m▃[38;2;9;226;225m▂[0m[38;2;20;99;98;48;2;17;215;214m▝[38;2;10;228;227;48;2;0;2;2m▅[38;2;12;228;227;48;2;3;20;19m▄[38;2;12;229;228;48;2;9;74;74m▄[38;2;9;235;234;48;2;18;147;146m▅[0m[7m[38;2;21;179;179m▗[0m [38;2;2;22;22m [0m
 [38;2;0;0;0m           [38;2;14;107;107m▁[38;2;13;211;210;48;2;3;18;18m▃[38;2;13;85;85;48;2;7;236;235m▘[38;2;0;252;251;48;2;1;252;251m┈[48;2;0;252;251m  [38;2;17;228;227;48;2;7;47;46m▋[38;2;0;10;10;48;2;14;208;207m▂[38;2;0;11;11;48;2;16;208;207m▂[38;2;0;3;3;48;2;17;185;184m▂[38;2;3;20;20;48;2;24;171;170m▂[38;2;12;54;53;48;2;17;193;192m▂[38;2;27;176;175;48;2;15;85;84m┳[38;2;0;0;0;48;2;1;2;1m┊[38;2;61;4;3;48;2;183;5;5m▌[38;2;219;3;3;48;2;54;1;1m▇[38;2;213;3;3;48;2;22;0;0m▇[38;2;63;2;2;48;2;222;3;3m▂[38;2;25;1;1;48;2;206;4;3m▄[38;2;23;24;23;48;2;24;218;217m▌[48;2;0;252;251m  [38;2;0;252;251;48;2;1;252;251m┈[38;2;74;61;61;48;2;10;229;228m▝[38;2;24;179;178;48;2;187;13;12m▃[0m[7m[38;2;122;12;11m▝[0m [38;2;0;0;0m   [7m[38;2;16;79;78m▇[38;2;21;175;174m▆[38;2;15;230;229m▆[38;2;20;203;202m▆[38;2;23;118;117m▇[0m[38;2;0;1;1m   [0m
 [38;2;0;0;0m     [0m [38;2;22;96;96m▁[38;2;19;190;189m▂[38;2;10;231;230m▃[38;2;10;222;221m▅[38;2;4;245;244m▆[38;2;0;252;251;48;2;4;245;244m┈[48;2;0;252;251m [48;2;1;251;250m┈[38;2;14;74;73;48;2;3;247;246m▁[38;2;7;38;38;48;2;6;243;242m▃[38;2;4;29;29;48;2;13;213;212m▅[38;2;20;189;188;48;2;3;21;20m▃[38;2;0;0;0;48;2;1;5;5m┈[48;2;0;0;0m       [48;2;10;0;0m▇▇[48;2;0;0;0m [38;2;17;141;140;48;2;1;5;5m▗[38;2;31;182;182;48;2;3;16;15m▖[38;2;2;12;11;48;2;13;208;207m▄[38;2;7;36;35;48;2;5;238;237m▂[38;2;15;181;180;48;2;1;252;251m▁[48;2;0;252;251m  [38;2;3;248;247;48;2;21;124;124m▇[0m[38;2;6;243;242m▅[38;2;7;247;246m▃[38;2;16;227;226m▂[38;2;31;174;173m▁[0m [38;2;0;0;0m       [0m
 [38;2;0;0;0m     [0m [7m[38;2;20;204;203m▆[38;2;3;186;185m▅[38;2;11;212;211m▅[38;2;13;215;214m▅[38;2;6;201;200m▅[38;2;8;248;247m▆[0m[38;2;192;7;7;48;2;21;67;67m▗[38;2;239;3;3;48;2;23;37;36m▄[48;2;48;3;3m▖[38;2;0;0;0;48;2;2;0;0m┈[48;2;1;7;7m┈[38;2;16;106;106;48;2;12;240;239m▖[38;2;5;243;242;48;2;18;117;116m▇[38;2;26;211;210;48;2;5;29;29m▖[38;2;39;169;168;48;2;38;33;32m╾[38;2;225;6;6;48;2;19;42;42m▂[38;2;231;5;5;48;2;5;0;0m▃[38;2;240;3;3;48;2;14;0;0m▃[38;2;235;4;4;48;2;8;0;0m▃[38;2;238;4;4;48;2;18;1;1m▂[38;2;209;7;7;48;2;19;35;34m▁[38;2;29;196;195;48;2;11;44;44m╾[38;2;10;230;229;48;2;7;39;38m▅[38;2;11;139;138;48;2;10;234;233m▁[38;2;24;174;173;48;2;2;11;11m▘[48;2;0;0;0m [38;2;177;7;6;48;2;14;1;1m▗[38;2;239;3;3;48;2;17;12;11m▄[38;2;129;3;3;48;2;19;169;168m▆[38;2;57;3;3;48;2;6;103;102m▖[0m[7m[38;2;7;248;247m▅[38;2;7;221;220m▄[38;2;10;224;223m▄[38;2;8;222;221m▄[38;2;4;250;250m▅[38;2;26;197;196m▅[0m [38;2;0;0;0m      [0m
 [38;2;0;0;0m            [0m [7m[38;2;210;3;3m▄[38;2;231;2;2m▁[0m[38;2;224;4;3;48;2;67;3;3m▆[38;2;232;5;5;48;2;7;0;0m▅[38;2;235;4;4;48;2;11;23;23m▅[38;2;223;4;4;48;2;30;83;82m▆[38;2;216;3;3;48;2;78;10;10m▇[38;2;60;1;1;48;2;241;2;2m▂[38;2;91;4;4;48;2;249;1;1m▄[38;2;41;0;0;48;2;202;3;3m╼[38;2;30;0;0;48;2;190;5;5m━[38;2;32;0;0;48;2;196;4;3m╾[38;2;90;3;3;48;2;247;1;1m▄[38;2;136;8;7;48;2;241;2;1m▂[38;2;234;2;2;48;2;126;13;12m▇[38;2;235;2;2;48;2;31;118;117m▆[38;2;238;3;3;48;2;12;23;22m▅[38;2;239;3;3;48;2;9;0;0m▅[38;2;240;2;2;48;2;46;2;2m▆[0m[7m[38;2;235;2;2m▁[38;2;221;2;2m▃[38;2;156;4;3m▆[0m[38;2;9;0;0m              [0m
 [38;2;0;0;0m               [7m[38;2;25;0;0m▇[38;2;89;4;4m▄[38;2;169;4;4m▂[0m[38;2;52;1;1;48;2;207;3;3m▁[38;2;127;4;4;48;2;212;4;4m▃[38;2;122;7;6;48;2;205;5;4m┛[38;2;250;0;0;48;2;241;2;2m┈[48;2;251;0;0m   [38;2;251;0;0;48;2;234;1;1m╴[38;2;154;6;6;48;2;227;5;5m▚[38;2;222;4;4;48;2;118;4;4m▇[38;2;76;3;3;48;2;204;4;4m▁[0m[7m[38;2;166;6;6m▂[38;2;193;4;4m▆[38;2;157;7;6m▇[0m [38;2;0;0;0m                [0m
 [38;2;0;0;0m                  [0m [38;2;204;7;7m▝[7m[38;2;237;1;1m▂[0m[38;2;197;9;8;48;2;250;0;0m▁[38;2;251;0;0m┈[38;2;223;11;11;48;2;251;0;0m▁[38;2;251;0;0;48;2;250;0;0m┈[48;2;240;1;1m┈[0m[7m[38;2;228;3;3m▂[0m[38;2;74;5;4m▘[0m [38;2;0;0;0m                    [0m
 [38;2;0;0;0m                     [0m     [38;2;0;0;0m                       [0m[u[0m [38;2;0;0;0m                               [38;2;93;4;4m▁[38;2;158;5;5m▂[38;2;209;3;3m▃[38;2;128;4;4m▆[0m [38;2;0;0;0m           [7m[38;2;125;4;3m▉[0m[38;2;153;6;5m▍[0m
 [38;2;0;0;0m                           [0m [38;2;147;3;3m▃[38;2;234;2;2m▅[38;2;224;2;2;48;2;67;3;3m▇[0m[7m[38;2;225;3;3m▂[38;2;221;2;2m▄[38;2;181;4;4m▆[0m [38;2;0;0;0m     [0m [38;2;43;5;4m    [38;2;108;4;4m▁[38;2;191;3;3m▄[7m[38;2;169;3;3m▗[0m [0m
 [38;2;0;0;0m                          [38;2;134;3;3m▃[38;2;220;1;1m▆[7m[38;2;225;2;2m▗[38;2;179;3;3m▅[38;2;54;2;2m▇[0m[38;2;0;0;0m       [38;2;116;4;4m▁[7m[38;2;166;4;4m▘[0m[38;2;180;11;10m▘ [0m [38;2;180;5;5m▃[38;2;157;3;3m▆[7m[38;2;213;3;3m▄[38;2;141;3;3m▆[0m[38;2;4;0;0m  [0m
[38;2;0;0;0m╴[0m  [38;2;0;0;0m          [38;2;79;5;4m▗[38;2;52;2;2m▖          [38;2;94;3;3m▁[38;2;218;4;3m▅[38;2;242;2;1;48;2;241;2;1m┈[38;2;233;4;3;48;2;114;4;4m▊[0m[38;2;166;7;6m▂[38;2;131;7;6m▆[0m [38;2;0;0;0m    [0m [38;2;163;6;6m▃[38;2;181;6;5m▆[7m[38;2;210;5;5m▃[0m[38;2;141;3;3m▘  [7m[38;2;107;6;6m▎[38;2;147;5;5m▆[0m[38;2;10;0;0m     [0m
  [7m[38;2;6;0;0m╴[0m[38;2;168;8;7;48;2;36;1;1m▗[38;2;108;9;9;48;2;56;1;1m╴[0m [38;2;0;0;0m      [0m [38;2;88;4;4;48;2;182;8;8m▏[0m[38;2;51;2;2m▖      [38;2;159;10;10m┏[0m [38;2;0;0;0m  [38;2;66;2;2;48;2;219;7;6m▍[48;2;242;2;1m    [38;2;242;2;1;48;2;230;3;2m┈[0m[38;2;214;5;4m▄[38;2;163;7;7m▂[38;2;184;11;11m▁[38;2;162;7;6m▅[0m  [7m[38;2;134;6;6m▆[0m [38;2;0;0;0m [0m [38;2;81;6;6m▁        [0m
 [38;2;0;0;0m [0m [38;2;37;1;1;48;2;197;3;3m▍[38;2;232;3;3;48;2;19;0;0m▊[0m [38;2;0;0;0m       [38;2;184;7;7m▝[38;2;134;4;3;48;2;210;4;4m▝[0m[38;2;216;4;4m▖[0m [38;2;0;0;0m    [7m[38;2;196;7;7m▍[0m[38;2;205;2;2m▄[38;2;166;5;5m▁[0m [38;2;51;3;3;48;2;200;7;7m▎[38;2;244;0;0;48;2;242;2;1m▅▅▅▅▅[48;2;243;1;1m┈[38;2;92;4;4;48;2;229;3;3m▗[38;2;55;1;1;48;2;231;5;4m▖[0m[38;2;191;5;4m▊  [38;2;176;11;10m▗[38;2;125;7;7m▆[0m  [38;2;75;3;2;48;2;177;9;8m▏[0m[38;2;42;2;1m▎[0m [38;2;22;0;0m    [38;2;81;6;5m╷ [0m
 [38;2;0;0;0m [0m [38;2;0;0;0;48;2;79;1;1m╴[38;2;111;3;3;48;2;218;2;2m▂[38;2;189;2;2;48;2;16;0;0m▖[0m [38;2;0;0;0m       [38;2;170;6;6m▝[38;2;246;0;0;48;2;224;2;2m┊[0m[7m[38;2;158;4;4m▝[0m [38;2;0;0;0m [7m[38;2;96;6;6m▖[0m[38;2;216;4;4m▄[38;2;68;3;3;48;2;239;2;2m▘[38;2;251;0;0;48;2;246;0;0m▃[38;2;246;1;1;48;2;247;0;0m┊[38;2;248;0;0;48;2;201;12;11m▇[38;2;247;0;0;48;2;248;0;0m┈[38;2;251;0;0;48;2;247;0;0m▃▃▃▃[38;2;250;0;0m▃[0m[7m[38;2;206;5;4m▗[0m[38;2;129;11;10m▗[38;2;140;10;10m▝[38;2;98;5;5m▘  [7m[38;2;173;6;6m▎[0m[38;2;247;0;0;48;2;236;1;1m╴[0m[38;2;191;4;3m▄[0m [7m[38;2;125;6;6m▂[0m [7m[38;2;165;8;7m▎[0m[38;2;114;4;4m▖  [0m [7m[38;2;158;8;7m▏[0m [0m
 [38;2;0;0;0m   [0m [7m[38;2;133;3;3m▅[0m[38;2;18;2;2;48;2;32;1;1m╴[0m[38;2;146;8;8m▗[38;2;117;4;4m▁    [0m [38;2;94;6;6m▂[38;2;171;6;6m▝[38;2;251;0;0;48;2;237;2;2m┊[38;2;23;1;1;48;2;196;4;4m▝[0m[38;2;102;7;7m▂[38;2;71;4;3m▁[38;2;61;3;2;48;2;224;4;4m▍[48;2;251;0;0m          [38;2;73;3;3;48;2;229;2;2m▝[38;2;239;2;2;48;2;167;6;6m▇[0m[7m[38;2;210;4;3m▝[0m[38;2;221;5;5m▂[38;2;206;4;4m▃[38;2;215;3;2m▅[38;2;251;0;0;48;2;237;2;2m┈[48;2;251;0;0m [48;2;238;4;4m▉[0m[38;2;153;7;7m▍ [38;2;211;6;5m▗[38;2;249;1;1;48;2;234;2;2m┈[38;2;216;5;4;48;2;71;2;2m▉[0m[38;2;23;0;0m▏  [7m[38;2;190;6;6m▌[38;2;222;3;3m▝[0m
[38;2;158;10;10m▗[0m  [38;2;54;5;5m▁   [38;2;76;3;3m▝[38;2;47;2;2;48;2;213;5;5m▖[0m[38;2;210;3;3m▅[38;2;67;3;2m▂   [7m[38;2;84;6;6m▉[0m[38;2;4;0;0;48;2;48;3;3m┰[38;2;86;2;2;48;2;230;5;4m▎[38;2;250;0;0;48;2;238;5;5m▉[38;2;237;2;2;48;2;143;7;7m▆[38;2;40;1;1;48;2;184;7;6m▝[38;2;118;5;5;48;2;244;2;2m▘[48;2;251;0;0m     [38;2;251;0;0;48;2;250;0;0m┈[38;2;192;5;4;48;2;247;1;1m▁[48;2;251;0;0m  [38;2;149;6;6;48;2;247;1;1m▁[38;2;91;3;3;48;2;241;2;2m▃[38;2;237;5;5;48;2;250;0;0m▏[48;2;251;0;0m  [38;2;251;0;0;48;2;250;0;0m┈┈[48;2;251;0;0m  [38;2;213;3;3;48;2;64;3;3m▊[0m  [38;2;112;4;4;48;2;205;4;4m▏[0m[7m[38;2;216;3;2m▃[38;2;119;4;4m▅[0m[38;2;130;7;7m▄[0m [38;2;0;0;0m [7m[38;2;55;2;2m▊[0m[38;2;139;6;6;48;2;234;4;4m▏[0m
[38;2;150;6;6m▝[7m[38;2;197;6;5m▝[0m[38;2;76;3;3m▖[7m[38;2;105;6;6m▌[38;2;144;7;7m▝[38;2;102;7;7m▌[0m[38;2;197;7;7m▂[38;2;108;5;4m▁[38;2;62;2;2m▝[38;2;122;5;5;48;2;240;2;2m▖[38;2;115;6;5;48;2;241;3;2m▝[0m[38;2;87;4;4m▖[38;2;150;9;8;48;2;50;4;4m▗[0m[38;2;142;6;6m▖[7m[38;2;184;7;7m▌[0m[38;2;14;0;0;48;2;176;5;5m▝[38;2;53;2;2;48;2;211;6;5m▌[48;2;251;0;0m  [38;2;251;0;0;48;2;249;1;1m▇[48;2;251;0;0m    [48;2;247;1;1m┈[38;2;64;2;2;48;2;233;2;2m▂[38;2;40;2;2;48;2;171;5;4m╼[38;2;91;3;3;48;2;217;9;8m▋[38;2;56;2;2;48;2;222;3;3m▗[38;2;41;1;1;48;2;163;4;4m━[38;2;233;2;2;48;2;55;1;1m▅[38;2;195;6;5;48;2;103;5;5m▖[38;2;219;10;10;48;2;249;0;0m▏[48;2;251;0;0m  [38;2;7;0;0;48;2;172;4;4m▗[38;2;238;3;3;48;2;79;3;3m▝[38;2;251;0;0;48;2;247;1;1m┊[48;2;251;0;0m [48;2;238;1;1m┈[0m[38;2;157;6;6m▄[38;2;94;4;4;48;2;220;7;6m▘[0m[38;2;94;3;3m▎[38;2;55;4;4m▂[7m[38;2;158;5;5m▍[0m[38;2;251;0;0;48;2;244;2;2m┊[0m[38;2;118;5;5m▌ [0m [7m[38;2;116;6;6m▃[0m
 [38;2;131;5;4m▝[7m[38;2;88;4;4m▂[0m [38;2;50;2;2;48;2;200;6;5m▍[38;2;241;2;1;48;2;106;4;4m▆[38;2;209;3;3;48;2;244;2;1m▏[38;2;161;6;6;48;2;229;4;4m▂[0m[7m[38;2;113;5;5m▝[0m[38;2;164;7;6m▝[38;2;177;4;4;48;2;237;2;2m▏[0m[38;2;141;6;5m▋[7m[38;2;33;1;1m▉[0m[38;2;39;1;1;48;2;188;6;6m▖[38;2;108;5;5;48;2;244;2;1m▘[38;2;251;0;0;48;2;249;1;1m┈[38;2;242;2;2;48;2;118;4;4m▄[38;2;139;6;5;48;2;234;3;3m╸[48;2;251;0;0m [38;2;235;3;3;48;2;135;4;4m▋[38;2;34;1;1;48;2;230;3;2m▄[38;2;81;5;5;48;2;230;4;4m▂[38;2;86;3;3;48;2;242;2;2m▄[38;2;250;0;0;48;2;237;2;2m┈[38;2;179;7;7;48;2;79;2;2m▚[38;2;235;2;2;48;2;101;4;4m▆[38;2;251;0;0;48;2;250;0;0m┈[38;2;56;0;0;48;2;191;6;6m┕[38;2;77;3;3;48;2;222;3;3m▘[38;2;251;0;0;48;2;250;0;0m┈[48;2;247;1;1m┊[38;2;145;6;6;48;2;228;7;7m▊[38;2;186;6;6;48;2;249;0;0m▁[38;2;172;5;5;48;2;249;1;1m▁[38;2;249;1;1;48;2;230;6;6m▉[38;2;239;2;2;48;2;55;1;1m▆[38;2;244;2;2;48;2;61;1;1m▆[38;2;250;0;0;48;2;236;2;2m┈[48;2;251;0;0m [38;2;251;0;0;48;2;247;1;1m┈[38;2;115;6;5;48;2;193;6;5m┗[38;2;135;6;5;48;2;241;3;3m▖[0m[38;2;181;5;5m▌[7m[38;2;184;7;6m▖[0m[38;2;244;2;2;48;2;140;4;3m▆[38;2;251;0;0;48;2;250;0;0m┊[0m[38;2;168;6;6m▌   [0m
[38;2;194;5;4;48;2;32;2;2m▗[0m[38;2;110;3;3m▖ [0m [7m[38;2;33;2;2m▚[38;2;177;4;3m▃[38;2;212;2;2m▂[38;2;127;5;4m▗[0m[38;2;17;205;204;48;2;41;25;24m▗[38;2;15;193;192;48;2;27;8;8m▃[38;2;23;209;208;48;2;94;27;27m▄[38;2;21;127;126;48;2;91;34;33m▂[0m[38;2;13;238;237m▆[38;2;11;220;219;48;2;26;5;5m▆[38;2;38;95;94;48;2;176;7;7m▃[38;2;251;0;0;48;2;242;1;1m┊[38;2;248;0;0;48;2;251;0;0m▁ [38;2;250;0;0m▁[38;2;251;0;0;48;2;248;0;0m┈[38;2;243;1;1;48;2;88;3;3m▅[38;2;223;4;3;48;2;34;1;1m▃[38;2;49;1;1;48;2;188;10;9m▌[38;2;244;1;1;48;2;182;6;6m▇[38;2;242;2;1m▇[48;2;251;0;0m     [38;2;224;4;4;48;2;93;3;3m▋[38;2;205;9;9;48;2;96;7;6m▝[38;2;234;4;4;48;2;98;4;4m▗[38;2;247;1;1;48;2;184;5;5m▇[48;2;251;0;0m  [38;2;250;0;0m▁[38;2;181;6;6;48;2;249;1;1m▁[38;2;55;2;1;48;2;244;2;2m▂[38;2;57;2;1;48;2;243;2;2m▂[38;2;251;0;0;48;2;236;3;3m╴[38;2;96;4;3;48;2;210;7;7m▋[0m[38;2;200;6;6m▋[38;2;181;7;7m▗[38;2;249;0;0;48;2;235;3;3m┊[0m[7m[38;2;153;3;3m▗[0m [38;2;37;1;1m   [0m
[38;2;59;1;1;48;2;234;2;2m▍[38;2;0;0;0;48;2;106;2;2m┊[0m  [38;2;37;1;1;48;2;185;8;7m▍[0m[7m[38;2;102;3;3m▝[0m [38;2;21;242;241;48;2;9;67;67m▗[38;2;12;77;76;48;2;12;239;238m▃[38;2;3;27;27;48;2;4;251;250m▄[38;2;1;23;23;48;2;5;250;249m▄[38;2;0;1;1;48;2;14;222;221m▃[38;2;8;59;58;48;2;10;234;233m▃[38;2;20;122;121;48;2;9;246;245m▃[38;2;24;132;131;48;2;18;227;226m▃[38;2;43;22;21;48;2;196;6;5m▌[38;2;242;2;2;48;2;192;7;7m▉[38;2;102;4;4;48;2;202;5;5m┓[38;2;143;5;5;48;2;225;5;4m▗[38;2;203;7;7;48;2;246;1;1m▏[48;2;251;0;0m  [38;2;182;4;4;48;2;240;2;2m╹[48;2;251;0;0m [38;2;175;5;5;48;2;236;2;2m▁[38;2;236;6;6;48;2;249;1;1m▏[38;2;119;5;5;48;2;220;4;4m▗[38;2;207;10;9;48;2;243;2;2m▏[48;2;251;0;0m [38;2;249;0;0;48;2;232;5;5m▉[38;2;157;9;8;48;2;49;2;1m▎[38;2;69;2;2;48;2;219;4;3m▘[38;2;251;0;0;48;2;249;1;1m┈[48;2;251;0;0m  [38;2;177;5;5;48;2;245;1;1m▁[38;2;43;1;1;48;2;210;3;3m▄[38;2;6;0;0;48;2;97;4;4m▇[48;2;0;0;0m  [38;2;34;1;1;48;2;179;7;7m▋[38;2;92;2;2;48;2;216;5;5m▝[0m[38;2;126;10;9m▊[38;2;110;4;4;48;2;234;3;3m▎[38;2;205;5;5;48;2;52;1;1m▋[0m[38;2;191;4;4m▅[38;2;193;7;7m▋   [0m
[38;2;65;2;1m▝[7m[38;2;152;4;4m▃[0m[38;2;23;0;0m╴[38;2;45;2;2m▂[38;2;56;2;2;48;2;225;4;4m▎[38;2;77;1;0;48;2;208;6;6m▝[38;2;83;5;5;48;2;206;7;7m▝[38;2;4;2;2;48;2;15;76;75m▇[38;2;6;36;36;48;2;26;112;111m▌[38;2;17;223;222;48;2;17;92;91m╺[38;2;19;206;205;48;2;7;33;33m▅[38;2;13;78;77;48;2;26;210;209m▌[38;2;14;103;102;48;2;18;209;208m┎[38;2;40;161;160;48;2;37;77;77m┺[38;2;37;164;163;48;2;69;40;39m┻[38;2;39;155;154;48;2;17;41;41m┒[38;2;14;10;10;48;2;183;6;5m▅[38;2;208;11;10;48;2;21;0;0m▘[38;2;26;0;0;48;2;193;6;6m▖[38;2;250;0;0;48;2;247;1;1m┊[38;2;172;6;6m▗[38;2;178;9;8;48;2;237;2;2m╴[38;2;198;3;2;48;2;243;1;1m▁[38;2;251;0;0;48;2;247;1;1m┈[38;2;198;9;9;48;2;71;2;2m▍[38;2;251;0;0;48;2;230;5;5m┊[38;2;104;4;4;48;2;214;9;9m▊[38;2;251;0;0;48;2;249;0;0m┊[48;2;251;0;0m  [38;2;249;1;1;48;2;134;5;5m▆[38;2;251;0;0;48;2;246;1;1m┈[48;2;251;0;0m [38;2;153;4;3;48;2;245;1;1m▁[38;2;58;2;1;48;2;226;3;3m▄[38;2;16;0;0;48;2;123;4;4m▇[48;2;0;0;0m    [38;2;8;0;0;48;2;130;5;5m▊[38;2;210;17;16;48;2;248;1;1m▏[38;2;239;2;2;48;2;170;7;7m▆[38;2;251;0;0;48;2;247;1;1m┊[38;2;210;8;8;48;2;130;6;5m▌[38;2;230;8;8;48;2;248;0;0m▏[0m[38;2;193;6;6m▋   [0m
 [38;2;0;0;0m [7m[38;2;62;5;4m▉[0m[38;2;118;6;5;48;2;176;11;11m┚[38;2;251;0;0;48;2;236;2;2m┈[48;2;245;1;1m▇[48;2;248;1;1m┈[38;2;239;3;3;48;2;83;4;4m▖[38;2;0;0;0;48;2;5;4;4m┈[38;2;1;8;8;48;2;18;185;184m▅[38;2;1;12;12;48;2;19;207;206m▃[38;2;0;12;12;48;2;23;136;135m▂[38;2;49;199;198;48;2;22;120;119m┖[38;2;34;129;128;48;2;137;11;10m▃[38;2;44;95;95;48;2;160;8;8m▃[38;2;127;6;6;48;2;27;120;120m▘[38;2;0;16;16;48;2;24;162;161m▝[38;2;0;0;0;48;2;1;9;8m┊[38;2;32;233;232;48;2;11;12;12m▁[38;2;7;4;4;48;2;195;7;7m▆[38;2;75;7;6;48;2;162;8;8m▋[38;2;138;5;5;48;2;213;3;3m┬[38;2;217;5;4;48;2;140;4;3m▚[38;2;232;6;6;48;2;249;1;1m▏[38;2;107;4;4;48;2;244;1;1m▝[38;2;198;4;4;48;2;93;3;3m▃[38;2;67;3;3;48;2;175;6;5m▄[38;2;24;0;0;48;2;181;7;7m▂[38;2;51;1;1;48;2;242;3;3m▂[38;2;54;1;1;48;2;247;1;1m▂[38;2;26;0;0;48;2;238;2;2m▂[38;2;16;0;0;48;2;229;2;2m▃[48;2;210;4;4m▅[38;2;114;9;8;48;2;55;3;3m┒[38;2;13;1;1;48;2;140;8;8m▘[38;2;124;8;8;48;2;13;0;0m▍[48;2;0;0;0m   [38;2;0;0;0;48;2;4;0;0m┈[38;2;6;0;0;48;2;176;5;5m▘[38;2;202;4;4;48;2;247;1;1m▁[38;2;162;8;7;48;2;224;6;6m▖[38;2;251;0;0;48;2;249;0;0m┊[38;2;210;6;5;48;2;103;3;3m▌[0m[7m[38;2;214;4;4m▗[0m[38;2;103;4;4m▘   [0m
 [38;2;0;0;0m  [7m[38;2;164;6;6m▋[0m[38;2;250;0;0;48;2;246;1;1m┊[48;2;251;0;0m [38;2;249;1;1;48;2;207;10;10m▉[38;2;145;6;6;48;2;21;0;0m▘[38;2;25;199;198;48;2;2;13;12m▗[38;2;11;226;225;48;2;2;14;14m▅[38;2;2;21;21;48;2;19;174;173m▘[38;2;25;164;164;48;2;7;49;49m▘[38;2;12;75;74;48;2;35;189;188m▆[38;2;2;39;38;48;2;33;148;147m▁[38;2;28;182;181;48;2;25;131;130m▄[38;2;20;114;113;48;2;27;178;177m┯[38;2;5;36;36;48;2;19;229;228m▄[38;2;18;74;74;48;2;1;14;14m▏[38;2;4;33;33;48;2;17;241;240m▅[38;2;24;96;96;48;2;4;10;10m▏[38;2;5;0;0;48;2;170;9;8m▄[38;2;17;1;1;48;2;163;6;6m▂[38;2;29;1;1;48;2;240;2;2m▃[38;2;90;4;4;48;2;247;1;1m▃[38;2;251;0;0;48;2;249;0;0m┊[48;2;248;0;0m▉[38;2;184;7;7;48;2;232;5;4m▂[38;2;191;9;8;48;2;98;2;2m▇[38;2;151;9;9;48;2;39;2;1m▆[38;2;147;9;8;48;2;6;0;0m▅[38;2;158;8;8;48;2;10;0;0m▃[38;2;172;13;12;48;2;6;0;0m▂[38;2;189;14;14;48;2;9;0;0m▁[38;2;133;8;7;48;2;2;0;0m▁[38;2;111;2;1;48;2;1;0;0m▁[38;2;129;8;8;48;2;2;0;0m▁[38;2;199;11;11;48;2;10;0;0m▁[38;2;217;6;5;48;2;15;0;0m▂[38;2;206;6;6;48;2;18;1;1m▄[38;2;200;5;5;48;2;107;4;4m▆[38;2;149;6;6;48;2;229;4;4m╼[38;2;181;7;6;48;2;210;5;4m╵[38;2;251;0;0;48;2;237;2;2m┈[48;2;243;1;1m╴[0m[38;2;149;5;5m▍     [0m
 [38;2;0;0;0m  [0m [7m[38;2;150;5;5m▆[38;2;230;3;3m▄[0m[38;2;76;3;3;48;2;220;4;4m▂[38;2;186;8;8;48;2;36;2;2m▖[38;2;24;216;215;48;2;10;59;58m┕[38;2;24;118;118;48;2;19;202;201m▁[38;2;9;177;176;48;2;23;196;195m┊[38;2;6;59;58;48;2;22;200;199m▂[38;2;10;105;104;48;2;23;202;202m─[38;2;20;206;205;48;2;0;22;21m▇[38;2;13;232;230;48;2;8;54;53m▆[38;2;11;225;224;48;2;7;52;51m▆[38;2;15;210;209;48;2;0;14;14m▇[38;2;0;7;7;48;2;11;219;218m▁[38;2;4;31;31;48;2;12;240;239m▂[38;2;29;198;197;48;2;4;19;19m▘[38;2;9;247;246;48;2;11;78;77m▗[38;2;26;196;195;48;2;6;27;27m▍[38;2;162;10;9;48;2;48;3;3m▝[38;2;36;1;1;48;2;113;9;9m▆[38;2;58;2;2;48;2;166;5;5m━[38;2;183;5;5;48;2;242;2;2m▏[38;2;251;0;0;48;2;248;1;1m┈[38;2;96;3;3;48;2;223;3;3m▝[38;2;42;0;0;48;2;177;6;5m╾[38;2;62;2;1;48;2;173;6;6m▂[38;2;115;5;5;48;2;198;7;7m━[38;2;112;4;4;48;2;193;5;5m▃[38;2;60;1;1;48;2;200;5;5m▁[38;2;235;3;3;48;2;168;10;10m▅[38;2;245;2;2;48;2;174;9;9m▅[48;2;179;8;8m▅[38;2;242;4;3;48;2;175;6;5m▅[38;2;228;3;3;48;2;174;8;8m▅[38;2;81;3;3;48;2;215;4;4m▂[38;2;37;1;1;48;2;222;4;3m▃[38;2;51;1;1;48;2;185;5;5m━[38;2;229;3;3;48;2;95;4;3m▅[38;2;82;4;3;48;2;227;3;3m▂[38;2;29;111;110;48;2;146;5;5m▅[38;2;21;171;170;48;2;10;51;51m▇[0m[38;2;18;174;173m▆[38;2;15;208;207m▃[0m [38;2;0;0;0m  [0m
 [38;2;0;0;0m   [7m[38;2;116;7;6m▇[38;2;136;7;7m▅[38;2;34;3;2m▃[0m[38;2;17;1;1;48;2;101;12;10m▇[38;2;9;0;0;48;2;47;3;3m▉[38;2;178;12;12;48;2;77;8;7m┓[38;2;3;8;8;48;2;38;194;193m▇[38;2;1;10;10;48;2;32;218;217m▆[38;2;0;1;1;48;2;24;213;212m▅[38;2;0;4;4;48;2;24;219;218m▅[38;2;0;1;1;48;2;34;195;194m▅[38;2;1;10;10;48;2;48;196;195m▆[38;2;0;0;0;48;2;0;4;3m┈[48;2;0;0;0m [38;2;12;245;244;48;2;9;66;65m▗[38;2;9;227;227;48;2;2;17;17m▆[38;2;18;229;228;48;2;12;84;83m▖[38;2;10;125;124;48;2;13;216;215m▏[38;2;9;233;232;48;2;4;25;24m▄[38;2;16;99;99;48;2;61;4;3m▖[38;2;199;7;7;48;2;60;2;2m▘[38;2;178;5;5;48;2;244;2;2m▎[38;2;221;8;8;48;2;251;0;0m▁ [38;2;251;0;0;48;2;250;0;0m┈[38;2;243;1;1;48;2;113;4;4m▆[38;2;219;3;3;48;2;105;3;3m▄[38;2;90;4;4;48;2;226;4;4m▄[38;2;222;4;3;48;2;80;3;3m▆[38;2;223;3;3;48;2;32;0;0m▅[38;2;246;2;2;48;2;64;3;3m▃[38;2;245;2;2;48;2;61;3;2m▃[38;2;235;3;3;48;2;52;1;1m▄[38;2;238;2;2;48;2;37;0;0m▅[38;2;195;9;9;48;2;38;1;0m▆[38;2;27;187;186;48;2;163;6;6m▂[38;2;26;82;81;48;2;220;4;4m▅[38;2;10;226;225;48;2;95;16;16m▅[38;2;7;247;246;48;2;17;64;64m▆[38;2;11;225;224;48;2;10;73;72m▄[38;2;9;54;53;48;2;13;226;225m▅[38;2;12;79;79;48;2;15;199;198m▂[38;2;2;26;25;48;2;17;184;183m╺[38;2;17;230;229;48;2;15;120;119m▚[0m[38;2;16;211;210m▖ [0m
 [38;2;0;0;0m      [38;2;141;9;9m▝[38;2;108;6;6;48;2;54;2;2m▇[38;2;1;0;0;48;2;10;1;1m┈[48;2;0;0;0m   [38;2;0;0;0;48;2;0;2;2m┈[38;2;14;181;180;48;2;3;16;16m▄[38;2;7;243;242;48;2;10;57;56m▆[38;2;9;248;247;48;2;11;90;89m▇[38;2;4;250;249;48;2;9;85;84m▇[38;2;0;252;251;48;2;7;244;243m╴[38;2;7;45;44;48;2;11;239;238m▃[38;2;19;227;226;48;2;12;90;89m▘[38;2;4;252;251;48;2;7;240;239m┊[38;2;3;251;250;48;2;46;219;218m▉[38;2;21;132;132;48;2;1;11;11m▏[38;2;225;8;7;48;2;64;4;3m▝[38;2;208;5;4;48;2;108;4;4m▚[38;2;94;3;3;48;2;240;2;2m▘[38;2;149;4;3;48;2;246;1;1m▗[38;2;22;0;0;48;2;228;2;2m▃[38;2;40;1;1;48;2;189;4;4m▖[38;2;221;8;8;48;2;245;1;1m╴[38;2;181;7;7;48;2;19;0;0m▌[38;2;15;0;0;48;2;81;3;3m▇[38;2;82;3;3;48;2;225;4;4m▆[38;2;100;4;4;48;2;242;2;2m▄[38;2;119;5;5;48;2;244;1;1m▂[38;2;251;0;0;48;2;250;0;0m┈[0m[7m[38;2;193;5;5m▗[0m[38;2;29;82;82;48;2;15;216;215m▍[38;2;0;252;251;48;2;1;252;251m┈[38;2;3;245;244;48;2;18;143;142m▇[38;2;15;110;109;48;2;12;207;206m┗[38;2;14;91;91;48;2;8;236;235m▄[38;2;7;36;36;48;2;19;193;192m▂[38;2;14;230;229;48;2;14;87;86m▆[38;2;8;236;235;48;2;1;20;20m▆[38;2;8;180;179;48;2;11;211;210m╲[38;2;12;181;180;48;2;11;224;223m╹[0m[38;2;15;174;174m▋ [0m
 [38;2;0;0;0m       [0m   [38;2;133;7;7;48;2;53;4;3m┈[38;2;20;0;0;48;2;1;0;0m▏[38;2;1;9;9;48;2;17;85;85m▉[38;2;1;11;10;48;2;16;221;220m▃[38;2;13;88;87;48;2;18;188;187m┙[38;2;8;238;237;48;2;10;66;65m▆[38;2;9;227;226;48;2;16;125;125m▅[38;2;1;15;15;48;2;19;188;187m▗[38;2;9;68;68;48;2;21;201;200m▍[38;2;18;136;135;48;2;8;244;243m▃[38;2;20;104;103;48;2;5;248;247m▂[38;2;17;108;107;48;2;8;246;245m▂[38;2;21;150;149;48;2;11;51;51m▄[38;2;21;86;86;48;2;76;15;14m▁[38;2;22;0;0;48;2;232;4;4m▄[48;2;225;3;3m▃[38;2;202;7;7;48;2;11;0;0m▘[38;2;13;0;0;48;2;83;5;5m▉[38;2;22;0;0;48;2;210;5;5m▄[38;2;23;0;0;48;2;165;5;5m━[38;2;198;8;8;48;2;72;15;15m▖[38;2;12;224;223;48;2;117;24;24m▃[38;2;10;228;227;48;2;124;7;6m▅[38;2;19;188;187;48;2;136;21;21m▄[38;2;213;5;5;48;2;115;9;9m▚[38;2;135;6;6;48;2;210;5;5m▚[0m[38;2;97;6;5m▎[0m [7m[38;2;13;179;178m▅[38;2;9;231;230m▃[38;2;11;221;220m▂[0m[38;2;17;114;113;48;2;18;212;211m▝[38;2;8;236;235;48;2;1;11;11m▅[38;2;10;234;233;48;2;1;19;18m▄[38;2;10;236;235;48;2;9;67;66m▄[38;2;11;235;234;48;2;20;142;141m▅[0m[7m[38;2;20;173;172m▗[0m [38;2;0;0;0m [0m
 [38;2;0;0;0m           [38;2;14;133;132m▁[38;2;11;220;219;48;2;3;24;23m▃[38;2;5;240;239;48;2;14;94;94m▆[48;2;0;252;251m   [38;2;18;226;225;48;2;8;47;46m▋[38;2;0;2;2;48;2;14;201;200m▂[38;2;0;3;2;48;2;18;204;204m▂[38;2;7;31;31;48;2;15;195;194m▃[38;2;0;11;11;48;2;23;166;165m▂[38;2;7;40;39;48;2;20;195;194m▂[38;2;25;163;162;48;2;14;75;75m╈[38;2;0;0;0;48;2;1;2;2m┊[38;2;57;4;3;48;2;178;6;6m▌[38;2;71;3;3;48;2;216;3;3m▁[38;2;209;4;4;48;2;54;0;0m▇[38;2;44;2;2;48;2;223;3;3m▂[38;2;17;1;1;48;2;195;4;4m▄[38;2;19;23;23;48;2;22;216;215m▌[48;2;0;252;251m   [38;2;66;71;71;48;2;7;235;234m▝[38;2;20;191;190;48;2;176;16;16m▃[0m[7m[38;2;121;16;16m▝[0m [38;2;0;0;0m   [0m [7m[38;2;27;226;225m▇[38;2;19;177;176m▆[38;2;20;161;160m▆[38;2;17;88;87m▇[0m[38;2;0;0;0m   [0m
 [38;2;0;0;0m     [0m [38;2;31;175;174m▁[38;2;18;216;215m▂[38;2;10;241;240m▃[38;2;9;231;230m▅[38;2;4;248;247m▆[38;2;0;252;251;48;2;3;248;247m┈[48;2;0;252;251m [38;2;27;235;234m▁[38;2;11;51;50;48;2;5;243;242m▁[38;2;4;27;27;48;2;7;237;236m▃[38;2;3;26;26;48;2;15;204;203m▅[38;2;21;202;201;48;2;2;20;20m▃[38;2;0;0;0;48;2;1;8;8m┈[48;2;0;0;0m       [48;2;4;0;0m▇[48;2;3;0;0m▇[48;2;0;0;0m [38;2;16;162;161;48;2;1;8;8m▗[38;2;30;183;182;48;2;1;13;13m▖[38;2;5;28;28;48;2;15;224;223m▅[38;2;3;23;23;48;2;6;232;231m▂[38;2;23;150;149;48;2;2;251;250m▁[48;2;0;252;251m  [38;2;2;249;248;48;2;15;152;151m▇[0m[38;2;4;246;245m▅[38;2;9;226;225m▄[38;2;13;238;237m▂[38;2;27;212;211m▁[0m [38;2;0;0;0m       [0m
 [38;2;0;0;0m     [0m [7m[38;2;21;179;178m▆[38;2;17;241;240m▆[38;2;8;190;189m▅[38;2;7;198;197m▅[38;2;13;244;243m▆[38;2;20;236;235m▆[0m[38;2;121;5;5;48;2;13;82;81m▄[38;2;243;2;2;48;2;32;24;24m▄[38;2;241;2;2;48;2;58;3;3m▖[38;2;0;0;0;48;2;2;0;0m┈[48;2;1;7;7m┈[38;2;14;94;93;48;2;14;239;238m▖[38;2;8;243;242;48;2;15;131;130m▇[38;2;21;201;200;48;2;7;32;31m▖[38;2;133;6;5;48;2;16;79;78m▂[38;2;236;5;5;48;2;25;42;42m▂[38;2;239;4;4;48;2;11;0;0m▃[38;2;245;3;3;48;2;26;0;0m▃[38;2;242;3;3;48;2;16;1;1m▃[38;2;210;4;4;48;2;3;0;0m▃[38;2;167;6;6;48;2;10;40;39m▂[38;2;31;220;219;48;2;14;40;39m╾[38;2;12;233;232;48;2;7;49;48m▅[38;2;22;127;127;48;2;9;233;232m▁[38;2;20;167;166;48;2;1;8;8m▘[48;2;0;0;0m [38;2;180;6;6;48;2;18;1;1m▗[38;2;244;2;2;48;2;28;7;7m▄[38;2;203;5;5;48;2;12;70;69m▄[38;2;59;61;61;48;2;7;73;73m▎[0m[7m[38;2;12;242;241m▅[38;2;5;208;207m▄[38;2;8;215;214m▄[38;2;5;209;208m▄[38;2;12;244;243m▅[38;2;23;187;186m▅[0m [38;2;0;0;0m      [0m
 [38;2;0;0;0m            [0m [7m[38;2;199;4;3m▄[38;2;224;3;3m▁[0m[38;2;220;3;3;48;2;81;3;3m▆[38;2;232;5;4;48;2;18;0;0m▅[38;2;235;5;5;48;2;19;13;13m▅[38;2;223;4;4;48;2;30;55;54m▆[38;2;79;1;1;48;2;217;4;4m▁[38;2;61;3;3;48;2;236;3;3m▂[38;2;91;4;3;48;2;245;2;2m▄[38;2;32;0;0;48;2;205;4;4m╼[38;2;17;0;0;48;2;194;5;5m━[38;2;39;0;0;48;2;207;4;3m━[38;2;89;3;3;48;2;242;2;2m▄[38;2;160;8;8;48;2;246;1;1m▃[38;2;148;7;7;48;2;230;3;3m▁[38;2;239;2;2;48;2;50;90;89m▆[38;2;244;2;2;48;2;20;15;15m▅[48;2;22;1;1m▅[38;2;240;2;2;48;2;65;3;2m▆[0m[7m[38;2;231;2;2m▁[38;2;213;2;2m▃[38;2;140;5;5m▆[0m[38;2;7;0;0m              [0m
 [38;2;0;0;0m               [0m [38;2;131;6;6m▝[7m[38;2;167;5;4m▂[38;2;206;3;3m▁[0m[38;2;123;5;4;48;2;217;4;4m▃[38;2;127;6;6;48;2;208;5;4m┛[38;2;251;0;0;48;2;243;1;1m┈[48;2;251;0;0m   [48;2;237;1;1m╴[38;2;157;6;6;48;2;227;5;5m▚[38;2;123;7;7;48;2;218;4;4m▁[0m[7m[38;2;199;5;4m▁[38;2;175;8;8m▃[38;2;168;5;5m▆[38;2;106;6;5m▇[0m[38;2;1;0;0m                 [0m
 [38;2;0;0;0m                  [0m [38;2;195;7;6m▝[7m[38;2;231;2;2m▂[0m[38;2;158;11;11;48;2;249;0;0m▁[38;2;220;9;9;48;2;251;0;0m▁[38;2;189;11;11;48;2;250;0;0m▁[38;2;221;9;9;48;2;251;0;0m▁[38;2;135;6;6;48;2;249;1;1m▁[0m[7m[38;2;222;3;3m▂[0m[38;2;71;4;4m▘[0m [38;2;0;0;0m                    [0m
 [38;2;0;0;0m                     [0m     [38;2;0;0;0m                       [0m[u[0m [38;2;0;0;0m                             [0m [38;2;140;7;6m▂[38;2;183;5;4m▃[38;2;232;4;4m▃[38;2;229;3;3m▄[38;2;179;4;4m▆[0m [38;2;8;0;0m           [7m[38;2;62;2;2m▉[0m[38;2;226;5;4m▖[0m
 [38;2;0;0;0m                            [38;2;139;4;3m▗[7m[38;2;227;2;2m▘[0m[38;2;251;0;0;48;2;240;1;1m┈[0m[7m[38;2;225;2;2m▂[38;2;211;3;3m▄[38;2;175;5;5m▆[0m [38;2;0;0;0m    [0m [38;2;72;7;7m▂    [0m [38;2;190;2;2m▃[38;2;98;3;2;48;2;218;3;3m▚[0m[38;2;202;3;3m▘[0m
 [38;2;0;0;0m                          [0m [38;2;212;2;2m▄[38;2;251;0;0;48;2;227;1;1m┈[0m[7m[38;2;216;2;1m▄[38;2;108;3;3m▇[0m[38;2;7;0;0m       [38;2;120;5;5m▁[7m[38;2;178;4;4m▘[38;2;178;7;6m▗[0m[38;2;33;1;1m  [38;2;101;3;3m▗[38;2;177;3;3m▅[7m[38;2;199;3;3m▃[38;2;179;2;2m▅[0m [38;2;0;0;0m [0m
   [38;2;0;0;0m          [0m [38;2;76;5;4m▃[0m [38;2;5;0;0m         [0m [38;2;189;3;3m▄[38;2;236;1;1;48;2;134;3;3m▇[38;2;246;0;0;48;2;241;2;2m▉[0m[38;2;180;5;5m▍[38;2;142;6;5m▄[38;2;51;6;6m▏     [38;2;142;5;5m▗[38;2;201;4;4m▅[7m[38;2;212;4;3m▂[38;2;195;3;3m▅[0m [38;2;0;0;0m [38;2;97;6;5m▗[7m[38;2;148;5;5m▄[0m [38;2;1;0;0m    [0m
  [7m[38;2;10;1;1m╴[0m[38;2;206;7;6;48;2;44;3;3m▗[0m[38;2;3;0;0m╴[0m [38;2;0;0;0m      [0m [7m[38;2;199;9;9m▘[0m[38;2;84;4;4m▎      [38;2;174;10;10m▗[38;2;75;5;4m▎ [0m [7m[38;2;185;6;5m▘[0m[38;2;31;1;1;48;2;242;2;1m [38;2;242;2;1;48;2;244;0;0m▇▇[48;2;242;2;1m [48;2;223;3;2m╴[0m[38;2;213;5;4m▃[38;2;148;7;7m▂[38;2;149;8;7m▂[38;2;203;6;6m▄[38;2;78;4;4m▎[0m [7m[38;2;146;7;7m▆[0m [38;2;0;0;0m [0m [38;2;65;4;4m▁        [0m
 [38;2;0;0;0m [0m [38;2;70;4;3;48;2;227;3;2m▍[38;2;234;2;2;48;2;22;1;1m▋[0m [38;2;0;0;0m      [0m [38;2;221;6;6m▝[38;2;125;4;4;48;2;215;5;4m▝[0m[38;2;182;4;4m▃[0m [38;2;0;0;0m [0m [38;2;41;5;5m▁ [7m[38;2;195;8;8m▌[38;2;187;4;4m▝[0m[38;2;136;5;5m▁[38;2;111;5;5m▗[38;2;180;8;8;48;2;237;4;3m▎[38;2;244;0;0;48;2;242;2;1m▁▁▁▁▁[38;2;243;2;1;48;2;240;3;2m┊[0m[7m[38;2;212;4;4m▗[0m[38;2;42;1;1;48;2;228;5;5m▖[0m[7m[38;2;206;6;5m▗[0m  [38;2;158;7;6m▄[38;2;82;5;5m▌ [7m[38;2;104;4;4m▋[0m[38;2;189;10;9;48;2;43;0;0m▉[0m  [38;2;27;0;0m    [38;2;70;6;5m▂[0m [0m
 [38;2;0;0;0m [0m [38;2;0;0;0;48;2;87;1;1m╴[38;2;118;2;2;48;2;212;2;1m▝[38;2;28;1;1;48;2;30;1;1m╴[0m [38;2;0;0;0m       [38;2;135;7;6m▝[38;2;120;5;5;48;2;239;2;2m▖[0m[7m[38;2;171;4;4m▝[0m  [7m[38;2;138;7;7m▖[0m[38;2;233;4;4m▄[38;2;118;6;6;48;2;242;1;1m▘[38;2;247;0;0;48;2;244;0;0m▂[38;2;245;0;0;48;2;230;6;6m▇[48;2;222;9;9m▇[38;2;247;0;0;48;2;244;0;0m▂▂▂▂▂[38;2;244;0;0;48;2;245;0;0m┈[0m[7m[38;2;167;5;5m▗[0m[38;2;105;8;7m▄[38;2;134;10;9m▝[0m [38;2;5;0;0m [7m[38;2;42;0;0m▉[0m[38;2;130;7;7;48;2;235;5;4m▎[38;2;76;3;3;48;2;232;2;2m▝[0m[38;2;130;4;4m▄[38;2;63;1;1m▝[7m[38;2;135;8;8m▃[0m[38;2;28;3;2m [7m[38;2;161;8;7m▎[0m[38;2;122;5;5m▖  [7m[38;2;54;1;1m▉[0m[38;2;179;9;9m▊[0m [0m
 [38;2;0;0;0m   [7m[38;2;50;2;1m▇[38;2;65;1;1m╴[0m[38;2;33;2;2;48;2;15;1;1m╴[0m[38;2;107;7;6m▃[38;2;85;4;4m▂     [38;2;94;6;5m▂[7m[38;2;113;5;5m▋[0m[38;2;205;7;7;48;2;243;2;2m▏[0m[7m[38;2;156;4;4m▝[0m[38;2;128;7;7m▂[7m[38;2;40;1;1m▉[0m[38;2;109;5;5;48;2;232;4;3m▎[38;2;251;0;0;48;2;247;0;0m▄▄▄▄▄▄▄▄▄[38;2;250;0;0;48;2;248;0;0m╴[38;2;228;3;3;48;2;76;4;4m▆[38;2;245;1;1;48;2;205;7;7m▇[0m[7m[38;2;168;3;3m▝[0m[38;2;180;4;3m▃[38;2;192;4;4m▄[38;2;233;2;2;48;2;71;3;3m▅[38;2;251;0;0;48;2;247;1;1m┈[48;2;247;0;0m▆[48;2;243;2;2m╴[0m[38;2;119;5;4m▍ [38;2;202;6;6m▗[38;2;246;1;1;48;2;229;2;2m┈[38;2;216;5;5;48;2;45;1;1m▊[0m[38;2;216;5;5m  [0m [7m[38;2;189;6;6m▖[38;2;200;3;3m▝[0m
[38;2;161;10;9m▗[0m  [38;2;63;5;5m▁   [38;2;58;2;2m▝[38;2;25;0;0;48;2;197;6;5m▖[0m[38;2;217;3;3m▅[38;2;83;4;3m▖[0m [38;2;0;0;0m  [7m[38;2;81;7;7m▉[0m[38;2;6;0;0;48;2;52;5;4m▗[38;2;113;5;4;48;2;236;4;3m▎[38;2;246;1;1;48;2;211;4;4m▉[38;2;156;6;5;48;2;246;1;1m▘[38;2;20;0;0;48;2;167;7;7m▝[38;2;142;6;6;48;2;244;1;1m▘[48;2;251;0;0m     [38;2;251;0;0;48;2;249;1;1m┈[38;2;190;4;4;48;2;247;1;1m▁[48;2;251;0;0m  [38;2;142;7;7;48;2;244;1;1m▁[38;2;95;4;3;48;2;239;2;2m▃[38;2;251;0;0;48;2;249;1;1m┊[48;2;251;0;0m   [38;2;239;4;4m▁  [0m[38;2;210;4;4m▊[0m [38;2;69;3;3m▁[38;2;104;4;4;48;2;202;5;5m▏[0m[7m[38;2;212;3;3m▃[0m[38;2;124;5;5m▘[38;2;125;7;6m▄[0m [38;2;0;0;0m [38;2;56;2;2m▝[38;2;104;5;5;48;2;225;3;3m▏[0m
[38;2;132;6;5m▝[38;2;62;2;2;48;2;192;6;5m▝[0m[38;2;108;5;5m▖[7m[38;2;76;4;4m▖[38;2;150;8;7m▝[38;2;84;5;5m▌[0m[38;2;177;8;7m▃[38;2;139;6;6m▁[38;2;33;1;1m▝[38;2;100;4;4;48;2;233;3;3m▖[38;2;111;4;4;48;2;241;2;2m▝[0m[38;2;77;3;3m▖[38;2;114;8;7;48;2;43;3;3m▚[0m[38;2;147;8;7m▖[7m[38;2;173;7;7m▌[0m[38;2;21;1;1;48;2;193;5;4m▝[38;2;48;1;1;48;2;193;6;5m▌[38;2;251;0;0;48;2;250;0;0m┊[48;2;251;0;0m [48;2;249;0;0m▇[48;2;251;0;0m    [48;2;246;1;1m┈[38;2;91;3;2;48;2;244;1;1m▃[38;2;33;0;0;48;2;169;5;5m╼[38;2;90;3;3;48;2;209;9;9m▋[38;2;62;2;2;48;2;225;3;3m▗[38;2;38;1;1;48;2;157;5;5m━[38;2;232;2;2;48;2;53;1;1m▅[38;2;210;6;5;48;2;106;5;4m▖[38;2;216;12;11;48;2;248;1;1m▏[48;2;251;0;0m  [38;2;19;0;0;48;2;195;4;4m▗[38;2;220;4;4;48;2;53;2;2m▝[38;2;251;0;0;48;2;245;1;1m┊[48;2;251;0;0m [48;2;236;2;2m╴[0m[38;2;155;7;7m▄[38;2;105;4;4;48;2;224;6;6m▘[0m[38;2;105;4;4m▎[38;2;64;6;5m▂[7m[38;2;177;7;6m▌[0m[38;2;251;0;0;48;2;244;2;2m╴[0m[38;2;129;5;5m▌ [0m [7m[38;2;112;7;7m▃[0m
 [38;2;96;4;4m▝[7m[38;2;114;5;5m▃[0m [38;2;36;1;1;48;2;193;6;6m▍[38;2;244;1;1;48;2;127;4;4m▆[38;2;205;3;2;48;2;243;2;2m▏[38;2;154;3;3;48;2;224;4;4m▁[0m[7m[38;2;125;5;5m▝[0m[38;2;159;6;6m▝[38;2;171;3;3;48;2;236;2;2m▁[0m[38;2;140;6;6m▋[0m [38;2;22;0;0;48;2;181;6;6m▖[38;2;107;4;4;48;2;241;2;2m▘[38;2;251;0;0;48;2;250;0;0m┈[38;2;88;3;3;48;2;226;2;2m▝[38;2;126;5;5;48;2;231;4;4m╸[48;2;251;0;0m [38;2;239;3;3;48;2;136;4;4m▋[38;2;25;1;1;48;2;223;3;3m▄[38;2;64;3;3;48;2;228;4;4m▂[38;2;84;4;3;48;2;237;2;2m▄[38;2;250;0;0;48;2;235;2;2m┈[38;2;180;7;7;48;2;77;2;2m▚[38;2;115;4;4;48;2;238;2;2m▘[38;2;251;0;0;48;2;250;0;0m┈[38;2;87;6;5;48;2;207;4;4m▝[38;2;68;2;2;48;2;215;3;3m▘[38;2;251;0;0;48;2;250;0;0m┈[48;2;247;1;1m┊[38;2;108;3;3;48;2;185;6;6m┃[38;2;177;7;6;48;2;248;1;1m▁[38;2;156;4;3;48;2;247;1;1m▁[38;2;250;0;0;48;2;238;5;5m▉[38;2;243;2;2;48;2;79;2;2m▆[38;2;247;1;1;48;2;81;2;2m▆[38;2;251;0;0;48;2;235;2;2m┈[48;2;251;0;0m [48;2;247;1;1m┈[38;2;116;4;4;48;2;199;6;5m▝[38;2;123;4;4;48;2;239;3;3m▖[0m[7m[38;2;166;4;4m▝[38;2;166;6;6m▖[0m[38;2;244;2;2;48;2;130;4;4m▆[38;2;251;0;0;48;2;250;0;0m┈[0m[38;2;181;6;5m▌   [0m
[38;2;192;3;3;48;2;36;2;2m▗[0m[38;2;55;2;2m╴ [0m [38;2;46;2;2m▝[7m[38;2;206;4;4m▄[38;2;207;2;2m▂[38;2;127;5;4m▗[0m[38;2;18;218;217;48;2;34;26;25m▗[0m[38;2;16;209;208m▃[38;2;25;195;194;48;2;102;8;8m▅[38;2;17;134;133;48;2;93;37;37m▂[38;2;12;242;241;48;2;2;27;27m▆[38;2;10;230;229;48;2;14;18;18m▆[38;2;18;150;149;48;2;141;11;11m▖[38;2;251;0;0;48;2;240;1;1m┊[38;2;247;0;0;48;2;251;0;0m▁  [38;2;251;0;0;48;2;249;0;0m┈[38;2;233;2;2;48;2;70;3;3m▆[38;2;209;4;4;48;2;17;0;0m▄[38;2;63;2;2;48;2;210;9;9m▋[38;2;246;1;1;48;2;184;7;7m▇[38;2;243;1;1;48;2;184;6;6m▇[48;2;251;0;0m     [38;2;221;3;3;48;2;95;4;4m▋[38;2;199;9;9;48;2;92;6;5m▝[38;2;239;3;3;48;2;102;4;4m▗[38;2;248;1;1;48;2;195;6;5m▇[48;2;251;0;0m   [38;2;163;5;5;48;2;248;1;1m▁[38;2;38;1;1;48;2;242;2;2m▂[38;2;36;1;1m▂[38;2;251;0;0;48;2;238;2;2m╴[38;2;97;4;3;48;2;199;8;8m▋[0m[38;2;183;5;5m▊[38;2;184;6;6m▗[38;2;203;5;5;48;2;237;3;2m▏[0m[7m[38;2;186;3;3m▄[0m [38;2;42;4;4m   [0m
[38;2;58;2;2;48;2;235;1;1m▍[38;2;1;0;0;48;2;107;2;2m┊[0m  [38;2;39;1;1;48;2;191;8;8m▍[0m[7m[38;2;105;3;3m▝[0m [38;2;20;240;239;48;2;11;71;70m▗[38;2;10;72;71;48;2;10;236;235m▃[38;2;0;13;13;48;2;5;249;248m▄[38;2;0;10;10;48;2;6;249;248m▄[38;2;0;17;17;48;2;11;246;245m▄[38;2;12;85;84;48;2;2;251;250m▄[38;2;24;130;129;48;2;9;242;241m▃[38;2;22;118;117;48;2;18;229;228m▃[38;2;38;25;24;48;2;194;6;6m▌[38;2;242;2;2;48;2;193;8;7m▉[38;2;98;3;3;48;2;202;5;5m┓[38;2;146;6;6;48;2;223;5;4m▗[38;2;200;8;7;48;2;246;1;1m▏[48;2;251;0;0m  [38;2;187;4;4;48;2;242;2;2m╹[48;2;251;0;0m [38;2;171;6;6;48;2;246;1;1m▗[38;2;235;6;6;48;2;248;1;1m▏[38;2;118;4;4;48;2;215;3;3m▗[38;2;208;9;9;48;2;244;2;2m▏[48;2;251;0;0m [38;2;250;0;0;48;2;231;5;5m▉[38;2;154;9;8;48;2;48;1;1m▎[38;2;75;3;3;48;2;225;3;3m▘[38;2;251;0;0;48;2;249;0;0m┈[48;2;251;0;0m  [38;2;171;5;5;48;2;244;1;1m▁[38;2;34;1;1;48;2;204;3;3m▄[38;2;4;0;0;48;2;85;3;2m▇[48;2;0;0;0m  [38;2;31;1;1;48;2;177;7;6m▋[38;2;91;3;2;48;2;221;5;5m▝[0m[38;2;122;10;9m▊[38;2;113;4;4;48;2;236;4;4m▎[38;2;203;5;5;48;2;49;1;1m▋[0m[38;2;196;4;4m▅[38;2;194;6;6m▋   [0m
[38;2;53;1;1m▝[7m[38;2;148;4;4m▃[0m[38;2;37;2;2m╴[38;2;56;2;2m▂[38;2;58;2;2;48;2;226;4;4m▎[38;2;79;1;0;48;2;209;6;6m▝[38;2;88;4;4;48;2;210;6;6m▝[38;2;4;1;1;48;2;15;76;75m▇[38;2;28;118;117;48;2;11;55;54m▗[38;2;42;219;218;48;2;14;103;103m▁[38;2;18;186;185;48;2;0;5;5m▆[38;2;13;80;80;48;2;27;212;212m▌[38;2;21;110;109;48;2;18;205;204m┎[38;2;43;170;169;48;2;39;70;69m┺[38;2;32;145;144;48;2;78;38;37m┻[38;2;33;137;136;48;2;17;36;36m▗[38;2;10;10;10;48;2;178;4;4m▅[38;2;206;12;12;48;2;19;0;0m▘[38;2;21;0;0;48;2;190;6;6m▖[38;2;250;0;0;48;2;247;1;1m┊[38;2;164;6;6;48;2;246;1;1m▗[38;2;176;8;7;48;2;237;2;2m╴[38;2;196;3;2;48;2;242;1;1m▁[38;2;251;0;0;48;2;247;1;1m┈[38;2;200;9;9;48;2;67;2;2m▍[38;2;251;0;0;48;2;229;5;5m┊[38;2;109;4;4;48;2;215;8;8m▊[38;2;251;0;0;48;2;249;1;1m┊[48;2;251;0;0m  [38;2;241;2;1;48;2;100;3;3m▇[38;2;251;0;0;48;2;246;1;1m┈[48;2;251;0;0m [38;2;134;4;4;48;2;242;1;1m▁[38;2;49;2;2;48;2;221;3;3m▄[38;2;14;1;1;48;2;103;5;5m▇[48;2;0;0;0m    [38;2;8;0;0;48;2;132;5;5m▊[38;2;209;17;17;48;2;248;1;1m▏[38;2;241;2;2;48;2;175;8;7m▆[38;2;251;0;0;48;2;247;1;1m┊[38;2;210;8;8;48;2;132;6;6m▌[38;2;236;5;5;48;2;249;0;0m▎[0m[38;2;192;6;6m▋   [0m
 [38;2;0;0;0m [7m[38;2;58;4;4m▉[0m[38;2;122;7;6;48;2;179;10;10m┛[38;2;251;0;0;48;2;237;1;1m┈[48;2;248;0;0m▇[48;2;249;1;1m┈[38;2;6;0;0;48;2;163;5;4m▝[38;2;0;0;0;48;2;4;3;2m┈[38;2;0;5;4;48;2;18;178;177m▅[38;2;0;7;7;48;2;17;205;205m▃[38;2;3;29;29;48;2;25;145;144m▃[38;2;49;199;198;48;2;23;125;124m┖[38;2;43;104;103;48;2;150;9;9m▄[38;2;42;111;111;48;2;156;7;7m▃[38;2;123;6;5;48;2;24;124;123m▘[38;2;20;206;205;48;2;16;80;79m▃[38;2;0;0;0;48;2;1;10;10m┊[38;2;28;183;182;48;2;11;0;0m▂[38;2;7;7;7;48;2;182;4;4m▆[38;2;74;7;6;48;2;166;8;8m▋[38;2;93;1;1;48;2;213;3;3m─[38;2;101;4;4;48;2;199;4;4m┙[38;2;234;6;6;48;2;249;1;1m▏[38;2;118;4;4;48;2;246;1;1m▝[38;2;235;3;3;48;2;99;3;3m▂[38;2;70;3;3;48;2;177;6;6m▄[38;2;16;0;0;48;2;175;7;7m▂[38;2;38;0;0;48;2;242;3;3m▂[48;2;246;2;2m▂[38;2;17;0;0;48;2;234;2;2m▂[38;2;11;0;0;48;2;224;2;2m▃[38;2;12;0;0;48;2;202;4;4m▅[38;2;119;8;8;48;2;45;2;2m▗[38;2;13;1;1;48;2;139;7;7m▘[38;2;149;8;7;48;2;21;1;1m▘[48;2;0;0;0m   [38;2;0;0;0;48;2;5;0;0m┈[38;2;11;0;0;48;2;181;5;5m▘[38;2;194;5;5;48;2;246;1;1m▁[38;2;164;7;6;48;2;225;6;5m▖[38;2;251;0;0;48;2;249;0;0m┊[38;2;211;6;6;48;2;101;3;3m▌[0m[7m[38;2;231;4;4m▃[0m[38;2;97;6;6m▘   [0m
 [38;2;0;0;0m  [7m[38;2;161;5;5m▋[0m[38;2;250;0;0;48;2;245;1;1m┊[48;2;251;0;0m [38;2;249;1;1;48;2;206;10;10m▉[38;2;134;5;5;48;2;20;0;0m▘[38;2;26;199;198;48;2;2;15;15m▗[38;2;10;234;233;48;2;5;21;21m▅[38;2;2;23;22;48;2;18;183;182m▘[38;2;19;141;141;48;2;5;32;32m▌[38;2;10;74;73;48;2;33;187;186m▆[38;2;0;21;20;48;2;32;151;150m▁[38;2;27;158;157;48;2;5;69;68m▇[38;2;8;76;75;48;2;26;172;171m▁[38;2;5;32;31;48;2;17;223;222m▄[38;2;17;72;71;48;2;1;14;14m▏[38;2;6;37;37;48;2;20;239;238m▅[38;2;23;98;98;48;2;5;10;10m▏[38;2;21;2;2;48;2;192;7;7m▅[38;2;38;2;2;48;2;170;6;5m▃[38;2;23;1;1;48;2;236;2;1m▃[38;2;86;3;3;48;2;245;1;1m▃[38;2;251;0;0;48;2;249;0;0m┊[48;2;248;0;0m▉[38;2;189;6;6;48;2;233;5;4m▂[38;2;191;8;8;48;2;125;6;6m▇[38;2;154;9;8;48;2;49;3;3m▆[38;2;149;9;9;48;2;9;0;0m▅[38;2;162;10;10;48;2;13;1;0m▃[38;2;176;13;12;48;2;8;0;0m▂[38;2;204;13;13;48;2;12;0;0m▁[38;2;170;11;11;48;2;3;0;0m▁[38;2;165;10;10;48;2;1;0;0m▁[38;2;168;10;10;48;2;2;0;0m▁[38;2;216;10;9;48;2;13;0;0m▁[38;2;228;5;4;48;2;19;1;1m▂[38;2;206;6;6;48;2;23;1;1m▄[38;2;193;5;5;48;2;83;5;5m▇[38;2;146;5;4;48;2;229;3;3m╼[38;2;221;3;3;48;2;173;7;7m▆[38;2;251;0;0;48;2;236;1;1m┈[48;2;242;1;1m╴[0m[38;2;195;7;7m▘     [0m
 [38;2;0;0;0m  [0m [38;2;115;7;7m▂[7m[38;2;225;3;3m▄[0m[38;2;63;2;2;48;2;219;5;4m▂[38;2;186;8;8;48;2;38;2;2m▖[38;2;21;189;188;48;2;8;46;46m┗[38;2;17;95;94;48;2;18;200;199m▁[38;2;13;185;184;48;2;22;196;195m┊[38;2;10;68;67;48;2;20;193;192m▂[38;2;21;124;123;48;2;21;208;207m╾[38;2;18;206;205;48;2;0;34;33m▇[38;2;14;214;213;48;2;0;2;2m▇[38;2;13;211;210;48;2;0;3;3m▇[38;2;12;208;207;48;2;0;24;23m▇[38;2;0;2;2;48;2;11;220;219m▁[38;2;1;18;18;48;2;12;239;238m▂[38;2;30;201;200;48;2;3;16;16m▘[38;2;16;197;196;48;2;7;53;52m▄[38;2;27;202;201;48;2;5;29;29m▍[38;2;174;9;9;48;2;46;3;3m▝[38;2;38;2;2;48;2;111;7;6m▊[38;2;81;2;2;48;2;166;5;5m┻[38;2;179;5;5;48;2;242;2;2m▏[38;2;251;0;0;48;2;249;0;0m┈[38;2;91;3;3;48;2;227;3;3m▝[38;2;61;2;2;48;2;183;5;5m━[38;2;54;2;2;48;2;172;5;5m▂[38;2;81;1;1;48;2;194;7;7m╺[38;2;118;4;4;48;2;191;5;5m▃[38;2;43;0;0;48;2;198;5;5m▁[38;2;167;9;9;48;2;212;5;4m▁[38;2;244;2;2;48;2;180;7;7m▅[38;2;246;2;1;48;2;189;6;5m▅[38;2;241;3;3;48;2;180;6;6m▅[38;2;219;4;4;48;2;153;7;6m▆[38;2;62;2;2;48;2;217;4;4m▂[38;2;61;2;2;48;2;239;3;2m▄[38;2;46;1;1;48;2;185;5;4m━[38;2;230;3;3;48;2;97;3;3m▅[38;2;72;2;2;48;2;225;3;3m▂[38;2;21;173;172;48;2;98;15;15m▃[38;2;0;27;26;48;2;20;171;170m╴[0m[38;2;15;175;174m▆[38;2;14;215;214m▃[0m [38;2;12;73;72m  [0m
 [38;2;0;0;0m   [7m[38;2;96;5;4m▇[38;2;130;8;7m▅[38;2;40;3;3m▄[0m[38;2;111;9;8;48;2;16;2;1m▁[38;2;0;0;0;48;2;15;1;1m┈[38;2;171;11;11;48;2;79;7;6m┓[38;2;2;5;5;48;2;32;168;168m▇[38;2;0;7;7;48;2;35;216;215m▆[38;2;0;0;0;48;2;23;203;202m▅[38;2;0;1;1;48;2;21;215;214m▅[38;2;0;0;0;48;2;28;188;187m▅[38;2;0;5;5;48;2;41;190;189m▆[38;2;0;0;0;48;2;0;4;4m┈[48;2;0;0;0m [38;2;11;246;245;48;2;10;74;73m▗[38;2;9;232;231;48;2;5;29;28m▆[38;2;16;236;235;48;2;12;80;79m▖[38;2;9;123;122;48;2;13;220;219m▏[38;2;9;240;239;48;2;4;28;28m▄[38;2;17;106;106;48;2;57;4;3m▖[38;2;192;7;7;48;2;60;2;2m▘[38;2;180;5;5;48;2;244;2;2m▎[38;2;204;9;9;48;2;251;0;0m▁ [38;2;251;0;0;48;2;250;0;0m┈[38;2;246;1;1;48;2;128;5;5m▆[38;2;223;3;3;48;2;103;4;4m▄[38;2;87;3;3;48;2;227;4;3m▄[38;2;220;3;3;48;2;91;4;4m▆[38;2;229;2;2;48;2;32;1;1m▅[38;2;227;4;4;48;2;39;1;1m▄[38;2;223;3;3;48;2;41;1;1m▄[38;2;240;2;2;48;2;48;1;1m▄[38;2;242;2;2;48;2;42;1;1m▅[38;2;193;10;10;48;2;53;2;2m▆[38;2;26;200;199;48;2;162;7;7m▂[38;2;22;88;87;48;2;212;4;3m▅[38;2;9;230;229;48;2;85;21;21m▅[38;2;5;249;248;48;2;18;79;78m▆[38;2;10;231;230;48;2;12;76;75m▄[38;2;8;55;55;48;2;14;216;215m▅[38;2;11;67;67;48;2;14;197;196m▂[38;2;12;78;77;48;2;16;193;192m┗[38;2;17;94;94;48;2;16;201;200m▖[0m[38;2;16;216;215m▖ [0m
 [38;2;0;0;0m      [38;2;135;7;7m▝[7m[38;2;111;6;6m▁[0m[38;2;1;0;0;48;2;8;1;1m┈[48;2;0;0;0m   [38;2;0;0;0;48;2;0;3;2m┈[38;2;15;189;188;48;2;3;18;17m▄[38;2;7;244;243;48;2;11;67;66m▆[38;2;8;247;246;48;2;32;135;135m▇[38;2;3;251;250;48;2;28;130;129m▇[38;2;0;252;251;48;2;7;245;244m╴[38;2;13;74;73;48;2;4;250;249m▄[38;2;18;187;186;48;2;11;69;68m▚[38;2;3;252;251;48;2;7;241;240m┊[38;2;3;251;250;48;2;47;218;217m▉[38;2;22;126;126;48;2;1;11;10m▏[38;2;220;8;7;48;2;65;4;4m▝[38;2;210;5;4;48;2;105;4;4m▚[38;2;97;4;3;48;2;241;2;2m▘[38;2;138;3;3;48;2;245;1;1m▗[38;2;19;0;0;48;2;222;3;3m▃[38;2;49;2;1;48;2;186;4;4m▖[38;2;228;7;7;48;2;245;1;1m╴[38;2;179;7;7;48;2;18;0;0m▌[38;2;83;4;3;48;2;14;0;0m▁[38;2;15;0;0;48;2;151;5;5m━[38;2;104;4;3;48;2;239;2;2m▄[38;2;109;4;4;48;2;242;1;1m▂[38;2;251;0;0;48;2;250;0;0m┊[0m[7m[38;2;187;6;5m▗[0m[38;2;27;85;85;48;2;13;217;216m▍[38;2;0;252;251;48;2;1;252;251m┈[38;2;4;248;247;48;2;20;165;164m▇[38;2;19;113;112;48;2;12;204;203m┕[38;2;12;91;91;48;2;10;231;230m▄[38;2;5;31;30;48;2;20;189;188m▂[38;2;13;226;225;48;2;19;98;97m▆[38;2;8;241;240;48;2;3;26;25m▆[38;2;7;249;248;48;2;19;145;144m▅[38;2;17;192;191;48;2;12;222;221m╹[0m[38;2;16;171;170m▋ [0m
 [38;2;0;0;0m       [0m   [38;2;127;7;7;48;2;53;4;3m┈[38;2;19;0;0;48;2;1;0;0m▏[38;2;1;9;9;48;2;17;85;84m▉[38;2;6;35;35;48;2;14;242;241m▄[38;2;17;93;92;48;2;15;192;191m┛[38;2;9;244;243;48;2;2;57;56m▆[38;2;10;235;234;48;2;16;120;119m▅[38;2;1;15;14;48;2;21;185;184m▗[38;2;9;67;66;48;2;21;199;198m▍[38;2;18;135;134;48;2;10;222;221m▗[38;2;20;107;107;48;2;6;244;243m▂[38;2;22;108;107;48;2;7;242;241m▂[38;2;22;217;216;48;2;15;83;82m╸[38;2;22;87;87;48;2;73;16;16m▁[38;2;16;0;0;48;2;229;4;4m▄[38;2;49;2;1;48;2;244;3;3m▄[38;2;196;7;7;48;2;10;0;0m▘[38;2;12;0;0;48;2;83;5;4m▉[38;2;42;1;1;48;2;233;6;6m▅[38;2;30;0;0;48;2;165;5;5m━[38;2;198;8;8;48;2;74;18;17m▖[38;2;17;200;199;48;2;134;12;12m▄[38;2;9;235;234;48;2;109;8;8m▅[38;2;16;194;193;48;2;130;23;22m▄[38;2;216;6;5;48;2;115;11;11m▚[38;2;134;6;6;48;2;211;6;6m▚[0m[38;2;95;5;5m▎[0m [7m[38;2;15;173;172m▅[38;2;9;224;223m▃[38;2;11;216;215m▂[0m[38;2;17;136;135;48;2;19;193;192m╱[38;2;9;241;240;48;2;3;19;19m▅[38;2;11;242;241;48;2;1;19;19m▄[38;2;10;242;241;48;2;10;63;63m▄[38;2;21;128;127;48;2;13;219;218m▘[0m[7m[38;2;19;171;170m▂[0m [38;2;0;0;0m [0m
 [38;2;0;0;0m           [38;2;19;146;145m▁[38;2;12;229;228;48;2;3;27;27m▃[38;2;12;102;102;48;2;6;241;240m▘[48;2;0;252;251m   [38;2;17;221;220;48;2;7;46;46m▋[38;2;5;26;25;48;2;14;214;213m▃[38;2;7;35;34;48;2;16;216;215m▃[38;2;0;22;21;48;2;17;196;195m▃[38;2;0;4;4;48;2;24;165;164m▂[38;2;0;21;20;48;2;22;199;198m▂[38;2;26;200;199;48;2;16;84;83m┙[38;2;0;0;0;48;2;1;2;2m┈[38;2;224;7;6;48;2;80;4;4m▝[38;2;49;0;0;48;2;219;4;4m▁[38;2;54;0;0;48;2;211;4;4m▁[38;2;33;1;1;48;2;224;4;4m▂[38;2;15;0;0;48;2;189;4;4m▄[38;2;16;23;22;48;2;24;218;217m▌[48;2;0;252;251m   [38;2;59;88;88;48;2;8;237;236m▝[38;2;16;201;200;48;2;171;17;17m▃[0m[7m[38;2;120;19;18m▝[0m [38;2;22;2;2m   [0m [7m[38;2;39;212;211m▇[38;2;17;172;171m▆[38;2;28;231;230m▇[0m [38;2;0;0;0m   [0m
 [38;2;0;0;0m     [0m [38;2;38;197;196m▁[38;2;18;230;229m▂[38;2;9;246;245m▃[38;2;8;236;235m▅[38;2;3;249;248m▆[38;2;0;252;251;48;2;3;249;248m┈[48;2;0;252;251m [48;2;5;247;246m┈[38;2;0;27;27;48;2;6;239;238m▁[38;2;4;21;21;48;2;9;234;233m▃[38;2;6;39;38;48;2;16;227;226m▆[38;2;21;209;208;48;2;5;23;23m▃[38;2;0;0;0;48;2;2;10;10m┈[48;2;0;0;0m          [38;2;20;174;173;48;2;2;11;11m▗[38;2;25;186;185;48;2;1;12;12m▖[38;2;3;23;23;48;2;16;219;218m▅[38;2;9;54;54;48;2;5;248;247m▃[38;2;24;139;138;48;2;3;250;249m▁[38;2;0;252;251;48;2;1;252;251m┈[48;2;0;252;251m [38;2;3;251;250;48;2;22;172;171m▇[0m[38;2;7;230;229m▆[38;2;8;232;232m▄[38;2;11;245;244m▂[38;2;28;225;224m▁[0m [38;2;0;0;0m       [0m
 [38;2;0;0;0m     [0m [7m[38;2;22;151;150m▆[38;2;27;235;234m▆[38;2;15;241;240m▆[38;2;10;175;174m▅[38;2;20;239;238m▆[38;2;27;213;212m▆[0m[38;2;188;7;7;48;2;28;48;48m▗[38;2;223;3;3;48;2;10;22;21m▅[38;2;170;5;5;48;2;10;0;0m▅[38;2;0;0;0;48;2;3;0;0m┊[48;2;1;7;7m┈[38;2;10;82;82;48;2;14;235;234m▖[38;2;8;241;240;48;2;19;139;138m▇[38;2;19;185;184;48;2;12;39;39m▖[38;2;148;7;7;48;2;17;77;77m▂[38;2;200;5;5;48;2;14;51;50m▃[38;2;242;3;3;48;2;20;0;0m▃[38;2;221;4;4;48;2;5;0;0m▄[38;2;245;2;2;48;2;25;1;1m▃[38;2;221;5;5;48;2;7;0;0m▃[38;2;187;7;7;48;2;11;41;40m▂[38;2;39;202;201;48;2;15;31;30m━[38;2;14;237;236;48;2;8;54;53m▅[38;2;20;117;117;48;2;10;231;230m▁[38;2;20;166;166;48;2;0;5;5m▘[48;2;0;0;0m [38;2;192;7;7;48;2;22;2;1m▗[38;2;222;3;3;48;2;7;7;7m▅[38;2;209;5;5;48;2;14;59;59m▄[38;2;32;0;0;48;2;18;68;67m╴[0m[7m[38;2;16;226;225m▅[38;2;10;245;244m▅▅▅[38;2;14;239;238m▅[38;2;20;180;179m▅[0m [38;2;0;0;0m      [0m
 [38;2;0;0;0m            [0m [7m[38;2;190;4;3m▄[38;2;240;2;2m▂[0m[38;2;213;3;3;48;2;102;3;3m▆[38;2;227;4;4;48;2;30;1;1m▅[38;2;232;4;4;48;2;29;10;10m▅[38;2;219;4;4;48;2;37;36;35m▆[38;2;82;0;0;48;2;216;4;4m▁[38;2;67;4;4;48;2;232;3;3m▂[38;2;91;3;3;48;2;241;2;2m▄[38;2;44;0;0;48;2;215;5;5m━[38;2;10;0;0;48;2;193;4;4m━[38;2;30;0;0;48;2;210;5;5m━[38;2;90;3;3;48;2;237;3;3m▄[38;2;155;9;9;48;2;246;1;1m▃[38;2;135;6;6;48;2;233;3;3m▁[38;2;240;3;3;48;2;56;64;64m▆[38;2;246;2;2;48;2;29;9;9m▅[48;2;34;1;1m▅[38;2;240;2;2;48;2;81;4;4m▆[0m[7m[38;2;242;2;2m▂[38;2;230;2;2m▄[38;2;120;3;3m▆[0m[38;2;4;0;0m              [0m
 [38;2;0;0;0m               [0m [38;2;124;7;7m▝[7m[38;2;180;5;5m▃[38;2;206;4;3m▁[0m[38;2;122;5;5;48;2;218;5;5m▃[38;2;133;5;5;48;2;211;4;4m┛[38;2;251;0;0;48;2;245;1;1m┈[48;2;251;0;0m   [48;2;238;1;1m╴[38;2;156;7;6;48;2;228;5;5m▚[38;2;108;8;8;48;2;218;4;4m▁[0m[7m[38;2;195;4;4m▁[38;2;170;8;8m▃[38;2;143;7;7m▆[38;2;78;3;3m▇[0m[38;2;0;0;0m                 [0m
 [38;2;0;0;0m                   [38;2;191;7;7m▝[7m[38;2;227;2;2m▂[0m[38;2;135;8;8;48;2;249;1;1m▁[38;2;202;9;8;48;2;251;0;0m▁[38;2;169;7;7;48;2;250;0;0m▁[38;2;203;9;8;48;2;251;0;0m▁[38;2;106;5;5;48;2;247;1;1m▁[0m[7m[38;2;217;3;3m▂[0m[38;2;69;4;4m▘                     [0m
 [38;2;0;0;0m                     [0m     [38;2;0;0;0m                       [0m[u[0m [38;2;0;0;0m                             [0m [38;2;189;4;4m▃[38;2;218;3;3m▅[38;2;239;3;3m▆[38;2;243;2;2m▆[38;2;141;4;4m▆           [0m [38;2;170;8;7m▗[38;2;155;4;3m▄[0m
 [38;2;0;0;0m                            [7m[38;2;110;3;3m▉[0m[38;2;112;4;4;48;2;244;2;1m▘[38;2;251;0;0;48;2;246;1;1m┈[0m[7m[38;2;226;2;2m▃[38;2;179;5;5m▅[38;2;61;2;2m▆[0m [38;2;0;0;0m   [0m [38;2;126;11;10m▃[0m [38;2;42;1;1m    [0m [38;2;181;3;3m▃[38;2;68;3;2;48;2;220;3;3m▘[0m[38;2;248;1;1m▘[0m
 [38;2;0;0;0m                          [0m [38;2;212;3;3m▗[38;2;234;1;1;48;2;139;3;3m▇[38;2;76;3;2;48;2;241;1;1m▗[0m[38;2;161;3;3m▘       [38;2;169;6;6m▗[38;2;181;10;9;48;2;246;2;2m▘[38;2;211;6;6;48;2;59;1;1m▋[0m [38;2;0;0;0m [0m [38;2;219;4;4m▗[7m[38;2;178;3;3m▂[38;2;218;2;2m▅[0m [38;2;2;0;0m [0m
 [38;2;0;0;0m╴[0m [38;2;0;0;0m           [38;2;106;6;6m▂[38;2;38;3;3m─         [0m [38;2;158;3;3m▃[38;2;235;1;1m▆[48;2;251;0;0m [38;2;221;2;2;48;2;86;2;1m▉[0m[38;2;162;5;4m▂[38;2;126;7;7m╸     [0m [7m[38;2;183;4;4m▘[38;2;234;2;2m▂[38;2;205;3;3m▄[38;2;59;3;3m▇[0m[38;2;3;0;0m [0m [7m[38;2;138;6;6m▚[38;2;140;3;2m▆[0m[38;2;8;0;0m    [0m
  [7m[38;2;6;0;0m╴[0m[38;2;192;3;3;48;2;50;2;2m▗[0m[38;2;0;0;0m╴       [0m [7m[38;2;186;7;7m▘[0m[38;2;103;5;5m▌      [0m [38;2;161;9;9m▖  [7m[38;2;166;5;4m▌[0m[38;2;247;0;0;48;2;243;1;1m┊[38;2;246;0;0;48;2;251;0;0m▇▇[38;2;244;0;0;48;2;247;0;0m▃[38;2;245;0;0;48;2;203;8;7m▉[0m[38;2;186;4;4m▃[38;2;197;13;12m▁[38;2;175;7;6m▂[38;2;190;5;4m▅[38;2;127;5;5m▖ [38;2;103;6;5m▝[7m[38;2;106;5;5m▇[0m[38;2;2;0;0m [0m  [38;2;49;3;3m        [0m
 [38;2;0;0;0m [0m [38;2;46;2;2;48;2;222;2;2m▎[38;2;232;2;2;48;2;33;1;1m▌[0m [38;2;0;0;0m      [0m [7m[38;2;180;5;5m▖[0m[38;2;100;4;4;48;2;224;4;4m▝[0m[38;2;182;5;5m▃[0m [38;2;0;0;0m [0m [38;2;61;10;9m▁ [7m[38;2;167;7;7m▋[38;2;226;4;4m▝[0m[38;2;146;5;4m▁[38;2;143;8;8m▗[38;2;154;5;5;48;2;234;3;2m▏[48;2;244;0;0m     [38;2;244;0;0;48;2;241;1;1m┊[0m[7m[38;2;205;4;3m▗[0m[38;2;53;1;1;48;2;232;4;4m▖[0m[7m[38;2;214;5;5m▗[0m  [38;2;215;8;8m▗[38;2;88;5;4m▍ [7m[38;2;197;9;9m▌[0m[38;2;165;9;9m▋ [38;2;34;3;3m▁    [38;2;66;7;7m▗[0m [0m
 [38;2;0;0;0m [0m [7m[38;2;78;1;1m╴[0m[38;2;96;4;4;48;2;211;2;2m▝[0m[38;2;1;0;0m╴        [38;2;152;6;6m▝[38;2;88;4;4;48;2;236;3;2m▖[0m[7m[38;2;195;4;4m▝[0m  [7m[38;2;168;8;7m▎[0m[38;2;217;3;2m▅[38;2;231;2;2;48;2;139;5;5m▇[48;2;244;0;0m [38;2;244;0;0;48;2;231;6;5m▇[48;2;242;1;1m┈[48;2;244;0;0m      [0m[7m[38;2;162;5;4m▗[0m[38;2;102;7;7m▄[38;2;118;9;9m▝[0m [38;2;2;0;0m [7m[38;2;116;5;5m▉[0m[38;2;172;9;9;48;2;238;3;3m▏[0m[7m[38;2;210;3;3m▝[0m[38;2;114;4;4m▂[7m[38;2;126;7;7m▄[0m[38;2;92;6;6m▌ [7m[38;2;159;8;7m▎[0m[38;2;154;5;5m▖  [7m[38;2;95;6;6m▊[0m[38;2;173;8;8m▊ [0m
 [38;2;0;0;0m   [0m [7m[38;2;62;2;2m╴[0m[38;2;36;2;2;48;2;4;0;0m╴[0m[38;2;133;7;7m▃[38;2;110;4;4m▁     [38;2;105;8;8m╻[7m[38;2;108;5;5m▊[0m[38;2;190;9;9;48;2;241;2;2m▏[0m[7m[38;2;144;4;4m▝[0m[38;2;120;7;6m▃[7m[38;2;103;4;4m▋[0m[38;2;196;8;8;48;2;241;2;2m▏[38;2;247;0;0;48;2;244;0;0m▅▅▅▅▅▅▅▅▅▅[38;2;231;2;2;48;2;99;4;4m▆[38;2;236;2;2;48;2;183;4;4m▉[0m[38;2;227;4;3m▃[38;2;211;5;4m▃[38;2;221;4;4m▄[38;2;110;5;5;48;2;236;2;2m▘[38;2;247;0;0;48;2;246;0;0m┈[48;2;244;0;0m▇[48;2;227;3;3m╴[0m[38;2;77;5;4m▎ [38;2;199;7;6m▗[38;2;243;2;2;48;2;223;2;2m┈[38;2;218;4;4;48;2;44;2;2m▊[0m[38;2;218;4;4m  [38;2;50;2;2m▝[38;2;101;5;5;48;2;224;5;5m▖[0m[7m[38;2;159;4;3m▝[0m
[38;2;159;10;9m▗[0m  [38;2;68;3;3m▁   [38;2;74;3;3m▝[38;2;16;0;0;48;2;186;5;5m▖[0m[38;2;222;3;3m▅[38;2;101;3;3m▖[0m [38;2;0;0;0m  [7m[38;2;77;7;7m▉[0m[38;2;6;0;0;48;2;49;4;3m┰[38;2;122;5;5;48;2;238;3;3m▎[38;2;251;0;0;48;2;233;2;2m╴[38;2;237;3;3;48;2;184;7;7m▇[38;2;185;7;6;48;2;75;3;3m▃[38;2;199;7;7;48;2;243;2;2m▏[38;2;251;0;0;48;2;247;0;0m▅▅▅▅▅[48;2;247;1;1m┈[38;2;199;4;4;48;2;246;1;1m▁[38;2;251;0;0;48;2;247;0;0m▅[48;2;249;0;0m┈[38;2;136;6;6;48;2;241;1;1m▁[38;2;103;4;4;48;2;237;2;2m▃[38;2;250;0;0;48;2;248;0;0m┈[38;2;251;0;0;48;2;247;0;0m▅▅[48;2;249;0;0m┈[38;2;232;5;5m▁[38;2;251;0;0;48;2;247;0;0m▅[38;2;250;0;0m▅[0m[38;2;206;4;3m▊[0m [38;2;82;4;4m▁[38;2;120;6;6;48;2;197;5;4m▁[0m[7m[38;2;207;3;3m▃[0m[38;2;117;5;4m▘[38;2;112;7;6m▄  [38;2;97;4;4m▝[38;2;125;5;5;48;2;240;3;3m▖[0m
[38;2;137;7;6m▝[38;2;217;6;5;48;2;96;4;4m▚[0m[38;2;127;6;6m▖[7m[38;2;74;4;4m▖[38;2;147;8;8m▝[38;2;94;7;7m▋[0m[38;2;180;7;7m▃[38;2;156;8;8m▁[7m[38;2;22;0;0m▉[0m[38;2;73;3;3;48;2;219;4;4m▖[38;2;126;5;5;48;2;243;2;2m▝[0m[38;2;71;2;2m▖[38;2;118;9;8;48;2;38;3;2m▚[0m[38;2;143;6;6m▖[7m[38;2;175;8;7m▌[0m[38;2;24;0;0;48;2;200;5;5m▝[38;2;230;5;5;48;2;76;3;3m▝[38;2;251;0;0;48;2;249;1;1m┊[48;2;250;0;0m▇[48;2;249;0;0m▇[48;2;251;0;0m    [48;2;246;1;1m┈[38;2;89;2;2;48;2;244;1;1m▃[38;2;27;0;0;48;2;166;5;5m╼[38;2;93;3;3;48;2;220;8;8m▋[38;2;62;2;2;48;2;225;3;3m▗[38;2;32;1;1;48;2;154;5;5m━[38;2;231;3;2;48;2;50;1;1m▅[38;2;219;7;6;48;2;104;5;4m▖[38;2;210;11;11;48;2;248;1;1m▏[48;2;251;0;0m  [38;2;35;1;1;48;2;211;4;4m▗[38;2;191;6;6;48;2;37;1;1m▝[38;2;251;0;0;48;2;240;2;1m┊[48;2;251;0;0m [48;2;235;2;2m╴[0m[38;2;156;7;7m▄[38;2;122;5;5;48;2;224;6;6m▘[0m[38;2;92;3;3m▎[38;2;66;5;5m▂[7m[38;2;165;6;6m▌[0m[38;2;251;0;0;48;2;240;2;2m╴[0m[38;2;196;7;7m▖ [0m [7m[38;2;114;6;6m▃[0m
 [38;2;67;3;3m▝[7m[38;2;122;5;5m▃[0m [38;2;42;1;1;48;2;202;6;6m▌[38;2;245;1;1;48;2;132;5;4m▆[38;2;190;7;7;48;2;250;0;0m▘[38;2;156;3;3;48;2;227;4;3m▁[0m[7m[38;2;136;6;6m▝[0m[38;2;146;6;6m▝[38;2;166;4;4;48;2;234;2;2m▏[0m[38;2;115;5;5m▊[7m[38;2;27;1;1m▇[0m[38;2;20;0;0;48;2;176;6;6m▖[38;2;112;4;4;48;2;239;2;2m▘[48;2;251;0;0m [38;2;97;4;3;48;2;236;2;2m▝[38;2;122;5;5;48;2;225;4;4m╸[48;2;251;0;0m [38;2;232;3;3;48;2;123;3;3m▊[38;2;20;0;0;48;2;214;3;3m▄[38;2;56;3;3;48;2;227;3;3m▂[38;2;78;5;4;48;2;234;2;2m▄[38;2;250;1;1m┈[38;2;181;7;7;48;2;80;3;2m▚[38;2;240;2;1;48;2;120;4;4m▆[48;2;251;0;0m [38;2;88;7;6;48;2;209;4;4m▝[38;2;65;2;2;48;2;211;4;3m▘[48;2;250;0;0m [38;2;251;0;0;48;2;249;1;1m┊[38;2;106;3;3;48;2;187;6;6m┃[38;2;169;6;6;48;2;247;1;1m▁[38;2;154;3;3;48;2;246;1;1m▁[38;2;250;0;0;48;2;241;4;4m▉[38;2;244;2;2;48;2;91;3;3m▆[38;2;249;1;1;48;2;96;4;4m▆[38;2;251;0;0;48;2;232;2;2m┈[48;2;251;0;0m [48;2;246;1;1m┈[38;2;117;4;4;48;2;199;6;6m▝[38;2;114;4;4;48;2;237;3;3m▖[0m[7m[38;2;178;5;5m▝[38;2;153;6;5m▖[0m[38;2;243;2;2;48;2;127;5;4m▆[38;2;251;0;0;48;2;250;0;0m┈[0m[38;2;167;5;5m▋   [0m
[38;2;185;2;2;48;2;40;2;2m▗[0m[38;2;83;3;3m╴ [0m [38;2;70;10;8m▁[7m[38;2;203;4;4m▄[38;2;203;2;2m▂[38;2;125;5;4m▗[0m[38;2;17;221;220;48;2;33;25;24m▗[38;2;13;216;215;48;2;30;12;11m▃[38;2;22;198;197;48;2;94;10;10m▅[38;2;20;149;148;48;2;94;35;35m▂[38;2;12;245;244;48;2;2;30;30m▆[38;2;9;235;234;48;2;13;24;24m▆[38;2;21;173;172;48;2;129;14;13m▖[38;2;250;0;0;48;2;237;2;2m┊[38;2;247;0;0;48;2;251;0;0m▁  [38;2;251;0;0;48;2;250;0;0m┈[38;2;237;2;2;48;2;79;3;3m▆[38;2;214;3;3;48;2;19;0;0m▄[38;2;60;2;2;48;2;208;10;9m▋[38;2;247;1;1;48;2;190;6;5m▇[38;2;244;1;1;48;2;186;6;5m▇[48;2;251;0;0m     [38;2;71;2;2;48;2;217;4;4m▗[38;2;197;10;10;48;2;90;6;6m▝[38;2;241;3;3;48;2;107;4;4m▗[38;2;251;0;0;48;2;242;1;1m┈[48;2;251;0;0m   [38;2;158;6;5;48;2;248;1;1m▁[38;2;25;1;1;48;2;240;2;2m▂[38;2;29;0;0;48;2;238;2;2m▂[38;2;251;0;0m┈[38;2;107;5;4;48;2;212;10;10m▊[0m[38;2;191;5;5m▊[38;2;179;7;7m▗[38;2;192;5;5;48;2;236;3;2m▏[0m[7m[38;2;189;3;3m▄[0m[38;2;52;4;4m▁   [0m
[38;2;55;3;3;48;2;235;1;1m▍[38;2;1;0;0;48;2;108;3;2m┊[0m  [38;2;40;1;1;48;2;192;8;8m▍[0m[7m[38;2;106;3;3m▝[0m [38;2;19;240;239;48;2;11;75;74m▗[38;2;10;69;68;48;2;8;237;236m▃[38;2;0;6;6;48;2;5;249;248m▄[38;2;0;2;2;48;2;6;248;247m▄[38;2;0;8;8;48;2;9;248;247m▄[38;2;10;85;84;48;2;3;251;250m▄[38;2;23;130;129;48;2;11;240;239m▃[38;2;21;115;114;48;2;17;230;229m▃[38;2;36;23;23;48;2;191;6;6m▌[38;2;246;1;1;48;2;208;7;7m▊[38;2;98;3;3;48;2;200;5;5m┓[38;2;146;5;5;48;2;222;5;5m▗[38;2;195;7;7;48;2;246;1;1m▏[48;2;251;0;0m  [38;2;246;1;1;48;2;173;7;7m▇[48;2;251;0;0m [38;2;164;6;5;48;2;246;1;1m▗[38;2;234;6;6;48;2;248;1;1m▏[38;2;104;2;2;48;2;210;4;4m┎[38;2;203;9;9;48;2;244;2;2m▏[48;2;251;0;0m [38;2;250;0;0;48;2;231;5;5m▉[38;2;154;8;8;48;2;49;2;1m▎[38;2;79;3;3;48;2;228;3;3m▘[38;2;251;0;0;48;2;250;0;0m┈[48;2;251;0;0m  [38;2;165;5;4;48;2;243;1;1m▁[38;2;32;1;1;48;2;202;3;3m▄[38;2;4;0;0;48;2;80;2;2m▇[48;2;0;0;0m  [38;2;26;1;1;48;2;176;7;6m▋[38;2;89;2;2;48;2;223;5;4m▝[0m[7m[38;2;122;10;9m▝[0m[38;2;115;4;4;48;2;237;4;4m▎[38;2;202;5;5;48;2;49;1;1m▋[0m[38;2;200;4;4m▅[38;2;194;6;6m▋   [0m
 [38;2;10;0;0;48;2;103;2;2m╴[0m[38;2;43;1;1m╴[38;2;43;3;3m▃[38;2;61;2;2;48;2;226;4;4m▎[38;2;83;1;1;48;2;212;6;6m▝[38;2;91;4;4;48;2;213;6;6m▝[38;2;0;19;19;48;2;5;8;8m┊[38;2;27;122;121;48;2;10;53;52m▗[38;2;39;226;225;48;2;14;107;106m▁[38;2;16;190;190;48;2;0;6;6m▆[38;2;14;80;80;48;2;25;213;212m▌[38;2;19;111;110;48;2;15;208;207m┏[38;2;36;167;166;48;2;43;68;67m┺[38;2;22;142;141;48;2;83;38;37m┻[38;2;44;184;183;48;2;17;45;45m┐[38;2;9;13;13;48;2;169;4;4m▅[38;2;199;13;12;48;2;18;0;0m▘[38;2;19;0;0;48;2;189;5;5m▖[38;2;250;0;0;48;2;248;1;0m┊[38;2;159;6;6;48;2;246;1;1m▗[38;2;176;8;7;48;2;237;2;2m╴[38;2;196;3;2;48;2;242;1;1m▁[38;2;251;0;0;48;2;247;1;1m┈[38;2;197;9;9;48;2;65;2;2m▍[38;2;251;0;0;48;2;229;5;5m┊[38;2;108;5;4;48;2;209;8;8m▊[38;2;251;0;0;48;2;249;1;0m┊[48;2;251;0;0m  [38;2;244;1;1;48;2;104;5;4m▇[38;2;251;0;0;48;2;246;1;1m┈[48;2;251;0;0m [38;2;131;4;4;48;2;242;1;1m▁[38;2;51;2;2;48;2;219;2;2m▄[38;2;15;1;1;48;2;103;5;5m▇[48;2;0;0;0m    [38;2;8;0;0;48;2;133;5;5m▊[38;2;210;17;16;48;2;248;1;1m▏[38;2;234;2;2;48;2;167;9;8m▇[38;2;251;0;0;48;2;248;1;1m┊[38;2;119;4;4;48;2;183;8;7m╽[38;2;237;5;5;48;2;249;0;0m▎[0m[38;2;220;6;6m▌   [0m
 [38;2;0;0;0m [7m[38;2;57;4;4m▉[0m[38;2;124;7;6;48;2;181;11;10m┛[38;2;251;0;0;48;2;238;1;1m┈[48;2;249;0;0m▇[48;2;249;1;1m┈[38;2;7;0;0;48;2;165;5;4m▝[38;2;0;0;0;48;2;4;2;1m┈[38;2;2;19;18;48;2;18;211;210m▆[38;2;0;4;4;48;2;17;209;208m▃[38;2;3;25;24;48;2;24;148;147m▃[38;2;45;193;193;48;2;20;123;122m┗[38;2;40;110;109;48;2;149;8;8m▄[38;2;37;120;119;48;2;154;7;6m▃[38;2;124;6;5;48;2;23;123;122m▘[38;2;23;213;212;48;2;16;82;81m▃[38;2;0;0;0;48;2;1;11;11m┊[38;2;29;198;197;48;2;10;0;0m▂[38;2;19;7;7;48;2;239;4;4m▇[38;2;73;8;6;48;2;168;8;8m▋[38;2;78;1;1;48;2;216;3;3m─[38;2;98;3;3;48;2;202;4;4m┙[38;2;234;6;6;48;2;249;1;1m▏[38;2;126;4;4;48;2;246;1;1m▝[38;2;239;3;2;48;2;101;4;4m▂[38;2;70;3;3;48;2;180;5;5m▄[38;2;13;0;0;48;2;173;6;6m▂[38;2;32;0;0;48;2;240;3;3m▂[38;2;33;0;0;48;2;246;2;2m▂[38;2;12;0;0;48;2;231;2;2m▂[38;2;36;2;2;48;2;245;2;2m▄[38;2;10;0;0;48;2;196;4;4m▅[38;2;121;6;6;48;2;43;2;2m▗[38;2;13;1;1;48;2;136;7;6m▘[38;2;153;9;9;48;2;19;1;1m▘[48;2;0;0;0m   [38;2;0;0;0;48;2;6;0;0m┈[38;2;11;0;0;48;2;185;5;4m▘[38;2;183;5;5;48;2;246;1;1m▁[38;2;165;6;6;48;2;224;6;6m▖[38;2;251;0;0;48;2;249;0;0m┊[38;2;214;5;5;48;2;102;3;3m▌[0m[7m[38;2;211;4;4m▂[0m[38;2;90;4;4m▘   [0m
 [38;2;0;0;0m  [7m[38;2;156;6;5m▋[0m[38;2;250;0;0;48;2;245;1;1m┊[48;2;251;0;0m [38;2;249;1;1;48;2;205;10;10m▉[38;2;130;4;4;48;2;18;0;0m▎[38;2;25;199;198;48;2;3;17;17m▗[38;2;9;235;234;48;2;5;21;21m▅[38;2;2;23;23;48;2;17;187;186m▘[38;2;19;144;144;48;2;4;33;33m▌[38;2;29;184;183;48;2;10;69;68m┗[38;2;0;13;12;48;2;29;154;153m▁[38;2;23;159;158;48;2;2;44;43m▇[38;2;3;51;51;48;2;26;174;173m▁[38;2;5;28;28;48;2;16;219;218m▄[38;2;17;70;70;48;2;1;13;13m▏[38;2;7;38;37;48;2;24;236;235m▅[38;2;27;100;99;48;2;4;10;10m▏[38;2;17;1;1;48;2;193;7;6m▅[38;2;34;2;2;48;2;167;6;5m▃[38;2;17;1;1;48;2;233;1;1m▃[38;2;80;3;3;48;2;245;1;1m▃[38;2;244;3;2;48;2;250;0;0m▏[38;2;251;0;0m┊[38;2;185;6;5;48;2;233;4;4m▂[38;2;122;3;3;48;2;190;8;8m╶[38;2;149;9;8;48;2;15;0;0m▇[38;2;154;9;9;48;2;9;0;0m▅[38;2;143;7;7;48;2;1;0;0m▄[38;2;182;11;11;48;2;10;0;0m▂[38;2;157;7;7;48;2;0;0;0m▂[38;2;192;12;12;48;2;3;0;0m▁[38;2;175;11;10;48;2;1;0;0m▁[38;2;192;11;11;48;2;3;0;0m▁[38;2;168;6;6;48;2;0;0;0m▂[38;2;194;4;4;48;2;2;0;0m▃[38;2;206;6;5;48;2;24;1;1m▄[38;2;203;5;5;48;2;124;5;4m▆[38;2;142;5;5;48;2;230;3;3m╼[38;2;221;3;3;48;2;171;8;7m▆[38;2;251;0;0;48;2;236;2;1m┈[48;2;241;1;1m╴[0m[38;2;191;6;6m▘     [0m
 [38;2;0;0;0m  [0m [38;2;124;9;8m▂[7m[38;2;191;3;3m▃[0m[38;2;54;2;2;48;2;217;5;4m▂[38;2;187;8;8;48;2;40;2;2m▖[38;2;24;188;187;48;2;8;46;46m▝[38;2;15;75;75;48;2;17;199;198m▁[38;2;21;190;189;48;2;22;196;195m╵[38;2;15;95;94;48;2;17;205;204m▃[38;2;22;125;124;48;2;19;209;208m╾[38;2;17;208;207;48;2;2;43;42m▇[38;2;9;216;215;48;2;0;1;1m▇[38;2;10;215;214;48;2;0;2;2m▇[38;2;0;21;20;48;2;11;208;207m▁[38;2;12;59;59;48;2;9;238;237m▂[38;2;0;13;12;48;2;11;236;235m▂[38;2;26;200;199;48;2;2;15;14m▘[38;2;0;5;5;48;2;15;169;168m▘[38;2;26;207;207;48;2;5;29;29m▍[38;2;175;10;9;48;2;42;3;2m▝[38;2;35;1;1;48;2;120;9;8m▆[38;2;81;3;3;48;2;165;6;5m┻[38;2;175;5;5;48;2;241;2;2m▏[38;2;251;0;0;48;2;250;0;0m┈[38;2;91;4;4;48;2;229;3;3m▝[38;2;59;2;2;48;2;185;5;5m━[38;2;48;1;1;48;2;172;5;5m▂[38;2;73;2;2;48;2;197;6;6m╺[38;2;128;4;4;48;2;204;5;4m▄[38;2;85;4;3;48;2;208;4;4m▂[38;2;224;4;4;48;2;151;8;8m▆[38;2;234;4;3;48;2;180;4;4m▆[38;2;246;1;1;48;2;184;6;6m▅[38;2;241;3;3;48;2;177;6;6m▅[38;2;112;7;7;48;2;213;4;4m▁[38;2;53;2;2;48;2;218;4;3m▂[38;2;59;2;2;48;2;239;2;2m▄[38;2;48;1;1;48;2;187;4;4m━[38;2;232;3;3;48;2;94;3;3m▅[38;2;63;2;2;48;2;223;3;3m▂[38;2;21;220;219;48;2;82;30;30m▗[38;2;10;69;69;48;2;21;181;180m╸[0m[38;2;15;175;174m▆[38;2;17;194;193m▄[0m [38;2;16;83;83m  [0m
 [38;2;0;0;0m   [7m[38;2;81;3;3m▇[38;2;127;7;7m▅[38;2;41;4;3m▄[0m[38;2;125;13;12;48;2;15;1;1m▁[38;2;10;1;0;48;2;48;4;3m▉[38;2;142;10;10;48;2;64;5;4m▚[38;2;2;3;3;48;2;32;161;160m▇[38;2;0;4;4;48;2;31;213;212m▆[38;2;0;0;0;48;2;22;203;202m▅[38;2;0;1;0;48;2;22;213;212m▅[38;2;3;17;16;48;2;34;228;227m▆[38;2;0;3;3;48;2;48;200;199m▆[38;2;0;0;0;48;2;0;4;4m┈[48;2;0;0;0m [38;2;11;246;245;48;2;11;77;76m▗[38;2;8;235;234;48;2;7;34;34m▆[38;2;17;238;237;48;2;12;79;79m▖[38;2;9;122;121;48;2;12;221;220m▏[38;2;9;244;243;48;2;5;32;32m▄[38;2;17;109;108;48;2;56;3;3m▖[38;2;153;6;6;48;2;36;1;1m▚[38;2;179;8;8;48;2;245;1;1m▘[38;2;199;8;7;48;2;251;0;0m▁ [38;2;251;0;0;48;2;250;0;0m┈[38;2;236;1;1;48;2;101;3;3m▇[38;2;227;3;3;48;2;101;4;4m▄[38;2;84;3;3;48;2;224;4;4m▄[38;2;209;4;3;48;2;58;2;2m▇[38;2;234;2;2;48;2;28;1;0m▅[38;2;233;4;3;48;2;36;1;1m▄[38;2;229;3;3;48;2;32;1;1m▄[38;2;243;2;2;48;2;50;1;1m▄[38;2;244;2;2;48;2;45;1;1m▅[38;2;192;12;12;48;2;59;2;2m▆[38;2;27;214;213;48;2;161;8;8m▂[38;2;22;94;93;48;2;207;4;4m▅[38;2;11;235;234;48;2;78;27;27m▅[38;2;9;239;238;48;2;3;13;13m▇[38;2;10;235;234;48;2;11;75;74m▄[38;2;9;55;54;48;2;12;212;211m▅[38;2;11;60;60;48;2;14;198;197m▂[38;2;11;80;79;48;2;16;193;192m┗[38;2;15;93;92;48;2;16;205;204m▖[0m[38;2;16;221;220m▖ [0m
 [38;2;0;0;0m      [38;2;133;7;7m▝[7m[38;2;112;6;5m▁[0m[38;2;1;0;0;48;2;7;1;0m┈[48;2;0;0;0m   [38;2;0;0;0;48;2;0;3;3m┈[38;2;15;193;193;48;2;4;22;22m▄[38;2;7;245;244;48;2;13;77;76m▆[38;2;7;247;246;48;2;21;163;163m▇[38;2;2;251;250;48;2;21;153;152m▇[38;2;0;252;251;48;2;7;244;243m╴[38;2;12;74;73;48;2;5;250;249m▄[38;2;18;188;187;48;2;12;70;69m▚[38;2;3;252;251;48;2;7;241;240m┊[38;2;3;251;250;48;2;47;218;217m▉[38;2;22;128;128;48;2;1;11;11m▏[38;2;218;9;8;48;2;68;4;4m▝[38;2;211;5;4;48;2;106;4;4m▚[38;2;100;4;4;48;2;242;2;2m▘[38;2;134;3;3;48;2;245;1;1m▗[38;2;41;2;1;48;2;243;2;2m▄[38;2;76;2;2;48;2;189;4;4m┳[38;2;231;7;7;48;2;245;2;1m╴[38;2;177;7;7;48;2;17;0;0m▌[38;2;91;4;4;48;2;13;0;0m▁[38;2;11;0;0;48;2;153;5;5m━[38;2;87;3;3;48;2;189;3;3m┒[38;2;98;4;4;48;2;241;1;1m▂[38;2;251;0;0;48;2;250;0;0m┊[0m[7m[38;2;184;5;5m▗[0m[38;2;25;84;84;48;2;15;219;218m▍[38;2;0;252;251;48;2;1;252;251m┈[38;2;3;248;247;48;2;16;168;167m▇[38;2;9;221;221;48;2;17;132;131m▅[38;2;13;92;91;48;2;10;229;228m▄[38;2;4;23;22;48;2;20;186;185m▂[38;2;13;225;224;48;2;15;94;93m▆[38;2;8;244;243;48;2;2;28;28m▆[38;2;5;249;248;48;2;19;142;142m▅[38;2;11;228;227;48;2;20;160;159m▇[0m[38;2;8;249;248m▘ [0m
 [38;2;0;0;0m       [0m   [7m[38;2;74;7;6m▂[0m[38;2;18;0;0;48;2;1;0;0m▏[38;2;2;8;8;48;2;18;81;80m▉[38;2;5;31;31;48;2;15;241;240m▄[38;2;15;90;89;48;2;14;194;193m┛[38;2;10;247;246;48;2;0;46;45m▆[38;2;10;237;236;48;2;17;114;113m▅[38;2;2;15;15;48;2;20;185;184m▗[38;2;11;69;68;48;2;20;203;202m▍[38;2;17;135;134;48;2;9;222;221m▗[38;2;18;104;104;48;2;6;241;240m▂[38;2;20;106;105;48;2;8;241;240m▂[38;2;22;223;222;48;2;16;89;88m╸[38;2;135;10;9;48;2;41;33;33m▝[38;2;14;0;0;48;2;227;5;5m▄[38;2;44;1;1;48;2;243;3;3m▄[38;2;194;8;7;48;2;10;0;0m▘[38;2;12;1;0;48;2;79;6;5m▉[38;2;41;1;1;48;2;232;6;6m▅[38;2;32;1;1;48;2;165;4;4m━[38;2;194;8;8;48;2;77;19;19m▖[38;2;16;205;204;48;2;134;14;13m▄[38;2;10;242;241;48;2;101;10;9m▅[38;2;16;198;198;48;2;125;28;27m▄[38;2;217;6;5;48;2;115;11;11m▚[38;2;134;7;7;48;2;214;6;6m▚[0m[38;2;91;6;5m▎[0m [7m[38;2;18;165;164m▅[38;2;9;222;221m▃[38;2;12;214;213m▂[0m[38;2;33;157;156;48;2;18;185;184m╵[38;2;9;245;244;48;2;4;25;24m▅[38;2;11;247;246;48;2;2;22;21m▄[38;2;10;248;247;48;2;11;60;59m▄[38;2;19;169;169;48;2;14;198;197m▁[0m[7m[38;2;22;185;185m▃[0m [38;2;0;0;0m [0m
 [38;2;0;0;0m           [38;2;20;160;160m▁[38;2;11;232;231;48;2;4;33;33m▃[38;2;6;244;243;48;2;14;113;113m▆[48;2;0;252;251m   [38;2;18;220;219;48;2;7;46;46m▋[38;2;5;25;25;48;2;14;215;214m▃[38;2;5;32;31;48;2;16;216;215m▃[38;2;0;10;9;48;2;17;196;195m▃[38;2;7;32;31;48;2;25;179;179m▃[38;2;0;12;12;48;2;22;200;199m▂[38;2;26;203;202;48;2;15;81;80m┙[38;2;0;0;0;48;2;1;2;2m┈[38;2;227;8;7;48;2;77;4;4m▝[38;2;40;0;0;48;2;221;4;4m▁[38;2;38;0;0;48;2;212;4;4m▁[38;2;26;0;0;48;2;222;4;4m▂[38;2;14;0;0;48;2;186;4;4m▄[38;2;15;22;22;48;2;23;215;214m▌[48;2;0;252;251m   [38;2;53;91;90;48;2;7;240;239m▝[38;2;16;210;209;48;2;166;21;21m▃[0m[7m[38;2;121;22;21m▝[0m [38;2;21;2;2m   [0m [7m[38;2;40;196;195m▇[38;2;10;158;157m▆[38;2;34;226;225m▇[0m [38;2;0;0;0m   [0m
 [38;2;0;0;0m     [0m [38;2;33;213;212m▁[38;2;19;236;235m▂[38;2;13;214;213m▄[38;2;8;239;238m▅[38;2;6;236;235m▇[38;2;0;252;251;48;2;25;238;237m▇[48;2;0;252;251m [48;2;6;247;246m┈[38;2;14;86;85;48;2;3;250;249m▂[38;2;2;17;16;48;2;9;231;230m▃[38;2;6;38;38;48;2;19;222;221m▆[38;2;21;212;211;48;2;5;24;24m▃[38;2;20;81;81;48;2;0;2;2m▁[48;2;0;0;0m          [38;2;20;175;174;48;2;2;11;11m▗[38;2;25;189;188;48;2;2;14;13m▖[38;2;2;18;18;48;2;15;211;210m▅[38;2;7;51;50;48;2;6;246;245m▃[38;2;24;119;118;48;2;4;248;247m▁[38;2;0;252;251;48;2;1;251;250m┈[48;2;0;252;251m [38;2;2;251;250;48;2;24;179;178m▇[0m[38;2;7;233;232m▆[38;2;10;237;236m▄[38;2;13;208;207m▃[38;2;22;240;239m▁[0m [38;2;0;0;0m       [0m
 [38;2;0;0;0m     [0m [7m[38;2;34;232;231m▇[38;2;30;228;227m▆[38;2;21;239;238m▆[38;2;16;241;240m▆[38;2;26;236;235m▆[38;2;22;202;201m▆[0m[38;2;187;8;8;48;2;30;46;45m▗[38;2;227;3;3;48;2;11;15;14m▅[38;2;171;5;5;48;2;10;0;0m▅[38;2;0;0;0;48;2;3;0;0m┊[48;2;1;7;6m┈[38;2;10;82;82;48;2;15;235;234m▖[38;2;10;243;242;48;2;18;155;154m▇[38;2;20;184;183;48;2;12;39;39m▖[38;2;159;7;7;48;2;21;81;80m▂[38;2;209;5;5;48;2;15;51;50m▃[38;2;244;3;3;48;2;25;1;1m▃[38;2;233;5;4;48;2;5;0;0m▄[38;2;219;4;3;48;2;4;0;0m▄[38;2;225;5;5;48;2;8;0;0m▃[38;2;192;7;7;48;2;13;40;39m▂[38;2;47;206;205;48;2;18;29;29m━[38;2;15;237;236;48;2;10;63;63m▅[38;2;16;134;133;48;2;10;241;240m▂[38;2;24;165;164;48;2;0;5;5m▘[38;2;0;0;0;48;2;1;0;0m┈[38;2;194;7;6;48;2;27;1;1m▗[38;2;226;3;3;48;2;10;3;3m▅[38;2;212;6;5;48;2;16;54;54m▄[38;2;15;120;119;48;2;20;57;57m╵[0m[7m[38;2;16;222;221m▅[38;2;12;244;243m▅[38;2;10;245;244m▅[38;2;14;243;242m▅[38;2;18;232;231m▅[38;2;25;235;234m▆[0m [38;2;2;11;10m      [0m
 [38;2;0;0;0m            [0m [7m[38;2;188;4;4m▄[38;2;238;2;2m▂[0m[38;2;211;3;3;48;2;106;4;4m▆[38;2;225;4;4;48;2;37;1;1m▅[38;2;228;4;4;48;2;35;7;7m▅[38;2;219;4;4;48;2;45;25;25m▆[38;2;87;1;1;48;2;219;4;4m▁[38;2;94;6;5;48;2;246;1;1m▃[38;2;93;4;4;48;2;239;3;3m▄[38;2;39;0;0;48;2;216;5;5m━[38;2;8;0;0;48;2;195;3;3m━[38;2;27;0;0;48;2;211;5;5m━[38;2;93;3;3;48;2;232;2;2m▄[38;2;159;10;9;48;2;245;1;1m▃[38;2;132;4;4;48;2;232;3;3m▁[38;2;241;3;3;48;2;64;55;54m▆[38;2;247;2;2;48;2;34;9;9m▅[48;2;41;2;2m▅[38;2;239;3;3;48;2;94;4;3m▆[0m[7m[38;2;242;2;2m▂[38;2;226;2;2m▄[38;2;113;4;4m▆[0m[38;2;3;0;0m              [0m
 [38;2;0;0;0m               [0m [38;2;127;8;7m▝[7m[38;2;182;5;5m▃[38;2;205;4;4m▁[0m[38;2;119;5;4;48;2;218;5;5m▃[38;2;135;5;5;48;2;213;4;4m┛[38;2;251;0;0;48;2;246;1;1m┈[48;2;251;0;0m   [48;2;239;2;2m┈[38;2;119;3;3;48;2;204;6;6m╲[38;2;101;3;2;48;2;220;4;4m▁[0m[7m[38;2;194;4;4m▁[38;2;170;9;9m▃[38;2;136;7;7m▆[38;2;67;3;3m▇[0m[38;2;0;0;0m                 [0m
 [38;2;0;0;0m                   [38;2;187;7;6m▝[7m[38;2;225;2;2m▂[0m[38;2;120;4;4;48;2;248;1;1m▁[38;2;187;7;7;48;2;251;0;0m▁[38;2;158;5;5;48;2;250;1;1m▁[38;2;186;7;7;48;2;250;0;0m▁[38;2;98;3;3;48;2;247;1;1m▁[0m[7m[38;2;214;3;3m▂[0m[38;2;66;4;4m▘                     [0m
 [38;2;0;0;0m                                                 [0m[u[0m [38;2;0;0;0m                             [0m [38;2;186;4;4m▃[38;2;224;2;2m▆[38;2;153;7;7m▆[38;2;25;0;0m▖           [0m [38;2;136;6;6m▃[38;2;174;4;4m▂[0m [0m
 [38;2;0;0;0m                            [38;2;205;7;6m▗[38;2;238;1;1;48;2;127;4;4m▇[38;2;251;0;0;48;2;248;1;1m┈[0m[7m[38;2;163;4;4m▗[38;2;37;1;1m▆[0m[38;2;0;0;0m     [0m [38;2;130;7;7m▖     [0m [7m[38;2;183;5;4m▋[0m[38;2;251;0;0;48;2;238;2;2m┊[0m[38;2;224;6;6m▘[0m
 [38;2;0;0;0m                          [0m [38;2;221;4;4m▗[38;2;250;1;1;48;2;234;2;2m┈[38;2;251;0;0;48;2;244;1;1m┈[0m[38;2;239;1;1m▘[0m [38;2;0;0;0m     [0m [7m[38;2;184;5;5m▌[0m[38;2;251;0;0;48;2;230;3;3m╴[0m[38;2;125;9;9m▖   [38;2;105;3;2m▁[7m[38;2;189;3;2m▘[38;2;219;2;2m▄[38;2;127;2;2m▇[0m[38;2;8;0;0m [0m
    [38;2;0;0;0m          [0m [38;2;89;7;7m▖[0m [38;2;14;1;1m         [38;2;128;4;4m▗[7m[38;2;226;3;3m▘[0m[38;2;251;0;0;48;2;250;0;0m┈[48;2;244;3;3m▉[0m[38;2;181;5;5m▍[38;2;138;6;6m┏[0m [38;2;0;0;0m    [0m [7m[38;2;157;4;4m▘[0m[38;2;106;4;3;48;2;240;3;2m▂[0m[7m[38;2;208;4;3m▄[38;2;49;2;2m▇[0m[38;2;3;0;0m  [38;2;105;7;7m▗[7m[38;2;147;4;4m▄[0m [38;2;0;0;0m   [0m
 [38;2;0;0;0m [0m [38;2;210;3;3;48;2;36;2;2m▗[0m[38;2;0;0;0m╴       [0m [38;2;162;6;5m▅[7m[38;2;124;6;6m▗[0m [38;2;0;0;0m     [0m [38;2;130;8;8m▅[0m [38;2;0;0;0m [38;2;129;5;5m▗[38;2;161;3;3;48;2;237;1;1m▏[48;2;251;0;0m   [38;2;251;0;0;48;2;244;4;3m▇[0m[7m[38;2;170;3;3m▝[0m[38;2;162;12;12m▁[38;2;185;6;6m▂[38;2;214;5;5m▅[38;2;102;5;5m▖ [0m [7m[38;2;125;7;7m▆[0m  [38;2;66;4;4m▁  [0m [38;2;12;0;0m     [0m
 [38;2;0;0;0m [0m [38;2;69;3;3;48;2;235;1;1m▍[38;2;232;1;1;48;2;32;1;1m▌[0m [38;2;0;0;0m      [0m [38;2;90;3;3;48;2;224;5;4m▖[38;2;60;2;2;48;2;223;3;3m▝[0m[38;2;155;5;5m▃[0m [38;2;0;0;0m [0m [38;2;74;6;6m▁ [7m[38;2;122;5;5m▋[0m[38;2;223;4;4;48;2;141;3;3m▉[0m[38;2;132;4;4m▂[38;2;148;4;4m▁[7m[38;2;236;2;2m▘[0m[38;2;246;0;0;48;2;251;0;0m▇▇▇▇[48;2;250;0;0m▇[38;2;247;0;0;48;2;245;1;1m┈[0m[7m[38;2;213;3;3m▗[0m[38;2;73;3;3;48;2;239;3;3m▖[0m[7m[38;2;214;5;5m▗[0m [38;2;33;0;0m [38;2;180;6;6m▗[38;2;148;7;6m▖[0m [7m[38;2;170;8;7m▘[0m[38;2;125;6;6m▌[0m  [38;2;24;3;3m    [38;2;68;6;6m▂[0m [0m
 [38;2;0;0;0m [0m [7m[38;2;67;2;2m╴[0m[38;2;236;1;1;48;2;126;2;2m▚[0m[38;2;1;0;0m╴       [0m [7m[38;2;190;5;5m▅[0m[38;2;112;5;5;48;2;236;2;2m▖[0m[7m[38;2;201;4;4m▝[0m  [7m[38;2;180;7;7m▎[0m[38;2;228;3;2m▅[38;2;236;1;1;48;2;143;4;4m▇[48;2;244;0;0m [38;2;244;0;0;48;2;243;0;0m┈[48;2;232;4;4m▇[48;2;244;0;0m      [0m[7m[38;2;183;4;4m▗[0m[38;2;115;6;6m▃[38;2;109;9;9m▝[0m [38;2;1;0;0m [38;2;139;7;7m▗[38;2;243;1;1;48;2;228;3;3m┊[0m[7m[38;2;209;3;3m▝[0m[38;2;85;4;4m▁[7m[38;2;140;8;7m▃[0m  [38;2;190;9;9;48;2;96;4;4m▚[0m[38;2;161;5;5m▖  [38;2;121;6;5m▗[38;2;171;9;9m▋ [0m
 [38;2;0;0;0m   [38;2;50;1;1m▝[38;2;12;1;1;48;2;53;1;1m┈[0m[38;2;49;2;2m╌[38;2;151;8;8m▃[0m [38;2;63;5;5m    [0m [38;2;109;11;10m┒[7m[38;2;90;4;4m▊[0m[38;2;174;8;7;48;2;238;2;2m▏[0m[7m[38;2;155;4;4m▝[0m[38;2;121;7;6m▃[7m[38;2;140;6;5m▍[0m[38;2;239;4;4;48;2;244;0;0m▏[38;2;246;0;0m▁▁▁▁▁▁▁▁▁ [38;2;231;2;2;48;2;106;5;5m▆[38;2;232;2;2;48;2;161;3;3m▉[0m[38;2;228;4;4m▃[38;2;198;4;4m▄[38;2;222;3;3m▅[38;2;237;1;1;48;2;163;5;5m▇[38;2;246;0;0;48;2;244;0;0m▁▁[38;2;215;4;3;48;2;89;4;3m▉[0m[38;2;37;0;0m▏ [38;2;214;7;7m▗[38;2;243;1;1;48;2;228;2;2m┈[38;2;225;4;4;48;2;68;3;2m▊[0m [38;2;1;0;0m [38;2;117;8;7m▝[38;2;165;4;4;48;2;218;4;4m╱[0m[38;2;207;5;5m▖[0m
[38;2;156;9;9m▗[0m  [38;2;65;4;3m▁  [0m  [38;2;22;0;0;48;2;185;5;5m▖[0m[38;2;221;4;3m▅[38;2;120;5;5m▖   [7m[38;2;77;7;6m▊[0m[38;2;7;0;0;48;2;51;3;2m┱[38;2;132;7;6;48;2;238;3;3m▎[38;2;236;2;2;48;2;190;4;4m▇[38;2;230;4;4;48;2;184;7;7m▇[38;2;36;0;0;48;2;162;6;5m▘[38;2;239;4;4;48;2;246;0;0m▏[48;2;247;0;0m     [38;2;247;0;0;48;2;244;1;1m┈[38;2;200;4;4m▁[48;2;247;0;0m  [38;2;134;6;6;48;2;240;1;1m▁[38;2;85;4;4;48;2;224;3;3m▖[48;2;247;0;0m    [38;2;223;6;6m▁  [0m[38;2;207;4;4m▊[0m [38;2;95;4;4m▁[38;2;109;5;5;48;2;203;4;4m▁[0m[7m[38;2;203;3;3m▃[0m[38;2;115;4;4m▘[38;2;128;7;7m▃  [38;2;178;7;7m▝[38;2;167;3;3;48;2;226;4;4m▏[0m
[38;2;159;6;6m▝[7m[38;2;184;6;6m▝[0m[38;2;130;5;5m▖[7m[38;2;73;5;4m▖[38;2;140;8;7m▝[38;2;74;5;5m▌[0m[38;2;178;8;8m▃[38;2;152;8;8m▁[7m[38;2;14;0;0m▉[0m[38;2;76;3;3;48;2;220;4;4m▍[38;2;231;2;2;48;2;145;5;5m▉[0m[38;2;87;4;4m▖[38;2;123;9;9;48;2;37;2;2m▚[0m[38;2;124;6;6m▖[7m[38;2;169;6;6m▍[0m[38;2;17;0;0;48;2;192;5;5m▝[38;2;229;5;5;48;2;77;3;3m▝[38;2;250;0;0;48;2;247;1;1m┊[38;2;251;0;0;48;2;248;0;0m▆[48;2;247;0;0m▆[48;2;248;0;0m▆▆▆▆[48;2;246;1;1m┈[38;2;96;3;3;48;2;243;1;1m▃[38;2;27;0;0;48;2;164;5;5m╼[38;2;85;3;3;48;2;212;8;7m▌[38;2;54;2;2;48;2;220;3;3m▗[38;2;30;1;1;48;2;152;5;5m━[38;2;229;3;3;48;2;49;1;1m▅[38;2;224;6;5;48;2;104;5;5m▖[38;2;205;11;11;48;2;246;1;1m▏[38;2;251;0;0;48;2;248;0;0m▆[48;2;250;0;0m┈[38;2;42;1;1;48;2;216;4;4m▗[38;2;165;6;6;48;2;29;0;0m▝[38;2;181;4;4;48;2;241;2;2m▏[38;2;251;0;0;48;2;248;0;0m▆[48;2;237;2;2m╴[0m[38;2;162;8;8m▄[38;2;207;6;6;48;2;125;5;5m▇[0m[38;2;73;2;2m▎[38;2;64;5;5m▂[7m[38;2;165;7;7m▌[0m[38;2;250;0;0;48;2;237;2;2m┈[0m[38;2;199;7;7m▖ [0m [7m[38;2;107;7;7m▂[0m
 [38;2;61;2;2m▝[7m[38;2;127;6;5m▃[0m[38;2;2;0;0m▏[38;2;14;0;0;48;2;165;6;6m▍[38;2;245;1;1;48;2;134;5;5m▆[38;2;251;0;0;48;2;231;2;2m┈[38;2;158;3;3;48;2;227;4;3m▁[0m[7m[38;2;144;6;6m▝[0m[38;2;127;5;5m▝[38;2;157;5;5;48;2;232;2;2m▏[0m[38;2;140;6;6m▋[7m[38;2;34;3;3m▇[0m[38;2;21;0;0;48;2;176;6;6m▖[38;2;110;4;3;48;2;240;3;2m▘[48;2;251;0;0m [38;2;111;4;4;48;2;238;2;2m▝[38;2;137;6;6;48;2;229;4;3m▘[38;2;250;0;0;48;2;251;0;0m┈[38;2;237;3;3;48;2;131;4;4m▊[38;2;20;0;0;48;2;210;3;3m▄[38;2;49;3;3;48;2;225;4;4m▂[38;2;80;4;4;48;2;231;2;2m▄[38;2;249;1;1m┊[38;2;183;7;6;48;2;86;3;3m▚[38;2;115;4;4;48;2;238;2;2m▘[38;2;251;0;0;48;2;250;0;0m┈[38;2;87;8;7;48;2;202;4;4m▝[38;2;62;3;3;48;2;211;4;3m▘[38;2;251;0;0;48;2;249;0;0m┈[48;2;250;0;0m┊[38;2;93;1;1;48;2;184;6;6m╽[38;2;176;5;5;48;2;246;1;1m▁[38;2;151;4;3m▁[38;2;250;0;0;48;2;243;3;3m▉[38;2;245;2;2;48;2;97;4;3m▆[38;2;237;2;2;48;2;43;0;0m▇[38;2;238;2;2;48;2;177;4;4m▇[48;2;251;0;0m [38;2;251;0;0;48;2;246;1;1m╴[38;2;215;4;4;48;2;138;6;6m▄[38;2;114;4;4;48;2;237;3;3m▖[0m[7m[38;2;178;5;5m▝[38;2;146;6;5m▖[0m[38;2;241;2;2;48;2;116;5;5m▆[38;2;251;0;0;48;2;250;0;0m┈[0m[38;2;186;5;5m▋   [0m
[38;2;179;1;1;48;2;41;2;2m▗[0m[38;2;99;4;4m╴ [0m [38;2;41;5;4m▂[7m[38;2;200;4;4m▄[38;2;202;2;2m▂[38;2;124;5;5m▗[0m[38;2;16;220;220;48;2;32;25;24m▗[38;2;10;217;217;48;2;33;12;11m▃[38;2;22;199;198;48;2;90;10;10m▅[38;2;19;153;152;48;2;93;35;34m▂[38;2;11;245;244;48;2;2;30;29m▆[38;2;8;238;237;48;2;10;27;27m▆[38;2;16;180;179;48;2;122;16;16m▖[38;2;250;0;0;48;2;236;2;2m┊[38;2;247;1;1;48;2;251;0;0m▁  [38;2;251;0;0;48;2;250;0;0m┈[38;2;237;2;2;48;2;81;3;3m▆[38;2;217;4;3;48;2;18;0;0m▄[38;2;60;2;2;48;2;209;10;10m▋[38;2;248;1;1;48;2;188;6;5m▇[38;2;244;1;1;48;2;192;6;6m▇[48;2;251;0;0m     [38;2;77;2;2;48;2;224;3;3m▗[38;2;200;10;9;48;2;86;5;5m▝[38;2;240;3;3;48;2;106;4;4m▗[38;2;251;0;0;48;2;240;1;1m┈[48;2;251;0;0m   [38;2;155;5;5;48;2;247;1;1m▁[38;2;25;1;1;48;2;239;2;2m▂[38;2;18;0;0;48;2;237;2;2m▂[38;2;251;0;0m┈[38;2;100;4;4;48;2;186;9;8m▋[0m[38;2;196;5;5m▊[38;2;174;7;7m▗[38;2;180;4;4;48;2;234;3;3m▏[0m[7m[38;2;158;3;3m▗[0m[38;2;53;4;4m▁   [0m
[38;2;54;4;3;48;2;234;1;1m▍[38;2;1;0;0;48;2;109;2;2m┊[0m  [38;2;40;1;1;48;2;194;8;8m▍[0m[7m[38;2;106;3;3m▝[0m [38;2;19;240;239;48;2;11;75;75m▗[38;2;9;64;64;48;2;9;237;236m▃[38;2;0;5;5;48;2;5;249;248m▄[38;2;0;2;2;48;2;6;248;247m▄[38;2;0;6;5;48;2;8;248;247m▄[38;2;11;85;85;48;2;3;251;250m▄[38;2;22;131;130;48;2;11;238;237m▃[38;2;19;115;114;48;2;16;231;230m▃[38;2;32;27;27;48;2;189;6;6m▌[38;2;246;1;1;48;2;207;8;7m▊[38;2;77;2;1;48;2;194;5;5m┒[38;2;146;5;5;48;2;222;5;5m▗[38;2;195;7;7;48;2;246;1;1m▏[48;2;251;0;0m  [38;2;247;1;1;48;2;175;7;7m▇[48;2;251;0;0m [38;2;166;7;7;48;2;247;1;1m▗[38;2;233;7;6;48;2;248;1;1m▏[38;2;104;2;2;48;2;210;4;4m┎[38;2;224;10;9;48;2;239;2;2m╴[48;2;251;0;0m [38;2;250;0;0;48;2;233;4;4m▉[38;2;155;8;8;48;2;50;2;1m▎[38;2;82;3;3;48;2;228;3;3m▘[38;2;251;0;0;48;2;250;0;0m┈[48;2;251;0;0m  [38;2;157;5;4;48;2;243;1;1m▁[38;2;32;1;1;48;2;201;3;3m▄[38;2;4;0;0;48;2;80;2;2m▇[48;2;0;0;0m  [38;2;24;1;0;48;2;175;7;7m▋[38;2;89;2;2;48;2;225;4;4m▝[0m[7m[38;2;123;10;9m▝[0m[38;2;115;4;4;48;2;236;4;4m▎[38;2;204;5;5;48;2;52;1;1m▋[0m[38;2;201;4;4m▅[38;2;194;6;6m▋   [0m
 [38;2;6;0;0;48;2;103;1;1m╴[0m[38;2;45;1;1m╴[38;2;46;3;3m▃[38;2;64;2;2;48;2;227;4;4m▎[38;2;83;1;1;48;2;212;6;6m▝[38;2;93;5;5;48;2;215;6;5m▝[38;2;0;18;18;48;2;5;7;7m┊[38;2;27;122;121;48;2;9;52;51m▗[38;2;34;230;229;48;2;13;105;104m▁[38;2;15;189;188;48;2;0;6;6m▆[38;2;15;82;82;48;2;24;213;212m▌[38;2;22;105;104;48;2;15;201;200m┎[38;2;36;173;172;48;2;44;68;68m┺[38;2;200;11;11;48;2;16;94;93m▂[38;2;34;148;147;48;2;16;36;36m▗[38;2;8;14;14;48;2;169;4;4m▅[38;2;199;13;12;48;2;18;0;0m▘[38;2;19;0;0;48;2;189;5;5m▖[38;2;251;0;0;48;2;249;1;1m┈[38;2;158;6;5;48;2;246;1;1m▗[38;2;192;4;4;48;2;246;2;2m▎[38;2;196;3;2;48;2;241;1;1m▁[38;2;251;0;0;48;2;247;1;1m┈[38;2;198;9;9;48;2;64;2;2m▍[38;2;251;0;0;48;2;228;5;5m┊[38;2;108;5;4;48;2;210;8;8m▊[38;2;251;0;0;48;2;249;1;1m┊[48;2;251;0;0m  [38;2;244;1;1;48;2;107;3;3m▇[38;2;251;0;0;48;2;246;1;1m┈[48;2;251;0;0m [38;2;129;6;5;48;2;242;1;1m▁[38;2;51;3;2;48;2;219;3;2m▄[38;2;14;1;1;48;2;103;5;5m▇[48;2;0;0;0m    [38;2;8;0;0;48;2;133;5;5m▊[38;2;210;17;16;48;2;248;1;1m▏[38;2;178;6;5;48;2;234;3;3m╹[38;2;251;0;0;48;2;248;0;0m┊[38;2;228;7;7;48;2;137;7;7m▍[38;2;237;5;5;48;2;250;0;0m▎[0m[38;2;190;6;6m▋   [0m
 [38;2;0;0;0m [7m[38;2;57;4;4m▉[0m[38;2;124;7;6;48;2;182;10;10m┛[38;2;251;0;0;48;2;238;1;1m┈[48;2;251;0;0m [48;2;249;1;1m┈[38;2;9;0;0;48;2;166;5;5m▝[38;2;0;0;0;48;2;4;1;1m┈[38;2;3;18;18;48;2;18;208;207m▆[38;2;0;3;3;48;2;16;209;208m▃[38;2;3;23;23;48;2;24;148;147m▃[38;2;43;191;190;48;2;20;124;123m┗[38;2;39;110;110;48;2;150;8;8m▄[38;2;37;125;124;48;2;157;7;6m▃[38;2;128;6;5;48;2;22;122;122m▘[38;2;22;214;213;48;2;17;83;83m▃[38;2;0;0;0;48;2;1;11;11m┊[38;2;33;207;206;48;2;9;0;0m▂[38;2;18;7;7;48;2;239;4;4m▇[38;2;74;8;7;48;2;170;8;8m▋[38;2;68;1;1;48;2;217;3;3m─[38;2;97;3;3;48;2;203;4;4m┙[38;2;234;6;6;48;2;249;1;1m▏[38;2;128;5;5;48;2;247;1;1m▝[38;2;217;3;3;48;2;88;3;3m▃[38;2;72;3;3;48;2;179;5;5m▄[38;2;11;0;0;48;2;173;7;6m▂[38;2;26;0;0;48;2;240;3;3m▂[38;2;28;0;0;48;2;245;2;2m▂[38;2;51;3;2;48;2;250;0;0m▃[38;2;36;2;2;48;2;245;2;2m▄[38;2;9;0;0;48;2;196;4;4m▅[38;2;122;7;7;48;2;42;3;3m▗[38;2;13;1;1;48;2;136;8;7m▘[38;2;154;9;8;48;2;18;1;1m▘[48;2;0;0;0m   [38;2;0;0;0;48;2;6;0;0m┈[38;2;11;0;0;48;2;187;5;5m▘[38;2;181;5;5;48;2;246;1;1m▁[38;2;159;5;5;48;2;218;6;6m╱[38;2;251;0;0;48;2;250;0;0m┊[38;2;213;5;5;48;2;101;3;3m▌[0m[7m[38;2;210;5;5m▂[0m[38;2;90;4;4m▘   [0m
 [38;2;0;0;0m  [7m[38;2;156;6;5m▋[0m[38;2;250;0;0;48;2;245;1;1m┊[48;2;251;0;0m [38;2;249;1;1;48;2;206;10;10m▉[38;2;132;4;4;48;2;18;0;0m▎[38;2;27;203;202;48;2;3;18;17m▗[38;2;8;236;235;48;2;6;25;25m▅[38;2;3;24;23;48;2;17;187;186m▘[38;2;19;144;144;48;2;5;36;36m▌[38;2;28;182;181;48;2;10;69;68m┗[38;2;0;8;8;48;2;27;151;151m▁[38;2;23;159;158;48;2;0;37;36m▇[38;2;1;46;45;48;2;26;175;174m▁[38;2;5;27;27;48;2;17;219;218m▄[38;2;17;70;70;48;2;1;14;14m▏[38;2;6;40;40;48;2;24;236;235m▅[38;2;27;100;99;48;2;4;10;10m▏[38;2;16;1;1;48;2;194;7;7m▅[38;2;32;3;3;48;2;167;6;6m▃[38;2;16;1;1;48;2;233;2;1m▃[38;2;79;3;3;48;2;245;1;1m▃[38;2;244;3;3;48;2;250;0;0m▏[38;2;251;0;0m┊[38;2;188;6;6;48;2;233;4;4m▂[38;2;143;8;8;48;2;192;8;8m╺[38;2;151;9;8;48;2;15;0;0m▇[38;2;156;9;9;48;2;10;0;0m▅[38;2;145;8;7;48;2;1;0;0m▄[38;2;184;11;10;48;2;10;0;0m▂[38;2;161;8;7;48;2;0;0;0m▂[38;2;199;9;9;48;2;4;0;0m▁[38;2;187;11;11;48;2;1;0;0m▁[38;2;198;10;10;48;2;3;0;0m▁[38;2;172;5;5;48;2;0;0;0m▂[38;2;199;4;4;48;2;2;0;0m▃[38;2;208;6;6;48;2;24;1;1m▄[38;2;196;5;4;48;2;94;5;4m▇[38;2;141;5;5;48;2;230;3;3m╼[38;2;213;4;4;48;2;164;8;7m▇[38;2;251;0;0;48;2;236;1;1m┈[48;2;242;1;1m╴[0m[38;2;190;7;7m▘     [0m
 [38;2;0;0;0m  [0m [38;2;126;10;9m▂[7m[38;2;189;3;3m▃[0m[38;2;53;2;2;48;2;218;4;4m▂[38;2;190;8;8;48;2;41;2;2m▖[38;2;21;193;192;48;2;8;47;47m┗[38;2;15;75;74;48;2;17;199;198m▁[38;2;21;190;189;48;2;21;195;194m╵[38;2;16;98;97;48;2;19;206;205m▃[38;2;3;68;67;48;2;21;204;203m╶[38;2;18;209;208;48;2;2;43;42m▇[38;2;9;216;215;48;2;0;2;2m▇[38;2;10;214;213m▇[38;2;0;17;16;48;2;11;207;206m▁[38;2;11;57;56;48;2;9;240;239m▂[38;2;0;9;9;48;2;11;236;235m▂[38;2;26;200;199;48;2;2;14;14m▘[38;2;0;6;5;48;2;15;170;169m▘[38;2;28;211;210;48;2;5;31;31m▍[38;2;180;10;9;48;2;41;3;2m▝[38;2;35;1;1;48;2;124;7;7m▆[38;2;212;8;8;48;2;112;3;3m▖[38;2;175;5;5;48;2;241;2;2m▏[38;2;251;0;0;48;2;250;0;0m┈[38;2;90;4;4;48;2;230;3;3m▝[38;2;59;2;2;48;2;187;5;5m━[38;2;49;1;1;48;2;173;6;5m▂[38;2;73;2;2;48;2;196;6;6m╺[38;2;127;4;4;48;2;205;5;4m▄[38;2;81;4;3;48;2;208;4;4m▂[38;2;225;4;4;48;2;151;8;8m▆[38;2;235;4;4;48;2;178;4;4m▆[38;2;247;1;1;48;2;181;6;6m▅[38;2;231;4;4;48;2;175;4;4m▆[38;2;114;5;5;48;2;214;4;4m▁[38;2;51;2;2;48;2;219;4;3m▂[38;2;58;2;2;48;2;240;2;2m▄[38;2;47;1;1;48;2;187;5;4m━[38;2;233;3;3;48;2;96;4;3m▅[38;2;61;3;3;48;2;223;3;3m▂[38;2;22;223;222;48;2;82;31;31m▗[38;2;11;64;63;48;2;20;183;182m╸[0m[38;2;15;176;175m▆[38;2;18;194;193m▄[0m [38;2;15;83;83m  [0m
 [38;2;0;0;0m   [7m[38;2;77;3;3m▇[38;2;177;10;10m▆[38;2;42;4;3m▄[0m[38;2;129;12;11;48;2;14;1;1m▁[38;2;10;1;0;48;2;48;4;3m▉[38;2;143;11;10;48;2;64;4;4m▚[38;2;2;3;3;48;2;32;158;157m▇[38;2;0;4;4;48;2;30;210;209m▆[38;2;0;0;0;48;2;22;204;203m▅[48;2;22;213;212m▅[38;2;3;16;16;48;2;34;233;232m▆[38;2;0;2;2;48;2;47;202;201m▆[38;2;0;0;0;48;2;0;4;4m┈[48;2;0;0;0m [38;2;11;247;246;48;2;12;78;78m▗[38;2;8;236;235;48;2;7;34;34m▆[38;2;16;239;238;48;2;12;79;78m▖[38;2;9;122;121;48;2;13;221;220m▏[38;2;9;245;244;48;2;6;36;35m▄[38;2;19;113;112;48;2;56;3;3m▖[38;2;153;6;6;48;2;37;1;1m▚[38;2;180;8;8;48;2;245;1;1m▘[38;2;195;9;8;48;2;251;0;0m▁ [38;2;251;0;0;48;2;250;0;0m┈[38;2;237;1;1;48;2;104;4;4m▇[38;2;228;3;3;48;2;101;4;4m▄[38;2;85;3;3;48;2;224;4;4m▄[38;2;209;4;4;48;2;59;2;2m▇[38;2;234;2;2;48;2;30;1;0m▅[38;2;234;3;3;48;2;35;0;0m▄[38;2;232;3;3;48;2;32;1;1m▄[38;2;244;2;2;48;2;51;1;1m▄[38;2;245;2;2;48;2;48;2;2m▅[38;2;182;12;11;48;2;10;0;0m▇[38;2;26;218;217;48;2;160;8;8m▂[38;2;21;95;94;48;2;207;4;4m▅[38;2;11;235;234;48;2;77;29;28m▅[38;2;8;239;238;48;2;3;13;13m▇[38;2;10;235;234;48;2;11;73;73m▄[38;2;8;54;53;48;2;12;212;211m▅[38;2;11;58;58;48;2;15;202;201m▂[38;2;11;80;79;48;2;16;193;192m┗[38;2;15;93;92;48;2;17;206;205m▖[0m[38;2;15;222;221m▖ [0m
 [38;2;0;0;0m      [38;2;133;7;7m▝[7m[38;2;113;6;6m▁[0m[38;2;11;0;0;48;2;6;1;0m┊[48;2;0;0;0m   [38;2;0;0;0;48;2;0;3;3m┈[38;2;15;195;194;48;2;4;22;22m▄[38;2;8;245;244;48;2;14;81;81m▆[38;2;7;247;246;48;2;16;166;165m▇[38;2;2;251;250;48;2;20;172;172m▇[38;2;0;252;251;48;2;7;244;243m╴[38;2;12;74;73;48;2;5;250;249m▄[38;2;18;187;186;48;2;12;70;69m▚[38;2;3;252;251;48;2;8;241;240m┊[38;2;3;251;250;48;2;48;217;216m▉[38;2;22;128;128;48;2;1;11;11m▏[38;2;219;9;8;48;2;68;4;4m▝[38;2;211;5;5;48;2;106;4;4m▚[38;2;101;3;3;48;2;242;2;2m▘[38;2;132;4;3;48;2;245;1;1m▗[38;2;41;2;1;48;2;243;2;2m▄[38;2;76;3;3;48;2;189;4;4m┳[38;2;232;7;7;48;2;245;2;1m╴[38;2;176;7;7;48;2;17;0;0m▌[38;2;97;5;4;48;2;12;0;0m▁[38;2;11;0;0;48;2;154;5;5m━[38;2;108;4;4;48;2;236;2;2m▄[38;2;98;4;4;48;2;240;1;1m▂[38;2;251;0;0;48;2;250;0;0m┊[0m[7m[38;2;183;5;5m▗[0m[38;2;24;82;82;48;2;15;217;216m▍[38;2;0;252;251;48;2;1;252;251m┈[38;2;3;249;248;48;2;16;168;167m▇[38;2;9;222;221;48;2;18;130;130m▅[38;2;12;93;92;48;2;10;229;228m▄[38;2;4;19;19;48;2;21;185;184m▂[38;2;13;225;224;48;2;14;98;97m▆[38;2;8;244;243;48;2;4;33;32m▆[38;2;5;179;178;48;2;11;215;214m╲[38;2;11;228;227;48;2;20;160;159m▇[0m[38;2;8;249;248m▘ [0m
 [38;2;0;0;0m       [0m   [7m[38;2;76;6;6m▂[0m[38;2;20;0;0;48;2;1;0;0m▏[38;2;2;9;9;48;2;18;82;82m▉[38;2;5;32;31;48;2;15;240;239m▄[38;2;14;90;89;48;2;13;193;193m┛[38;2;9;247;246;48;2;0;45;44m▆[38;2;9;237;236;48;2;17;114;113m▅[38;2;3;16;15;48;2;20;185;184m▗[38;2;12;69;68;48;2;19;201;200m▍[38;2;22;124;123;48;2;9;215;214m┒[38;2;18;102;101;48;2;6;241;240m▂[38;2;21;110;109;48;2;8;241;240m▂[38;2;17;228;227;48;2;15;87;86m╸[38;2;135;10;9;48;2;40;33;32m▝[38;2;14;0;0;48;2;227;6;6m▄[38;2;46;1;1;48;2;242;3;3m▄[38;2;191;8;7;48;2;10;0;0m▘[38;2;12;1;1;48;2;79;6;6m▉[38;2;41;1;1;48;2;232;6;6m▅[38;2;31;1;1;48;2;165;5;4m━[38;2;195;9;9;48;2;78;21;21m▖[38;2;15;205;204;48;2;132;14;13m▄[38;2;10;242;241;48;2;97;9;9m▅[38;2;16;200;199;48;2;122;28;27m▄[38;2;218;6;6;48;2;116;12;12m▚[38;2;134;7;7;48;2;215;6;6m▚[0m[38;2;91;6;6m▎[0m [7m[38;2;18;199;198m▆[38;2;10;221;220m▃[38;2;13;214;213m▂[0m[38;2;35;161;160;48;2;17;184;183m╵[38;2;9;246;245;48;2;3;26;26m▅[38;2;11;248;247;48;2;2;21;21m▄[38;2;10;248;247;48;2;11;59;58m▄[38;2;19;169;169;48;2;16;201;200m▁[0m[7m[38;2;20;184;184m▃[0m [38;2;0;0;0m [0m
 [38;2;0;0;0m           [38;2;19;161;160m▁[38;2;11;234;233;48;2;4;33;33m▃[38;2;6;244;243;48;2;12;114;114m▆[48;2;0;252;251m   [38;2;19;219;218;48;2;8;48;47m▋[38;2;3;23;23;48;2;15;214;213m▃[38;2;5;27;27;48;2;16;216;215m▃[38;2;0;9;9;48;2;17;194;193m▃[38;2;7;32;31;48;2;25;181;181m▃[38;2;0;8;7;48;2;23;201;200m▂[38;2;28;207;206;48;2;15;81;80m┙[38;2;0;0;0;48;2;1;2;2m┈[38;2;228;8;8;48;2;77;4;4m▝[38;2;35;0;0;48;2;221;4;4m▁[38;2;37;0;0;48;2;213;5;4m▁[38;2;26;0;0;48;2;223;4;4m▂[38;2;29;1;1;48;2;208;4;4m▅[38;2;15;22;22;48;2;23;215;214m▌[48;2;0;252;251m   [38;2;54;94;93;48;2;7;240;239m▝[38;2;15;210;209;48;2;166;22;21m▃[0m[7m[38;2;121;23;22m▝[0m [38;2;21;2;2m   [0m [7m[38;2;38;190;189m▇[38;2;10;157;156m▆[38;2;38;222;221m▇[0m [38;2;0;0;0m   [0m
 [38;2;0;0;0m     [0m [38;2;32;213;213m▁[38;2;16;238;237m▂[38;2;12;217;216m▄[38;2;8;240;239m▅[38;2;5;237;236m▇[38;2;0;252;251;48;2;3;250;249m┈[48;2;0;252;251m [48;2;6;247;246m┈[38;2;14;86;85;48;2;3;250;249m▂[38;2;2;14;14;48;2;10;231;230m▃[38;2;6;36;36;48;2;19;222;221m▆[38;2;21;212;211;48;2;5;24;24m▃[38;2;15;84;83;48;2;0;2;2m▁[48;2;0;0;0m          [38;2;20;175;174;48;2;2;14;13m▗[38;2;25;189;188;48;2;2;14;14m▖[38;2;3;17;17;48;2;15;211;210m▅[38;2;8;48;47;48;2;7;246;245m▃[38;2;24;119;118;48;2;4;248;247m▁[38;2;0;252;251;48;2;1;251;250m┈[48;2;0;252;251m [48;2;5;243;242m┈[0m[38;2;7;233;232m▆[38;2;9;238;237m▄[38;2;13;208;207m▃[38;2;21;165;164m▂[0m [38;2;0;0;0m       [0m
 [38;2;0;0;0m     [0m [7m[38;2;35;230;229m▇[38;2;30;228;227m▆[38;2;21;239;238m▆[38;2;16;241;240m▆[38;2;26;236;235m▆[38;2;22;202;201m▆[0m[38;2;188;8;8;48;2;30;43;43m▗[38;2;228;4;3;48;2;11;14;14m▅[38;2;174;4;4;48;2;12;0;0m▅[38;2;0;0;0;48;2;4;0;0m┊[48;2;1;7;6m┈[38;2;10;80;80;48;2;15;235;234m▖[38;2;9;243;242;48;2;18;155;154m▇[38;2;20;182;181;48;2;12;40;39m▖[38;2;166;9;9;48;2;21;80;80m▂[38;2;211;5;5;48;2;15;51;50m▃[38;2;244;3;3;48;2;26;1;1m▃[38;2;235;6;5;48;2;7;0;0m▄[38;2;221;4;3;48;2;4;0;0m▄[38;2;226;5;5;48;2;10;0;0m▃[38;2;197;7;7;48;2;15;41;40m▂[38;2;44;207;206;48;2;17;28;27m━[38;2;14;236;235;48;2;10;68;67m▅[38;2;18;132;131;48;2;8;241;240m▗[38;2;24;165;164;48;2;0;5;5m▘[38;2;0;0;0;48;2;1;0;0m┈[38;2;196;7;7;48;2;28;1;1m▗[38;2;230;3;3;48;2;10;3;3m▅[38;2;213;6;6;48;2;16;52;52m▄[38;2;18;4;4;48;2;25;227;226m▆[0m[7m[38;2;16;220;219m▅[38;2;15;243;242m▅[38;2;12;244;243m▅[38;2;20;240;239m▅[38;2;18;232;231m▅[38;2;24;236;235m▆[0m [38;2;15;65;65m      [0m
 [38;2;0;0;0m            [0m [7m[38;2;186;4;4m▄[38;2;238;2;2m▂[0m[38;2;69;1;1;48;2;201;4;4m▁[38;2;224;4;4;48;2;38;1;1m▅[38;2;227;4;4;48;2;38;7;7m▅[38;2;218;4;4;48;2;48;24;23m▆[38;2;125;5;5;48;2;228;3;3m▂[38;2;94;6;5;48;2;245;2;2m▃[38;2;96;4;3;48;2;237;3;3m▄[38;2;35;0;0;48;2;218;5;5m━[38;2;7;0;0;48;2;196;4;3m━[38;2;25;0;0;48;2;212;5;5m━[38;2;91;3;3;48;2;232;2;2m▄[38;2;159;9;9;48;2;245;1;1m▃[38;2;131;3;3;48;2;233;3;3m▁[38;2;241;3;3;48;2;68;55;54m▆[38;2;247;2;1;48;2;39;9;8m▅[38;2;247;2;2;48;2;45;2;2m▅[38;2;240;3;3;48;2;99;4;4m▆[0m[7m[38;2;226;3;3m▁[38;2;226;2;2m▄[38;2;113;4;4m▆[0m[38;2;3;0;0m              [0m
 [38;2;0;0;0m               [0m [38;2;130;8;8m▝[7m[38;2;183;6;5m▃[38;2;206;4;4m▁[0m[38;2;121;5;5;48;2;219;5;5m▃[38;2;134;5;5;48;2;213;4;4m┛[38;2;251;0;0;48;2;246;1;1m┈[48;2;251;0;0m   [48;2;239;1;1m┈[38;2;120;4;4;48;2;205;6;6m╲[38;2;99;3;2;48;2;220;4;4m▁[0m[7m[38;2;194;4;4m▁[38;2;165;10;9m▃[38;2;131;8;8m▆[38;2;65;3;3m▇[0m[38;2;0;0;0m                 [0m
 [38;2;0;0;0m                   [38;2;184;6;6m▝[7m[38;2;224;2;2m▂[0m[38;2;117;4;4;48;2;248;1;1m▁[38;2;187;7;7;48;2;251;0;0m▁[38;2;151;6;6;48;2;249;1;1m▁[38;2;185;7;7;48;2;250;0;0m▁[38;2;94;3;3;48;2;246;1;1m▁[0m[7m[38;2;214;3;3m▂[0m[38;2;69;5;4m▘                     [0m
 [38;2;0;0;0m                                                 [0m[u[0m [38;2;0;0;0m                             [0m [38;2;178;6;5m▂[38;2;192;5;5m▆[38;2;51;2;2m▖            [0m  [38;2;80;4;4m  [0m
 [38;2;0;0;0m                           [38;2;105;5;4m▗[38;2;212;4;4m▅[38;2;242;1;1;48;2;98;5;4m▇[38;2;251;0;0;48;2;244;2;2m╴[0m[7m[38;2;120;4;4m▗[0m [38;2;0;0;0m     [0m [38;2;149;9;9m▖     [0m [38;2;84;3;3;48;2;218;5;4m▎[0m[38;2;202;4;4m▆[0m [0m
 [38;2;0;0;0m                          [7m[38;2;86;4;4m▉[0m[38;2;128;6;6;48;2;241;3;3m▘[48;2;251;0;0m  [0m[7m[38;2;193;3;3m▗[0m [38;2;0;0;0m      [7m[38;2;171;4;4m▌[0m[38;2;96;5;5;48;2;229;3;3m▝[0m [38;2;23;0;0m   [0m [7m[38;2;165;4;4m▘[38;2;221;2;2m▃[0m[38;2;109;3;3m▘ [0m
 [38;2;0;0;0m [0m  [38;2;0;0;0m          [0m [38;2;111;7;6m▃[38;2;109;14;12m╴         [0m [7m[38;2;226;4;3m▘[0m[38;2;52;2;2;48;2;251;0;0m  [38;2;216;2;2;48;2;75;2;2m▉[0m[38;2;151;4;4m▂[38;2;103;7;7m┙    [0m [38;2;233;4;4m▗[38;2;93;4;4;48;2;232;2;2m▁[0m[7m[38;2;177;4;3m▃[0m [38;2;0;0;0m  [0m [7m[38;2;125;6;6m▚[0m[38;2;150;4;3m▘   [0m
 [38;2;0;0;0m [0m [38;2;180;6;5;48;2;19;2;2m▗[0m[38;2;39;6;6m╴        [38;2;188;5;5m▗[38;2;67;2;2;48;2;181;7;7m▚[0m[7m[38;2;75;3;3m▇[0m[38;2;5;0;0m     [38;2;117;6;5m▗[38;2;139;9;8m▆[0m [38;2;0;0;0m [0m [7m[38;2;207;3;3m▘[0m[38;2;22;1;1;48;2;251;0;0m   [38;2;251;0;0;48;2;242;5;4m▇[38;2;234;2;2;48;2;79;3;3m▊[0m[38;2;116;4;4m▁[38;2;156;5;4m▂[38;2;211;5;5m▅[38;2;69;6;6m▏ [0m [7m[38;2;150;9;9m▆[0m  [38;2;83;6;6m▂  [0m  [38;2;0;0;0m    [0m
 [38;2;0;0;0m [7m[38;2;2;0;0m▉[0m[38;2;41;2;2;48;2;217;2;2m▘[38;2;230;1;1;48;2;19;0;0m▋[0m [38;2;0;0;0m       [38;2;74;2;2;48;2;231;4;4m▎[38;2;35;1;1;48;2;220;4;4m▝[0m[38;2;121;4;4m▂[0m [38;2;0;0;0m [0m [38;2;75;7;6m▁ [7m[38;2;113;4;4m▋[0m[38;2;240;3;3;48;2;227;4;4m┊[0m[38;2;195;5;5m▖[0m [7m[38;2;179;3;3m▘[0m[38;2;251;0;0;48;2;250;0;0m┈[48;2;251;0;0m    [48;2;250;0;0m┈[38;2;72;3;3;48;2;226;2;2m▂[38;2;80;3;3;48;2;244;2;2m▖[0m[7m[38;2;214;5;5m▗[0m [38;2;0;0;0m [38;2;110;5;5m▗[38;2;209;6;6m▖[0m [38;2;208;8;8m▗[38;2;211;8;8m▘[0m  [38;2;0;0;0m    [38;2;67;7;6m▁[0m [0m
 [38;2;0;0;0m [0m [7m[38;2;61;1;1m╴[0m[38;2;113;2;2;48;2;214;2;2m▖[0m[38;2;29;1;1m╴       [38;2;90;3;3m▝[7m[38;2;199;3;3m▃[0m[38;2;152;4;4;48;2;233;2;2m▁[0m[7m[38;2;186;4;4m▝[0m [38;2;0;0;0m [7m[38;2;173;7;7m▎[0m[38;2;235;2;2m▅[38;2;239;1;1;48;2;141;4;4m▇[48;2;247;0;0m [38;2;247;0;0;48;2;246;0;0m┈[48;2;214;9;9m▇[48;2;248;0;0m▇▇▇▇▇▇[0m[7m[38;2;201;4;4m▗[0m[38;2;114;5;5m▃[38;2;124;10;9m▝[0m [38;2;2;0;0m [38;2;178;7;7m▗[38;2;234;2;2;48;2;158;3;3m▇[0m[7m[38;2;223;3;3m▝[0m [7m[38;2;119;7;7m▃[0m [7m[38;2;85;5;4m▋[38;2;190;8;8m▝[0m[38;2;127;5;5m▖  [38;2;109;5;5m▗[38;2;162;8;8m▋ [0m
 [38;2;0;0;0m   [0m [38;2;0;0;0;48;2;50;2;2m╴[0m[38;2;108;7;7m▗[38;2;158;9;8m▂[0m [38;2;0;0;0m    [0m [38;2;99;7;6m▃[38;2;120;6;6m▝[38;2;185;9;9;48;2;239;2;2m▏[38;2;189;5;4;48;2;39;1;1m▋[0m[38;2;104;6;6m▄[7m[38;2;163;6;6m▍[0m[38;2;244;0;0;48;2;247;0;0m▇▇▇▇▇▇▇▇▇▇[48;2;245;0;0m▇[38;2;231;2;2;48;2;99;4;3m▆[38;2;234;2;2;48;2;177;3;3m▉[0m[38;2;227;4;4m▃[38;2;209;4;4m▄[38;2;218;3;3m▆[38;2;244;0;0;48;2;238;1;1m┈[48;2;247;0;0m▅▅[38;2;54;2;2;48;2;208;4;3m▝[0m  [7m[38;2;148;5;5m▘[0m[38;2;244;0;0;48;2;240;2;1m┊[38;2;225;4;4;48;2;78;3;3m▊[0m [38;2;5;0;0m [7m[38;2;128;6;6m▋[0m[38;2;110;6;6;48;2;235;3;3m▝[0m[38;2;128;6;6m▖[0m
[38;2;110;7;6m▅[0m  [38;2;68;4;3m▁  [0m [7m[38;2;65;2;2m╴[0m[38;2;53;3;3;48;2;186;5;5m▖[0m[38;2;212;4;4m▅[38;2;116;5;5m▖   [7m[38;2;76;6;5m▊[0m[38;2;3;0;0;48;2;48;2;2m┓[38;2;150;10;10;48;2;240;3;3m▎[38;2;238;2;2;48;2;190;4;3m▇[38;2;234;4;3;48;2;158;8;8m▊[38;2;36;0;0;48;2;195;6;6m▘[38;2;247;0;0;48;2;246;0;0m┈[48;2;244;0;0m▇▇▇▇▇[48;2;244;1;1m┈[48;2;238;1;1m┈[48;2;244;0;0m▇[48;2;246;0;0m┈[38;2;131;6;6;48;2;238;1;1m▁[38;2;90;4;4;48;2;227;3;3m▖[38;2;247;0;0;48;2;244;0;0m▇▇▇[48;2;245;0;0m┈[38;2;222;6;6;48;2;246;0;0m▁[38;2;247;0;0;48;2;244;0;0m▇▇[38;2;209;4;4;48;2;34;0;0m▊[0m [38;2;115;5;5m▗[38;2;91;5;5;48;2;206;5;5m▁[0m[7m[38;2;194;3;3m▃[0m[38;2;105;4;4m▘[38;2;154;12;11m▖ [0m [38;2;228;5;5m▝[38;2;217;5;5;48;2;144;3;2m▇[0m
[38;2;182;8;8m▝[7m[38;2;185;6;6m▝[0m[38;2;117;4;4m▖[7m[38;2;78;4;4m▖[38;2;135;7;7m▝[38;2;77;5;5m▌[0m[38;2;171;8;8m▃[38;2;134;6;6m▁[7m[38;2;19;0;0m▉[0m[38;2;35;0;0;48;2;200;5;5m▖[38;2;234;2;2;48;2;161;5;5m▉[0m[38;2;80;3;3m▍[38;2;169;10;10;48;2;48;4;3m▗[0m[38;2;103;6;5m▖[7m[38;2;187;7;7m▍[0m[38;2;9;0;0;48;2;172;4;4m▝[38;2;236;4;4;48;2;86;3;3m▝[38;2;247;0;0;48;2;245;1;1m┊[48;2;246;0;0m▇[48;2;247;0;0m     [48;2;245;1;0m┈[38;2;80;2;2;48;2;232;2;2m▂[38;2;38;0;0;48;2;165;5;4m╼[38;2;88;3;3;48;2;218;7;7m▌[38;2;47;1;1;48;2;213;3;3m▗[38;2;32;1;1;48;2;150;5;5m━[38;2;227;3;3;48;2;49;1;1m▅[38;2;219;5;5;48;2;105;5;5m▖[38;2;208;11;11;48;2;244;1;1m▏[48;2;247;0;0m  [38;2;41;1;1;48;2;209;4;4m▗[38;2;168;6;6;48;2;24;0;0m▝[38;2;169;4;4;48;2;235;2;2m▏[48;2;247;0;0m [38;2;247;0;0;48;2;239;1;1m┈[0m[38;2;165;8;7m▄[38;2;198;6;6;48;2;129;6;6m▇[0m[38;2;60;2;2m▏[38;2;59;7;6m▂[7m[38;2;151;7;6m▍[0m[38;2;247;0;0;48;2;232;2;2m╴[0m[38;2;192;7;7m▖ [0m [7m[38;2;131;8;7m▃[0m
 [38;2;69;3;3m▝[7m[38;2;128;6;6m▃[0m [7m[38;2;143;5;5m▍[0m[38;2;243;2;2;48;2;136;5;5m▆[38;2;174;8;7;48;2;248;1;1m▘[38;2;160;3;3;48;2;228;4;4m▁[0m[7m[38;2;144;6;6m▝[0m[38;2;107;5;5m▝[38;2;153;6;6;48;2;230;3;3m▏[0m[38;2;149;7;6m▋[7m[38;2;42;2;2m▉[0m[38;2;25;1;1;48;2;178;7;6m▖[38;2;114;4;4;48;2;241;2;2m▘[38;2;251;0;0;48;2;250;0;0m┈[38;2;109;4;3;48;2;237;2;2m▝[38;2;134;5;5;48;2;226;4;4m▘[38;2;248;1;1;48;2;250;0;0m╴[38;2;242;3;3;48;2;148;5;5m▊[38;2;23;0;0;48;2;205;3;3m▄[38;2;81;4;4;48;2;240;3;3m▃[38;2;81;6;5;48;2;231;3;2m▄[38;2;248;1;1;48;2;230;2;2m┊[38;2;183;6;6;48;2;98;4;4m▚[38;2;233;2;2m▆[38;2;251;0;0;48;2;249;0;0m╴[38;2;66;2;2;48;2;191;7;6m┕[38;2;61;2;2;48;2;212;4;4m▘[38;2;251;0;0;48;2;249;0;0m┈[48;2;250;0;0m╴[38;2;219;5;5;48;2;132;5;5m▍[38;2;249;0;0;48;2;237;3;2m┊[38;2;135;4;4;48;2;246;1;1m▁[38;2;250;0;0;48;2;243;3;3m▉[38;2;243;2;2;48;2;99;4;4m▆[38;2;236;2;2;48;2;40;0;0m▇[38;2;235;2;2;48;2;161;3;3m▇[48;2;251;0;0m [38;2;251;0;0;48;2;246;1;1m╴[38;2;213;4;4;48;2;140;7;6m▄[38;2;124;5;5;48;2;236;3;3m▖[0m[7m[38;2;168;5;5m▝[38;2;148;6;6m▖[0m[38;2;239;3;3;48;2;109;5;4m▆[38;2;247;1;1;48;2;250;0;0m▏[0m[38;2;204;5;5m▋   [0m
[38;2;170;3;2;48;2;41;2;2m▗[0m[38;2;107;3;3m╴ [0m [38;2;37;5;4m▂[7m[38;2;193;4;4m▄[38;2;206;2;2m▂[38;2;126;5;4m▗[0m[38;2;17;220;219;48;2;34;25;25m▗[38;2;12;216;215;48;2;33;11;11m▃[38;2;23;198;197;48;2;89;7;7m▅[38;2;14;147;147;48;2;95;33;33m▂[38;2;11;243;242;48;2;2;26;26m▆[38;2;9;236;235;48;2;13;21;21m▆[38;2;16;180;179;48;2;123;16;16m▖[38;2;250;1;0;48;2;234;2;2m┊[38;2;247;1;1;48;2;251;0;0m▁  [38;2;251;0;0;48;2;250;0;0m┈[38;2;237;2;1;48;2;86;3;3m▆[38;2;215;3;3;48;2;18;0;0m▄[38;2;59;2;2;48;2;208;10;10m▋[38;2;247;1;1;48;2;185;5;5m▇[38;2;243;1;1;48;2;187;6;5m▇[48;2;251;0;0m     [38;2;87;3;2;48;2;230;3;3m▗[38;2;196;10;10;48;2;87;6;5m▝[38;2;236;4;3;48;2;102;4;4m▗[38;2;247;1;1;48;2;179;5;4m▇[48;2;251;0;0m   [38;2;158;6;6;48;2;247;1;1m▁[38;2;26;1;1;48;2;239;2;2m▂[38;2;21;0;0;48;2;237;2;2m▂[38;2;251;0;0;48;2;236;3;3m┈[38;2;108;4;4;48;2;206;10;9m▊[0m[38;2;199;5;5m▊[38;2;165;6;5m▗[38;2;159;3;3;48;2;233;3;3m▏[0m[7m[38;2;168;3;3m▗[0m[38;2;43;4;4m▁   [0m
[38;2;51;3;2;48;2;234;1;1m▍[38;2;1;0;0;48;2;112;2;1m┊[0m  [38;2;35;1;1;48;2;194;8;8m▍[0m[7m[38;2;105;3;3m▝[0m [38;2;19;240;239;48;2;11;76;75m▗[38;2;10;69;68;48;2;8;238;237m▃[38;2;0;6;6;48;2;5;249;248m▄[38;2;0;2;2m▄[38;2;0;7;7;48;2;9;248;247m▄[38;2;10;85;84;48;2;3;251;250m▄[38;2;23;130;129;48;2;11;240;239m▃[38;2;21;119;118;48;2;15;231;230m▃[38;2;31;27;27;48;2;189;6;6m▌[38;2;244;2;2;48;2;195;8;7m▉[38;2;97;3;3;48;2;197;5;5m┓[38;2;146;5;5;48;2;221;5;5m▗[38;2;197;8;8;48;2;246;1;1m▏[48;2;251;0;0m  [38;2;247;1;1;48;2;174;7;7m▇[48;2;251;0;0m [38;2;171;6;6;48;2;247;1;1m▗[38;2;233;7;6;48;2;249;1;1m▏[38;2;122;4;4;48;2;217;4;4m▗[38;2;202;8;8;48;2;243;2;2m▏[48;2;251;0;0m [38;2;250;0;0;48;2;233;3;3m▉[38;2;162;8;8;48;2;50;2;2m▎[38;2;77;3;3;48;2;226;3;3m▘[38;2;251;0;0;48;2;250;0;0m┈[48;2;251;0;0m  [38;2;165;5;4;48;2;243;1;1m▁[38;2;32;1;1;48;2;201;3;3m▄[38;2;4;0;0;48;2;79;3;3m▇[48;2;0;0;0m  [38;2;23;1;0;48;2;175;7;7m▋[38;2;92;3;3;48;2;225;4;4m▝[0m[7m[38;2;124;10;9m▝[0m[38;2;112;4;4;48;2;235;4;4m▎[38;2;205;5;5;48;2;54;1;1m▋[0m[38;2;199;4;4m▅[38;2;194;6;6m▋   [0m
 [38;2;10;0;0;48;2;102;2;2m╴[0m[38;2;43;1;1m╴[38;2;43;3;3m▃[38;2;61;2;2;48;2;226;4;4m▎[38;2;83;1;1;48;2;212;6;6m▝[38;2;91;4;4;48;2;213;6;6m▝[38;2;0;19;19;48;2;5;8;8m┊[38;2;27;122;121;48;2;10;53;52m▗[38;2;39;226;225;48;2;14;107;106m▁[38;2;16;190;190;48;2;0;6;6m▆[38;2;14;80;80;48;2;26;212;211m▌[38;2;19;111;110;48;2;15;208;207m┏[38;2;36;167;166;48;2;43;68;67m┺[38;2;22;142;141;48;2;83;38;37m┻[38;2;44;184;183;48;2;17;45;45m┐[38;2;9;13;13;48;2;170;4;4m▅[38;2;199;13;12;48;2;18;0;0m▘[38;2;19;0;0;48;2;189;5;5m▖[38;2;251;0;0;48;2;248;0;0m┈[38;2;159;6;6;48;2;246;1;1m▗[38;2;176;8;7;48;2;237;2;2m╴[38;2;196;3;2;48;2;242;1;1m▁[38;2;251;0;0;48;2;247;1;1m┈[38;2;198;9;9;48;2;65;2;2m▍[38;2;251;0;0;48;2;229;5;5m┊[38;2;108;5;4;48;2;209;8;8m▊[38;2;251;0;0;48;2;249;1;0m┊[48;2;251;0;0m  [38;2;244;1;1;48;2;104;5;4m▇[38;2;251;0;0;48;2;246;1;1m┈[48;2;251;0;0m [38;2;131;4;4;48;2;242;1;1m▁[38;2;51;2;2;48;2;220;2;2m▄[38;2;15;1;1;48;2;103;5;5m▇[48;2;0;0;0m    [38;2;8;0;0;48;2;133;5;5m▊[38;2;210;17;16;48;2;248;1;1m▏[38;2;234;3;2;48;2;167;9;8m▇[38;2;251;0;0;48;2;248;0;0m┊[38;2;119;4;4;48;2;183;8;7m╽[38;2;237;5;5;48;2;250;0;0m▎[0m[38;2;190;6;5m▋   [0m
 [38;2;0;0;0m [7m[38;2;57;4;4m▉[0m[38;2;124;7;6;48;2;181;11;10m┛[38;2;251;0;0;48;2;238;1;1m┈[48;2;249;0;0m▇[48;2;249;1;1m┈[38;2;7;0;0;48;2;165;5;4m▝[38;2;0;0;0;48;2;4;2;1m┈[38;2;2;19;18;48;2;18;211;210m▆[38;2;0;4;4;48;2;17;209;208m▃[38;2;3;25;24;48;2;24;148;147m▃[38;2;45;193;193;48;2;20;123;122m┗[38;2;40;110;109;48;2;149;8;8m▄[38;2;37;120;119;48;2;154;7;6m▃[38;2;124;6;5;48;2;23;123;122m▘[38;2;23;213;212;48;2;16;82;81m▃[38;2;0;0;0;48;2;1;11;11m┊[38;2;29;198;197;48;2;10;0;0m▂[38;2;19;7;7;48;2;239;4;4m▇[38;2;73;8;6;48;2;168;8;8m▋[38;2;78;1;1;48;2;216;3;3m─[38;2;98;3;3;48;2;202;4;4m┙[38;2;234;6;6;48;2;249;1;1m▏[38;2;126;4;4;48;2;246;1;1m▝[38;2;239;3;2;48;2;101;4;4m▂[38;2;70;3;3;48;2;180;5;5m▄[38;2;13;0;0;48;2;173;6;6m▂[38;2;32;0;0;48;2;240;3;3m▂[38;2;33;0;0;48;2;246;2;2m▂[38;2;12;0;0;48;2;231;2;2m▂[38;2;36;2;2;48;2;245;2;2m▄[38;2;10;0;0;48;2;196;4;4m▅[38;2;121;6;6;48;2;43;2;2m▗[38;2;13;1;1;48;2;136;7;6m▘[38;2;153;9;9;48;2;19;1;1m▘[48;2;0;0;0m   [38;2;0;0;0;48;2;6;0;0m┈[38;2;11;0;0;48;2;185;5;4m▘[38;2;183;5;5;48;2;246;1;1m▁[38;2;165;6;6;48;2;224;6;6m▖[38;2;251;0;0;48;2;249;0;0m┊[38;2;214;5;5;48;2;102;3;3m▌[0m[7m[38;2;211;4;4m▂[0m[38;2;90;4;4m▘   [0m
 [38;2;0;0;0m  [7m[38;2;156;6;5m▋[0m[38;2;250;0;0;48;2;245;1;1m┊[48;2;251;0;0m [38;2;249;1;1;48;2;205;10;10m▉[38;2;130;4;4;48;2;18;0;0m▎[38;2;25;199;198;48;2;3;17;17m▗[38;2;9;235;234;48;2;5;21;21m▅[38;2;2;23;23;48;2;17;187;186m▘[38;2;19;144;144;48;2;4;33;33m▌[38;2;29;184;183;48;2;10;69;68m┗[38;2;0;13;12;48;2;29;154;153m▁[38;2;23;159;158;48;2;2;44;43m▇[38;2;3;51;51;48;2;26;174;173m▁[38;2;5;28;28;48;2;16;219;218m▄[38;2;17;70;70;48;2;1;13;13m▏[38;2;7;38;37;48;2;24;236;235m▅[38;2;27;100;99;48;2;4;10;10m▏[38;2;17;1;1;48;2;193;7;6m▅[38;2;34;2;2;48;2;167;6;5m▃[38;2;17;1;1;48;2;233;1;1m▃[38;2;80;3;3;48;2;245;1;1m▃[38;2;244;3;2;48;2;250;0;0m▏[38;2;251;0;0m┊[38;2;185;6;5;48;2;233;4;4m▂[38;2;122;3;3;48;2;190;8;8m╶[38;2;149;9;8;48;2;15;0;0m▇[38;2;154;9;9;48;2;9;0;0m▅[38;2;143;7;7;48;2;1;0;0m▄[38;2;182;11;11;48;2;10;0;0m▂[38;2;157;7;7;48;2;0;0;0m▂[38;2;192;12;12;48;2;3;0;0m▁[38;2;175;11;10;48;2;1;0;0m▁[38;2;192;11;11;48;2;3;0;0m▁[38;2;168;6;6;48;2;0;0;0m▂[38;2;194;4;4;48;2;2;0;0m▃[38;2;206;6;5;48;2;24;1;1m▄[38;2;203;5;5;48;2;124;5;4m▆[38;2;142;5;5;48;2;230;3;3m╼[38;2;221;3;3;48;2;171;8;7m▆[38;2;251;0;0;48;2;236;2;1m┈[48;2;241;1;1m╴[0m[38;2;191;6;6m▘     [0m
 [38;2;0;0;0m  [0m [38;2;124;9;8m▂[7m[38;2;191;3;3m▃[0m[38;2;54;2;2;48;2;217;5;4m▂[38;2;187;8;8;48;2;40;2;2m▖[38;2;24;188;187;48;2;8;46;46m▝[38;2;15;75;75;48;2;17;199;198m▁[38;2;21;190;189;48;2;22;196;195m╵[38;2;15;95;94;48;2;17;205;204m▃[38;2;22;125;124;48;2;19;209;208m╾[38;2;17;208;207;48;2;2;43;42m▇[38;2;9;216;215;48;2;0;1;1m▇[38;2;10;215;214;48;2;0;2;2m▇[38;2;0;21;20;48;2;11;208;207m▁[38;2;12;59;59;48;2;9;238;237m▂[38;2;0;13;12;48;2;11;236;235m▂[38;2;26;200;199;48;2;2;15;14m▘[38;2;0;5;5;48;2;15;169;168m▘[38;2;26;207;207;48;2;5;29;29m▍[38;2;175;10;9;48;2;42;3;2m▝[38;2;35;1;1;48;2;120;9;8m▆[38;2;81;3;3;48;2;165;6;5m┻[38;2;175;5;5;48;2;241;2;2m▏[38;2;251;0;0;48;2;250;0;0m┈[38;2;91;4;4;48;2;229;3;3m▝[38;2;59;2;2;48;2;185;5;5m━[38;2;48;1;1;48;2;172;5;5m▂[38;2;73;2;2;48;2;197;6;6m╺[38;2;128;4;4;48;2;204;5;4m▄[38;2;85;4;3;48;2;208;4;4m▂[38;2;224;4;4;48;2;151;8;8m▆[38;2;234;4;3;48;2;180;4;4m▆[38;2;246;1;1;48;2;184;6;6m▅[38;2;241;3;3;48;2;177;6;6m▅[38;2;112;7;7;48;2;213;4;4m▁[38;2;53;2;2;48;2;218;4;3m▂[38;2;59;2;2;48;2;239;2;2m▄[38;2;48;1;1;48;2;187;4;4m━[38;2;232;3;3;48;2;94;3;3m▅[38;2;63;2;2;48;2;223;3;3m▂[38;2;21;220;219;48;2;82;30;30m▗[38;2;10;69;69;48;2;21;181;180m╸[0m[38;2;15;175;174m▆[38;2;17;194;193m▄[0m [38;2;16;83;83m  [0m
 [38;2;0;0;0m   [7m[38;2;81;3;3m▇[38;2;127;7;7m▅[38;2;41;4;3m▄[0m[38;2;125;13;12;48;2;15;1;1m▁[38;2;10;1;0;48;2;48;4;3m▉[38;2;142;10;10;48;2;64;5;4m▚[38;2;2;3;3;48;2;32;161;160m▇[38;2;0;4;4;48;2;31;213;212m▆[38;2;0;0;0;48;2;22;203;202m▅[38;2;0;1;0;48;2;22;213;212m▅[38;2;3;17;16;48;2;34;228;227m▆[38;2;0;3;3;48;2;48;200;199m▆[38;2;0;0;0;48;2;0;4;4m┈[48;2;0;0;0m [38;2;11;246;245;48;2;11;77;76m▗[38;2;8;235;234;48;2;7;34;34m▆[38;2;17;238;237;48;2;12;79;79m▖[38;2;9;122;121;48;2;12;221;220m▏[38;2;9;244;243;48;2;5;32;32m▄[38;2;17;109;108;48;2;56;3;3m▖[38;2;153;6;6;48;2;36;1;1m▚[38;2;179;8;8;48;2;245;1;1m▘[38;2;199;8;7;48;2;251;0;0m▁ [38;2;251;0;0;48;2;250;0;0m┈[38;2;236;1;1;48;2;101;3;3m▇[38;2;227;3;3;48;2;101;4;4m▄[38;2;84;3;3;48;2;224;4;4m▄[38;2;209;4;3;48;2;58;2;2m▇[38;2;234;2;2;48;2;28;1;0m▅[38;2;233;4;3;48;2;36;1;1m▄[38;2;229;3;3;48;2;32;1;1m▄[38;2;243;2;2;48;2;50;1;1m▄[38;2;244;2;2;48;2;45;1;1m▅[38;2;192;12;12;48;2;59;2;2m▆[38;2;27;214;213;48;2;161;8;8m▂[38;2;22;94;93;48;2;207;4;4m▅[38;2;11;235;234;48;2;78;27;27m▅[38;2;9;239;238;48;2;3;13;13m▇[38;2;10;235;234;48;2;11;75;74m▄[38;2;9;55;54;48;2;12;212;211m▅[38;2;11;60;60;48;2;14;198;197m▂[38;2;11;80;79;48;2;16;193;192m┗[38;2;15;93;92;48;2;16;205;204m▖[0m[38;2;16;221;220m▖ [0m
 [38;2;0;0;0m      [38;2;133;7;7m▝[7m[38;2;112;6;5m▁[0m[38;2;1;0;0;48;2;7;1;0m┈[48;2;0;0;0m   [38;2;0;0;0;48;2;0;3;3m┈[38;2;15;193;193;48;2;4;22;22m▄[38;2;7;245;244;48;2;13;77;76m▆[38;2;7;247;246;48;2;21;163;163m▇[38;2;2;251;250;48;2;21;153;152m▇[38;2;0;252;251;48;2;7;244;243m╴[38;2;12;74;73;48;2;5;250;249m▄[38;2;18;188;187;48;2;12;70;69m▚[38;2;3;252;251;48;2;7;241;240m┊[38;2;3;251;250;48;2;47;218;217m▉[38;2;22;128;128;48;2;1;11;11m▏[38;2;218;9;8;48;2;68;4;4m▝[38;2;211;5;4;48;2;106;4;4m▚[38;2;100;4;4;48;2;242;2;2m▘[38;2;134;3;3;48;2;245;1;1m▗[38;2;41;2;1;48;2;243;2;2m▄[38;2;76;2;2;48;2;189;4;4m┳[38;2;231;7;7;48;2;245;2;1m╴[38;2;177;7;7;48;2;17;0;0m▌[38;2;91;4;4;48;2;13;0;0m▁[38;2;11;0;0;48;2;153;5;5m━[38;2;87;3;3;48;2;189;3;3m┒[38;2;98;4;4;48;2;241;1;1m▂[38;2;251;0;0;48;2;250;0;0m┊[0m[7m[38;2;184;5;5m▗[0m[38;2;25;84;84;48;2;15;219;218m▍[38;2;0;252;251;48;2;1;252;251m┈[38;2;3;248;247;48;2;16;168;167m▇[38;2;9;221;221;48;2;17;132;131m▅[38;2;13;92;91;48;2;10;229;228m▄[38;2;4;23;22;48;2;20;186;185m▂[38;2;13;225;224;48;2;15;94;93m▆[38;2;8;244;243;48;2;2;28;28m▆[38;2;5;249;248;48;2;19;142;142m▅[38;2;11;228;227;48;2;20;160;159m▇[0m[38;2;8;249;248m▘ [0m
 [38;2;0;0;0m       [0m   [7m[38;2;74;7;6m▂[0m[38;2;18;0;0;48;2;1;0;0m▏[38;2;2;8;8;48;2;18;81;80m▉[38;2;5;31;31;48;2;15;241;240m▄[38;2;15;90;89;48;2;14;194;193m┛[38;2;10;247;246;48;2;0;46;45m▆[38;2;10;237;236;48;2;17;114;113m▅[38;2;2;15;15;48;2;20;185;184m▗[38;2;11;69;68;48;2;20;203;202m▍[38;2;17;135;134;48;2;9;222;221m▗[38;2;18;104;104;48;2;6;241;240m▂[38;2;20;106;105;48;2;8;241;240m▂[38;2;22;223;222;48;2;16;89;88m╸[38;2;135;10;9;48;2;41;33;33m▝[38;2;14;0;0;48;2;227;5;5m▄[38;2;44;1;1;48;2;243;3;3m▄[38;2;194;8;7;48;2;10;0;0m▘[38;2;12;1;0;48;2;79;6;5m▉[38;2;41;1;1;48;2;232;6;6m▅[38;2;32;1;1;48;2;165;4;4m━[38;2;194;8;8;48;2;77;19;19m▖[38;2;16;205;204;48;2;134;14;13m▄[38;2;10;242;241;48;2;101;10;9m▅[38;2;16;198;198;48;2;125;28;27m▄[38;2;217;6;5;48;2;115;11;11m▚[38;2;134;7;7;48;2;214;6;6m▚[0m[38;2;91;6;5m▎[0m [7m[38;2;18;165;164m▅[38;2;9;222;221m▃[38;2;12;214;213m▂[0m[38;2;33;157;156;48;2;18;185;184m╵[38;2;9;245;244;48;2;4;25;24m▅[38;2;11;247;246;48;2;2;22;21m▄[38;2;10;248;247;48;2;11;60;59m▄[38;2;19;169;169;48;2;14;198;197m▁[0m[7m[38;2;22;185;185m▃[0m [38;2;0;0;0m [0m
 [38;2;0;0;0m           [38;2;20;160;160m▁[38;2;11;232;231;48;2;4;33;33m▃[38;2;6;244;243;48;2;14;113;113m▆[48;2;0;252;251m   [38;2;18;220;219;48;2;7;46;46m▋[38;2;5;25;25;48;2;14;215;214m▃[38;2;5;32;31;48;2;16;216;215m▃[38;2;0;10;9;48;2;17;196;195m▃[38;2;7;32;31;48;2;25;179;179m▃[38;2;0;12;12;48;2;22;200;199m▂[38;2;26;203;202;48;2;15;81;80m┙[38;2;0;0;0;48;2;1;2;2m┈[38;2;227;8;7;48;2;77;4;4m▝[38;2;40;0;0;48;2;221;4;4m▁[38;2;38;0;0;48;2;212;4;4m▁[38;2;26;0;0;48;2;222;4;4m▂[38;2;14;0;0;48;2;186;4;4m▄[38;2;15;22;22;48;2;23;215;214m▌[48;2;0;252;251m   [38;2;53;91;90;48;2;7;240;239m▝[38;2;16;210;209;48;2;166;21;21m▃[0m[7m[38;2;121;22;21m▝[0m [38;2;21;2;2m   [0m [7m[38;2;40;196;195m▇[38;2;10;158;157m▆[38;2;34;226;225m▇[0m [38;2;0;0;0m   [0m
 [38;2;0;0;0m     [0m [38;2;33;213;212m▁[38;2;19;236;235m▂[38;2;13;214;213m▄[38;2;8;239;238m▅[38;2;6;236;235m▇[38;2;0;252;251;48;2;25;238;237m▇[48;2;0;252;251m [48;2;6;247;246m┈[38;2;14;86;85;48;2;3;250;249m▂[38;2;2;17;16;48;2;9;231;230m▃[38;2;6;38;38;48;2;19;222;221m▆[38;2;21;212;211;48;2;5;24;24m▃[38;2;20;81;81;48;2;0;2;2m▁[48;2;0;0;0m          [38;2;20;175;174;48;2;2;11;11m▗[38;2;25;189;188;48;2;2;14;13m▖[38;2;2;18;18;48;2;15;211;210m▅[38;2;7;51;50;48;2;6;246;245m▃[38;2;24;119;118;48;2;4;248;247m▁[38;2;0;252;251;48;2;1;251;250m┈[48;2;0;252;251m [38;2;2;251;250;48;2;24;179;178m▇[0m[38;2;7;233;232m▆[38;2;10;237;236m▄[38;2;13;208;207m▃[38;2;22;240;239m▁[0m [38;2;0;0;0m       [0m
 [38;2;0;0;0m     [0m [7m[38;2;34;232;231m▇[38;2;30;228;227m▆[38;2;21;239;238m▆[38;2;16;241;240m▆[38;2;26;236;235m▆[38;2;22;202;201m▆[0m[38;2;187;8;8;48;2;30;46;45m▗[38;2;227;3;3;48;2;11;15;14m▅[38;2;171;5;5;48;2;10;0;0m▅[38;2;0;0;0;48;2;3;0;0m┊[48;2;1;7;6m┈[38;2;10;82;82;48;2;15;235;234m▖[38;2;10;243;242;48;2;18;155;154m▇[38;2;20;184;183;48;2;12;39;39m▖[38;2;159;7;7;48;2;21;81;80m▂[38;2;209;5;5;48;2;15;51;50m▃[38;2;244;3;3;48;2;25;1;1m▃[38;2;233;5;4;48;2;5;0;0m▄[38;2;219;4;3;48;2;4;0;0m▄[38;2;225;5;5;48;2;8;0;0m▃[38;2;192;7;7;48;2;13;40;39m▂[38;2;47;206;205;48;2;18;29;29m━[38;2;15;237;236;48;2;10;63;63m▅[38;2;16;134;133;48;2;10;241;240m▂[38;2;24;165;164;48;2;0;5;5m▘[38;2;0;0;0;48;2;1;0;0m┈[38;2;194;7;6;48;2;27;1;1m▗[38;2;226;3;3;48;2;10;3;3m▅[38;2;212;6;5;48;2;16;54;54m▄[38;2;15;120;119;48;2;20;57;57m╵[0m[7m[38;2;16;222;221m▅[38;2;12;244;243m▅[38;2;10;245;244m▅[38;2;14;243;242m▅[38;2;18;232;231m▅[38;2;25;235;234m▆[0m [38;2;2;11;10m      [0m
 [38;2;0;0;0m            [0m [7m[38;2;188;4;4m▄[38;2;238;2;2m▂[0m[38;2;211;3;3;48;2;106;4;4m▆[38;2;225;4;4;48;2;37;1;1m▅[38;2;228;4;4;48;2;35;7;7m▅[38;2;219;4;4;48;2;45;25;25m▆[38;2;87;1;1;48;2;219;4;4m▁[38;2;94;6;5;48;2;246;1;1m▃[38;2;93;4;4;48;2;239;3;3m▄[38;2;39;0;0;48;2;216;5;5m━[38;2;8;0;0;48;2;195;3;3m━[38;2;27;0;0;48;2;211;5;5m━[38;2;93;3;3;48;2;232;2;2m▄[38;2;159;10;9;48;2;245;1;1m▃[38;2;132;4;4;48;2;232;3;3m▁[38;2;241;3;3;48;2;64;55;54m▆[38;2;247;2;2;48;2;34;9;9m▅[48;2;41;2;2m▅[38;2;239;3;3;48;2;94;4;3m▆[0m[7m[38;2;242;2;2m▂[38;2;226;2;2m▄[38;2;113;4;4m▆[0m[38;2;3;0;0m              [0m
 [38;2;0;0;0m               [0m [38;2;127;8;7m▝[7m[38;2;182;5;5m▃[38;2;205;4;4m▁[0m[38;2;119;5;4;48;2;218;5;5m▃[38;2;135;5;5;48;2;213;4;4m┛[38;2;251;0;0;48;2;246;1;1m┈[48;2;251;0;0m   [48;2;239;2;2m┈[38;2;119;3;3;48;2;204;6;6m╲[38;2;101;3;2;48;2;220;4;4m▁[0m[7m[38;2;194;4;4m▁[38;2;170;9;9m▃[38;2;136;7;7m▆[38;2;67;3;3m▇[0m[38;2;0;0;0m                 [0m
 [38;2;0;0;0m                   [38;2;187;7;6m▝[7m[38;2;225;2;2m▂[0m[38;2;120;4;4;48;2;248;1;1m▁[38;2;187;7;7;48;2;251;0;0m▁[38;2;158;5;5;48;2;250;1;1m▁[38;2;186;7;7;48;2;250;0;0m▁[38;2;98;3;3;48;2;247;1;1m▁[0m[7m[38;2;214;3;3m▂[0m[38;2;66;4;4m▘                     [0m
 [38;2;0;0;0m                                                 [0m[u[0m [38;2;0;0;0m                              [38;2;148;9;8m▁[38;2;172;8;8m▅[0m [38;2;36;4;4m            [38;2;50;3;3m▁   [0m
 [38;2;0;0;0m                           [38;2;132;4;4m▃[38;2;222;3;3m▅[38;2;228;2;2m▇[38;2;146;8;7;48;2;236;4;4m▗[0m[38;2;188;7;7m▘[0m [38;2;0;0;0m      [38;2;119;8;7m▖     [7m[38;2;107;5;5m▉[0m[38;2;210;5;5m▆[38;2;211;5;4m▖ [0m
 [38;2;0;0;0m                          [38;2;187;6;6m▗[38;2;250;0;0;48;2;243;1;1m┊[38;2;251;0;0;48;2;248;0;0m▇▇[0m[38;2;171;7;7m▋[0m [38;2;0;0;0m      [38;2;208;5;5m▗[38;2;232;3;3;48;2;83;5;4m▊[0m [38;2;0;0;0m    [7m[38;2;171;5;5m▌[38;2;233;2;2m▗[0m[38;2;146;5;5m▘ [0m
 [38;2;0;0;0m [0m [38;2;0;0;0m╴[0m [38;2;0;0;0m          [38;2;102;5;5m▃[38;2;84;7;7m╼[0m [38;2;0;0;0m        [0m [7m[38;2;216;3;3m▎[0m[38;2;47;2;2;48;2;251;0;0m  [38;2;248;1;1;48;2;211;10;10m▉[0m[38;2;149;7;6m▏[38;2;172;7;7m┎[0m [38;2;51;4;4m   [0m [38;2;175;5;5m▄[38;2;87;4;4;48;2;230;3;2m▁[0m[7m[38;2;166;4;3m▃[0m [38;2;0;0;0m   [38;2;110;7;7m▗[7m[38;2;158;5;5m▄[0m [38;2;0;0;0m  [0m
 [38;2;0;0;0m  [7m[38;2;16;1;1m╴[0m[38;2;195;8;8;48;2;73;2;2m╴[0m [38;2;0;0;0m       [0m [7m[38;2;164;5;5m▘[0m[38;2;145;7;7m▘[0m [38;2;0;0;0m    [38;2;166;8;7m▗[38;2;118;7;7m▇[0m [38;2;0;0;0m  [38;2;195;5;4m▗[38;2;251;0;0;48;2;248;1;1m┊[48;2;251;0;0m   [38;2;248;1;1;48;2;217;6;6m▉[0m[38;2;142;5;5m▎[38;2;131;3;3m▁[38;2;188;5;4m▅[38;2;72;4;4m▏ [0m [7m[38;2;122;12;12m▆[0m [38;2;0;0;0m [38;2;76;4;4m▗[0m [38;2;0;0;0m  [0m [38;2;2;0;0m    [0m
 [38;2;0;0;0m [7m[38;2;32;2;1m▉[0m[38;2;30;1;1;48;2;221;2;2m▘[38;2;227;2;2;48;2;9;0;0m▊[0m [38;2;0;0;0m       [7m[38;2;199;5;5m▍[0m[38;2;77;2;2;48;2;233;3;3m▝[0m[38;2;65;4;4m▖  [0m [38;2;74;8;6m▁ [7m[38;2;120;5;5m▋[0m[38;2;239;3;3;48;2;229;3;3m┊[0m[38;2;222;4;4m▖[0m [38;2;159;3;3m▃[38;2;236;1;1;48;2;159;2;2m▇[48;2;251;0;0m     [38;2;80;4;4;48;2;223;3;3m▁[38;2;84;5;5;48;2;238;3;3m▖[38;2;204;4;4;48;2;57;1;1m▉[0m [38;2;0;0;0m [38;2;79;3;3m▁[38;2;170;5;5m▄[38;2;74;5;5m┛[38;2;147;5;5m▗[7m[38;2;148;6;6m▗[0m [38;2;17;0;0m     [0m  [0m
 [38;2;0;0;0m [0m [7m[38;2;78;2;2m╴[0m[38;2;105;2;2;48;2;221;1;1m▖[38;2;61;0;0;48;2;31;1;1m╴[0m[38;2;61;0;0m       [38;2;124;5;5m▝[7m[38;2;233;2;2m▃[0m[38;2;234;2;2;48;2;130;5;5m▇[0m[38;2;184;5;5m▄[0m [38;2;0;0;0m [7m[38;2;172;6;6m▍[0m[38;2;236;2;2m▅[38;2;238;1;1;48;2;122;6;6m▇[48;2;251;0;0m [38;2;251;0;0;48;2;250;0;0m┈[38;2;250;0;0;48;2;184;11;10m▇[48;2;251;0;0m      [0m[7m[38;2;206;4;4m▗[0m[38;2;112;7;7m▃[38;2;145;8;8m▝[38;2;67;4;4m▘ [38;2;177;6;6m▗[38;2;131;5;5;48;2;246;1;1m▘[38;2;82;4;3;48;2;235;3;2m▝[0m [7m[38;2;115;6;6m▃[0m [7m[38;2;156;10;10m▌[0m[38;2;203;4;4m▄[38;2;60;2;2m▂  [7m[38;2;82;4;4m▉[0m[38;2;146;7;7m▊[0m [0m
 [38;2;0;0;0m   [0m [7m[38;2;56;2;2m╴[0m[38;2;124;8;8m▗[38;2;109;6;6m▂     [38;2;52;6;6m╶[38;2;95;6;6m▃[38;2;194;7;6m▝[38;2;219;8;7;48;2;244;1;1m▏[38;2;19;1;1;48;2;170;4;4m▝[0m[38;2;129;8;8m▃[7m[38;2;176;5;5m▌[0m[38;2;246;0;0;48;2;247;0;0m▏[38;2;247;0;0;48;2;248;0;0m▇▇▇▇▇▇▇▇▇▇[38;2;226;3;3;48;2;85;4;4m▆[38;2;238;2;2;48;2;188;6;6m▇[0m[38;2;224;4;4m▃[38;2;209;4;4m▄[38;2;223;2;2m▆[38;2;247;0;0;48;2;243;1;1m┈[48;2;251;0;0m▆[48;2;248;0;0m┈[0m[38;2;201;5;4m▋ [0m [7m[38;2;203;6;5m▘[0m[38;2;248;0;0;48;2;246;0;0m┊[38;2;208;5;5;48;2;48;1;1m▊[0m [38;2;3;0;0m [7m[38;2;99;4;4m▋[0m[38;2;110;6;6;48;2;236;3;3m▝[0m [0m
[7m[38;2;100;7;6m▝[0m  [38;2;63;6;6m▁  [0m [7m[38;2;91;3;3m╴[0m[38;2;174;5;5m▇[38;2;217;4;3m▄[38;2;89;4;3m▂   [7m[38;2;72;6;6m▋[0m[38;2;9;0;0;48;2;58;3;2m┫[38;2;191;13;13;48;2;243;2;1m▎[38;2;238;2;2;48;2;190;4;4m▇[38;2;234;4;3;48;2;146;7;7m▊[38;2;43;0;0;48;2;210;5;5m▘[48;2;247;0;0m      [38;2;247;0;0;48;2;245;1;1m┈[38;2;203;4;4;48;2;244;1;1m▁[48;2;247;0;0m [38;2;247;0;0;48;2;246;0;0m┈[38;2;122;8;8;48;2;238;2;1m▁[38;2;97;4;4;48;2;235;3;3m▖[48;2;247;0;0m   [38;2;247;0;0;48;2;243;1;1m┈[48;2;244;1;1m┈[48;2;247;0;0m [48;2;246;0;0m▉[0m[38;2;198;5;4m▊[0m [38;2;117;6;6m▗[38;2;80;4;4;48;2;211;5;5m▁[0m[7m[38;2;213;4;4m▄[38;2;108;4;4m▇[0m[38;2;156;11;10m▖ [0m [7m[38;2;166;5;4m▖[38;2;207;5;4m▝[0m
[38;2;193;8;8m▝[7m[38;2;183;6;6m▝[0m[38;2;91;5;4m▖[7m[38;2;88;4;4m▖[38;2;127;7;7m▝[38;2;79;7;6m▌[0m[38;2;160;8;8m▃[38;2;117;6;6m▁[38;2;33;1;1m▝[38;2;40;1;1;48;2;210;5;5m▖[38;2;233;2;2;48;2;160;4;4m▇[0m[38;2;126;5;5m▖[38;2;165;10;10;48;2;43;4;3m▗[0m[38;2;100;6;5m▖[7m[38;2;196;7;7m▍[0m[38;2;229;4;3;48;2;74;3;2m▖[38;2;32;0;0;48;2;179;5;5m▖[38;2;247;0;0;48;2;246;0;0m┈▇[48;2;247;0;0m     [48;2;246;0;0m┈[38;2;86;4;3;48;2;236;1;1m▂[38;2;49;2;1;48;2;163;4;4m╼[38;2;84;3;3;48;2;216;8;7m▌[38;2;44;1;1;48;2;212;3;3m▗[38;2;32;1;1;48;2;151;5;5m━[38;2;226;3;3;48;2;49;2;2m▅[38;2;87;4;4;48;2;173;6;6m▚[38;2;220;8;8;48;2;245;1;1m▏[48;2;247;0;0m  [38;2;32;0;0;48;2;192;5;5m▗[38;2;190;6;6;48;2;31;1;1m▝[38;2;173;4;4;48;2;234;2;2m▏[48;2;247;0;0m [38;2;247;0;0;48;2;241;1;1m┈[0m[38;2;164;7;6m▄[38;2;193;6;6;48;2;127;6;6m▇[0m[38;2;54;2;2m▏[38;2;52;6;6m▂[7m[38;2;178;6;6m▍[0m[38;2;235;2;2;48;2;165;4;4m▇[0m[38;2;177;6;6m▖ [7m[38;2;25;0;0m▉[38;2;140;7;7m▃[0m
 [38;2;91;4;3m▝[7m[38;2;127;7;6m▃[0m[38;2;2;0;0m▏[38;2;21;0;0;48;2;155;6;6m▌[38;2;239;2;2;48;2;134;5;5m▆[38;2;164;8;7;48;2;245;1;1m▘[38;2;165;3;3;48;2;228;4;4m▁[0m[7m[38;2;144;6;6m▝[0m[38;2;105;5;5m▝[38;2;151;6;6;48;2;229;3;3m▏[0m[38;2;160;6;6m▋[7m[38;2;45;2;2m▉[0m[38;2;29;1;1;48;2;179;6;6m▖[38;2;111;5;5;48;2;242;2;2m▘[38;2;248;0;0;48;2;247;0;0m╴[38;2;243;2;1;48;2;118;4;4m▅[38;2;143;5;5;48;2;221;4;4m▘[38;2;245;1;1;48;2;248;0;0m╴[38;2;242;2;2;48;2;161;8;8m▊[38;2;46;1;1;48;2;229;2;2m▅[38;2;82;4;4;48;2;239;2;2m▃[38;2;85;4;4;48;2;230;3;3m▄[38;2;245;1;1;48;2;228;2;2m┊[38;2;66;1;1;48;2;171;7;6m┏[38;2;85;3;3;48;2;227;2;2m▘[38;2;248;0;0;48;2;247;0;0m┊[38;2;81;2;2;48;2;191;7;6m┗[38;2;60;2;2;48;2;212;4;4m▘[38;2;250;0;0;48;2;248;0;0m╴[38;2;249;0;0;48;2;247;0;0m▃[38;2;222;5;5;48;2;126;5;4m▍[38;2;216;8;8;48;2;242;2;2m▏[38;2;132;3;3;48;2;244;1;1m▁[38;2;248;0;0;48;2;244;3;3m▉[38;2;239;2;2;48;2;94;3;3m▆[38;2;246;1;1;48;2;87;3;3m▆[38;2;233;2;2;48;2;159;4;4m▇[38;2;251;0;0;48;2;247;0;0m▃[38;2;248;0;0;48;2;245;1;1m┊[38;2;115;6;6;48;2;198;6;5m┗[38;2;128;5;5;48;2;235;3;3m▖[0m[7m[38;2;155;4;4m▝[38;2;158;6;6m▖[0m[38;2;236;3;3;48;2;113;4;4m▆[38;2;247;1;1;48;2;248;0;0m▏[0m[38;2;210;6;5m▋   [0m
[38;2;167;4;4;48;2;35;2;2m▗[0m[38;2;105;4;4m╴ [0m [38;2;35;4;4m▂[7m[38;2;186;5;5m▄[38;2;207;2;2m▂[38;2;133;4;4m▗[0m[38;2;15;209;208;48;2;37;24;23m▗[38;2;16;209;208;48;2;30;8;8m▃[38;2;23;190;189;48;2;93;4;4m▅[38;2;15;140;139;48;2;98;29;28m▂[0m[38;2;14;238;237m▆[38;2;8;233;232;48;2;12;15;15m▆[38;2;20;174;173;48;2;126;16;16m▖[38;2;249;1;0;48;2;233;2;2m┊[38;2;251;0;0;48;2;250;0;0m┈[48;2;251;0;0m  [48;2;250;0;0m┈[38;2;237;2;2;48;2;92;3;3m▆[38;2;212;3;3;48;2;19;0;0m▄[38;2;57;2;2;48;2;206;10;10m▋[38;2;246;1;1;48;2;175;7;7m▇[38;2;242;1;1;48;2;182;6;5m▇[48;2;251;0;0m  [38;2;251;0;0;48;2;250;0;0m▇[48;2;251;0;0m  [38;2;96;3;3;48;2;234;3;3m▗[38;2;190;10;10;48;2;89;6;5m▝[38;2;227;4;4;48;2;103;4;4m▗[38;2;244;1;1;48;2;156;5;5m▇[48;2;251;0;0m  [38;2;250;0;0m▁[38;2;163;5;5;48;2;248;1;1m▁[38;2;35;1;1;48;2;240;2;2m▂[38;2;28;0;0;48;2;237;2;2m▂[38;2;251;0;0;48;2;236;3;2m┈[38;2;110;4;4;48;2;205;10;10m▊[0m[38;2;198;5;5m▊[38;2;157;7;7m▗[38;2;154;3;3;48;2;233;3;3m▏[0m[7m[38;2;178;3;3m▗[0m [38;2;38;1;1m   [0m
[38;2;50;2;2;48;2;232;2;2m▍[38;2;2;0;0;48;2;113;2;2m┊[0m  [38;2;33;1;1;48;2;193;9;8m▍[0m[7m[38;2;104;3;3m▝[0m [38;2;21;239;238;48;2;11;73;72m▗[38;2;10;73;73;48;2;12;239;238m▃[38;2;1;14;14;48;2;5;250;249m▄[38;2;0;10;10;48;2;6;249;248m▄[38;2;0;17;17;48;2;11;246;245m▄[38;2;12;82;82;48;2;2;251;250m▄[38;2;24;130;129;48;2;10;241;240m▃[38;2;22;118;117;48;2;16;231;230m▃[38;2;29;27;27;48;2;190;6;6m▌[38;2;244;2;2;48;2;196;9;8m▉[38;2;97;3;3;48;2;197;5;5m┓[38;2;144;6;6;48;2;224;5;5m▗[38;2;202;9;8;48;2;247;1;1m▏[48;2;251;0;0m  [38;2;189;4;4;48;2;242;2;2m╹[48;2;251;0;0m [38;2;171;6;6;48;2;247;1;1m▗[38;2;234;6;6;48;2;249;1;1m▏[38;2;117;4;4;48;2;218;3;3m▗[38;2;206;9;8;48;2;243;2;2m▏[48;2;251;0;0m [38;2;250;0;0;48;2;236;4;3m▉[38;2;164;9;8;48;2;49;2;1m▎[38;2;71;3;2;48;2;221;4;3m▘[38;2;251;0;0;48;2;249;0;0m┈[48;2;251;0;0m  [38;2;170;5;4;48;2;244;1;1m▁[38;2;33;1;1;48;2;203;3;3m▄[38;2;4;0;0;48;2;84;3;2m▇[48;2;0;0;0m  [38;2;21;1;1;48;2;171;7;7m▋[38;2;90;3;3;48;2;224;5;4m▝[0m[38;2;127;10;9m▊[38;2;102;4;4;48;2;233;4;4m▎[38;2;208;5;5;48;2;58;1;1m▋[0m[38;2;195;4;4m▅[38;2;193;6;5m▋   [0m
[38;2;53;1;1m▝[7m[38;2;147;4;4m▃[0m[38;2;37;2;2m╴[38;2;56;2;2m▂[38;2;61;2;2;48;2;226;4;4m▎[38;2;79;1;0;48;2;209;6;6m▝[38;2;88;4;4;48;2;210;6;6m▝[38;2;4;1;1;48;2;15;76;75m▇[38;2;28;118;117;48;2;11;55;55m▗[38;2;42;219;218;48;2;14;104;103m▁[38;2;18;186;185;48;2;0;5;5m▆[38;2;13;80;80;48;2;27;212;212m▌[38;2;21;110;109;48;2;18;205;204m┎[38;2;43;170;169;48;2;39;70;69m┺[38;2;32;145;144;48;2;78;38;37m┻[38;2;33;137;136;48;2;17;36;36m▗[38;2;10;10;10;48;2;178;4;4m▅[38;2;206;12;12;48;2;19;0;0m▘[38;2;21;0;0;48;2;190;6;6m▖[38;2;251;0;0;48;2;248;1;1m┈[38;2;164;6;6;48;2;247;1;1m▗[38;2;176;8;7;48;2;237;2;2m╴[38;2;196;3;2;48;2;242;1;1m▁[38;2;251;0;0;48;2;247;1;1m┈[38;2;201;9;9;48;2;67;2;2m▍[38;2;251;0;0;48;2;229;5;5m┊[38;2;109;4;4;48;2;215;8;8m▊[38;2;251;0;0;48;2;249;1;1m┊[48;2;251;0;0m  [38;2;241;2;1;48;2;100;3;3m▇[38;2;251;0;0;48;2;246;1;1m┈[48;2;251;0;0m [38;2;134;4;4;48;2;242;1;1m▁[38;2;49;2;2;48;2;222;3;2m▄[38;2;14;1;1;48;2;103;5;5m▇[48;2;0;0;0m    [38;2;8;0;0;48;2;132;5;5m▊[38;2;209;17;17;48;2;248;1;1m▏[38;2;241;2;2;48;2;175;8;7m▆[38;2;251;0;0;48;2;248;1;1m┊[38;2;210;8;8;48;2;133;6;5m▌[38;2;237;5;5;48;2;250;0;0m▎[0m[38;2;191;6;6m▋   [0m
 [38;2;0;0;0m [7m[38;2;58;4;4m▉[0m[38;2;122;7;6;48;2;179;10;10m┛[38;2;251;0;0;48;2;237;1;1m┈[48;2;248;0;0m▇[48;2;249;1;1m┈[38;2;6;0;0;48;2;163;5;4m▝[38;2;0;0;0;48;2;4;3;2m┈[38;2;0;5;4;48;2;18;178;177m▅[38;2;0;7;7;48;2;17;205;205m▃[38;2;3;29;29;48;2;25;145;144m▃[38;2;49;199;198;48;2;23;125;124m┖[38;2;43;104;103;48;2;150;9;9m▄[38;2;42;111;111;48;2;156;7;7m▃[38;2;123;6;5;48;2;24;124;123m▘[38;2;20;206;205;48;2;16;80;79m▃[38;2;0;0;0;48;2;1;10;10m┊[38;2;28;183;182;48;2;11;0;0m▂[38;2;7;7;7;48;2;182;4;4m▆[38;2;74;7;6;48;2;166;8;8m▋[38;2;93;1;1;48;2;213;3;3m─[38;2;101;4;4;48;2;199;4;4m┙[38;2;234;6;6;48;2;249;1;1m▏[38;2;118;4;4;48;2;246;1;1m▝[38;2;235;3;3;48;2;99;3;3m▂[38;2;70;3;3;48;2;177;6;6m▄[38;2;16;0;0;48;2;175;7;7m▂[38;2;38;0;0;48;2;242;3;3m▂[48;2;246;2;2m▂[38;2;17;0;0;48;2;234;2;2m▂[38;2;11;0;0;48;2;224;2;2m▃[38;2;12;0;0;48;2;202;4;4m▅[38;2;119;8;8;48;2;45;2;2m▗[38;2;13;1;1;48;2;139;7;7m▘[38;2;149;8;7;48;2;21;1;1m▘[48;2;0;0;0m   [38;2;0;0;0;48;2;5;0;0m┈[38;2;11;0;0;48;2;181;5;5m▘[38;2;194;5;5;48;2;246;1;1m▁[38;2;164;7;6;48;2;225;6;5m▖[38;2;251;0;0;48;2;249;0;0m┊[38;2;211;6;6;48;2;101;3;3m▌[0m[7m[38;2;231;4;4m▃[0m[38;2;97;6;6m▘   [0m
 [38;2;0;0;0m  [7m[38;2;161;5;5m▋[0m[38;2;250;0;0;48;2;245;1;1m┊[48;2;251;0;0m [38;2;249;1;1;48;2;206;10;10m▉[38;2;134;5;5;48;2;20;0;0m▘[38;2;26;199;198;48;2;2;15;15m▗[38;2;10;234;233;48;2;5;21;21m▅[38;2;2;23;22;48;2;18;183;182m▘[38;2;19;141;141;48;2;5;32;32m▌[38;2;10;74;73;48;2;33;187;186m▆[38;2;0;21;20;48;2;32;151;150m▁[38;2;27;158;157;48;2;5;69;68m▇[38;2;8;76;75;48;2;26;172;171m▁[38;2;5;32;31;48;2;17;223;222m▄[38;2;17;72;71;48;2;1;14;14m▏[38;2;6;37;37;48;2;20;239;238m▅[38;2;23;98;98;48;2;5;10;10m▏[38;2;21;2;2;48;2;192;7;7m▅[38;2;38;2;2;48;2;170;6;5m▃[38;2;23;1;1;48;2;236;2;1m▃[38;2;86;3;3;48;2;245;1;1m▃[38;2;251;0;0;48;2;249;0;0m┊[48;2;248;0;0m▉[38;2;189;6;6;48;2;233;5;4m▂[38;2;191;8;8;48;2;125;6;6m▇[38;2;154;9;8;48;2;49;3;3m▆[38;2;149;9;9;48;2;9;0;0m▅[38;2;162;10;10;48;2;13;1;0m▃[38;2;176;13;12;48;2;8;0;0m▂[38;2;204;13;13;48;2;12;0;0m▁[38;2;170;11;11;48;2;3;0;0m▁[38;2;165;10;10;48;2;1;0;0m▁[38;2;168;10;10;48;2;2;0;0m▁[38;2;216;10;9;48;2;13;0;0m▁[38;2;228;5;4;48;2;19;1;1m▂[38;2;206;6;6;48;2;23;1;1m▄[38;2;193;5;5;48;2;83;5;5m▇[38;2;146;5;4;48;2;229;3;3m╼[38;2;221;3;3;48;2;173;7;7m▆[38;2;251;0;0;48;2;236;1;1m┈[48;2;242;1;1m╴[0m[38;2;195;7;7m▘     [0m
 [38;2;0;0;0m  [0m [38;2;115;7;7m▂[7m[38;2;225;3;3m▄[0m[38;2;63;2;2;48;2;219;5;4m▂[38;2;186;8;8;48;2;38;2;2m▖[38;2;21;189;188;48;2;8;46;46m┗[38;2;17;95;94;48;2;18;200;199m▁[38;2;13;185;184;48;2;22;196;195m┊[38;2;10;68;67;48;2;20;193;192m▂[38;2;21;124;123;48;2;21;208;207m╾[38;2;18;206;205;48;2;0;34;33m▇[38;2;14;214;213;48;2;0;2;2m▇[38;2;13;211;210;48;2;0;3;3m▇[38;2;12;208;207;48;2;0;24;23m▇[38;2;0;2;2;48;2;11;220;219m▁[38;2;1;18;18;48;2;12;239;238m▂[38;2;30;201;200;48;2;3;16;16m▘[38;2;16;197;196;48;2;7;53;52m▄[38;2;27;202;201;48;2;5;29;29m▍[38;2;174;9;9;48;2;46;3;3m▝[38;2;38;2;2;48;2;111;7;6m▊[38;2;81;2;2;48;2;166;5;5m┻[38;2;179;5;5;48;2;242;2;2m▏[38;2;251;0;0;48;2;249;0;0m┈[38;2;91;3;3;48;2;227;3;3m▝[38;2;61;2;2;48;2;183;5;5m━[38;2;54;2;2;48;2;172;5;5m▂[38;2;81;1;1;48;2;194;7;7m╺[38;2;118;4;4;48;2;191;5;5m▃[38;2;43;0;0;48;2;198;5;5m▁[38;2;167;9;9;48;2;212;5;4m▁[38;2;244;2;2;48;2;180;7;7m▅[38;2;246;2;1;48;2;189;6;5m▅[38;2;241;3;3;48;2;180;6;6m▅[38;2;219;4;4;48;2;153;7;6m▆[38;2;62;2;2;48;2;217;4;4m▂[38;2;61;2;2;48;2;239;3;2m▄[38;2;46;1;1;48;2;185;5;4m━[38;2;230;3;3;48;2;97;3;3m▅[38;2;72;2;2;48;2;225;3;3m▂[38;2;21;173;172;48;2;98;15;15m▃[38;2;0;27;26;48;2;20;171;170m╴[0m[38;2;15;175;174m▆[38;2;14;215;214m▃[0m [38;2;12;73;72m  [0m
 [38;2;0;0;0m   [7m[38;2;96;5;4m▇[38;2;130;8;7m▅[38;2;40;3;3m▄[0m[38;2;111;9;8;48;2;16;2;1m▁[38;2;0;0;0;48;2;15;1;1m┈[38;2;171;11;11;48;2;79;7;6m┓[38;2;2;5;5;48;2;32;168;168m▇[38;2;0;7;7;48;2;35;216;215m▆[38;2;0;0;0;48;2;23;203;202m▅[38;2;0;1;1;48;2;21;215;214m▅[38;2;0;0;0;48;2;28;188;187m▅[38;2;0;5;5;48;2;41;190;189m▆[38;2;0;0;0;48;2;0;4;4m┈[48;2;0;0;0m [38;2;11;246;245;48;2;10;74;73m▗[38;2;9;232;231;48;2;5;29;28m▆[38;2;16;236;235;48;2;12;80;79m▖[38;2;9;123;122;48;2;13;220;219m▏[38;2;9;240;239;48;2;4;28;28m▄[38;2;17;106;106;48;2;57;4;3m▖[38;2;192;7;7;48;2;60;2;2m▘[38;2;180;5;5;48;2;244;2;2m▎[38;2;204;9;9;48;2;251;0;0m▁ [38;2;251;0;0;48;2;250;0;0m┈[38;2;246;1;1;48;2;128;5;5m▆[38;2;223;3;3;48;2;103;4;4m▄[38;2;87;3;3;48;2;227;4;3m▄[38;2;220;3;3;48;2;91;4;4m▆[38;2;229;2;2;48;2;32;1;1m▅[38;2;227;4;4;48;2;39;1;1m▄[38;2;223;3;3;48;2;41;1;1m▄[38;2;240;2;2;48;2;48;1;1m▄[38;2;242;2;2;48;2;42;1;1m▅[38;2;193;10;10;48;2;53;2;2m▆[38;2;26;200;199;48;2;162;7;7m▂[38;2;22;88;87;48;2;212;4;3m▅[38;2;9;230;229;48;2;85;21;21m▅[38;2;5;249;248;48;2;18;79;78m▆[38;2;10;231;230;48;2;12;76;75m▄[38;2;8;55;55;48;2;14;216;215m▅[38;2;11;67;67;48;2;14;197;196m▂[38;2;12;78;77;48;2;16;193;192m┗[38;2;17;94;94;48;2;16;201;200m▖[0m[38;2;16;216;215m▖ [0m
 [38;2;0;0;0m      [38;2;135;7;7m▝[7m[38;2;111;6;6m▁[0m[38;2;1;0;0;48;2;8;1;1m┈[48;2;0;0;0m   [38;2;0;0;0;48;2;0;3;2m┈[38;2;15;189;188;48;2;3;18;17m▄[38;2;7;244;243;48;2;11;67;66m▆[38;2;8;247;246;48;2;32;135;135m▇[38;2;3;251;250;48;2;28;130;129m▇[38;2;0;252;251;48;2;7;245;244m╴[38;2;13;74;73;48;2;4;250;249m▄[38;2;18;187;186;48;2;11;69;68m▚[38;2;3;252;251;48;2;7;241;240m┊[38;2;3;251;250;48;2;47;218;217m▉[38;2;22;126;126;48;2;1;11;10m▏[38;2;220;8;7;48;2;65;4;4m▝[38;2;210;5;4;48;2;105;4;4m▚[38;2;97;4;3;48;2;241;2;2m▘[38;2;138;3;3;48;2;245;1;1m▗[38;2;19;0;0;48;2;222;3;3m▃[38;2;49;2;1;48;2;186;4;4m▖[38;2;228;7;7;48;2;245;1;1m╴[38;2;179;7;7;48;2;18;0;0m▌[38;2;83;4;3;48;2;14;0;0m▁[38;2;15;0;0;48;2;151;5;5m━[38;2;104;4;3;48;2;239;2;2m▄[38;2;109;4;4;48;2;242;1;1m▂[38;2;251;0;0;48;2;250;0;0m┊[0m[7m[38;2;187;6;5m▗[0m[38;2;27;85;85;48;2;13;217;216m▍[38;2;0;252;251;48;2;1;252;251m┈[38;2;4;248;247;48;2;20;165;164m▇[38;2;19;113;112;48;2;12;204;203m┕[38;2;12;91;91;48;2;10;231;230m▄[38;2;5;31;30;48;2;20;189;188m▂[38;2;13;226;225;48;2;19;98;97m▆[38;2;8;241;240;48;2;3;26;25m▆[38;2;7;249;248;48;2;19;145;144m▅[38;2;17;192;191;48;2;12;222;221m╹[0m[38;2;16;171;170m▋ [0m
 [38;2;0;0;0m       [0m   [38;2;127;7;7;48;2;53;4;3m┈[38;2;19;0;0;48;2;1;0;0m▏[38;2;1;9;9;48;2;17;85;84m▉[38;2;6;35;35;48;2;14;242;241m▄[38;2;17;93;92;48;2;15;192;191m┛[38;2;9;244;243;48;2;2;57;56m▆[38;2;10;235;234;48;2;16;120;119m▅[38;2;1;15;14;48;2;21;185;184m▗[38;2;9;67;66;48;2;21;199;198m▍[38;2;18;135;134;48;2;10;222;221m▗[38;2;20;107;107;48;2;6;244;243m▂[38;2;22;108;107;48;2;7;242;241m▂[38;2;22;217;216;48;2;15;83;82m╸[38;2;22;87;87;48;2;73;16;16m▁[38;2;16;0;0;48;2;229;4;4m▄[38;2;49;2;1;48;2;244;3;3m▄[38;2;196;7;7;48;2;10;0;0m▘[38;2;12;0;0;48;2;83;5;4m▉[38;2;42;1;1;48;2;233;6;6m▅[38;2;30;0;0;48;2;165;5;5m━[38;2;198;8;8;48;2;74;18;17m▖[38;2;17;200;199;48;2;134;12;12m▄[38;2;9;235;234;48;2;109;8;8m▅[38;2;16;194;193;48;2;130;23;22m▄[38;2;216;6;5;48;2;115;11;11m▚[38;2;134;6;6;48;2;211;6;6m▚[0m[38;2;95;5;5m▎[0m [7m[38;2;15;173;172m▅[38;2;9;224;223m▃[38;2;11;216;215m▂[0m[38;2;17;136;135;48;2;19;193;192m╱[38;2;9;241;240;48;2;3;19;19m▅[38;2;11;242;241;48;2;1;19;19m▄[38;2;10;242;241;48;2;10;63;63m▄[38;2;21;128;127;48;2;13;219;218m▘[0m[7m[38;2;19;171;170m▂[0m [38;2;0;0;0m [0m
 [38;2;0;0;0m           [38;2;19;146;145m▁[38;2;12;229;228;48;2;3;27;27m▃[38;2;12;102;102;48;2;6;241;240m▘[48;2;0;252;251m   [38;2;17;221;220;48;2;7;46;46m▋[38;2;5;26;25;48;2;14;214;213m▃[38;2;7;35;34;48;2;16;216;215m▃[38;2;0;22;21;48;2;17;196;195m▃[38;2;0;4;4;48;2;24;165;164m▂[38;2;0;21;20;48;2;22;199;198m▂[38;2;26;200;199;48;2;16;84;83m┙[38;2;0;0;0;48;2;1;2;2m┈[38;2;224;7;6;48;2;80;4;4m▝[38;2;49;0;0;48;2;219;4;4m▁[38;2;54;0;0;48;2;211;4;4m▁[38;2;33;1;1;48;2;224;4;4m▂[38;2;15;0;0;48;2;189;4;4m▄[38;2;16;23;22;48;2;24;218;217m▌[48;2;0;252;251m   [38;2;59;88;88;48;2;8;237;236m▝[38;2;16;201;200;48;2;171;17;17m▃[0m[7m[38;2;120;19;18m▝[0m [38;2;22;2;2m   [0m [7m[38;2;39;212;211m▇[38;2;17;172;171m▆[38;2;28;231;230m▇[0m [38;2;0;0;0m   [0m
 [38;2;0;0;0m     [0m [38;2;38;197;196m▁[38;2;18;230;229m▂[38;2;9;246;245m▃[38;2;8;236;235m▅[38;2;3;249;248m▆[38;2;0;252;251;48;2;3;249;248m┈[48;2;0;252;251m [48;2;5;247;246m┈[38;2;0;27;27;48;2;6;239;238m▁[38;2;4;21;21;48;2;9;234;233m▃[38;2;6;39;38;48;2;16;227;226m▆[38;2;21;209;208;48;2;5;23;23m▃[38;2;0;0;0;48;2;2;10;10m┈[48;2;0;0;0m          [38;2;20;174;173;48;2;2;11;11m▗[38;2;25;186;185;48;2;1;12;12m▖[38;2;3;23;23;48;2;16;219;218m▅[38;2;9;54;54;48;2;5;248;247m▃[38;2;24;139;138;48;2;3;250;249m▁[38;2;0;252;251;48;2;1;252;251m┈[48;2;0;252;251m [38;2;3;251;250;48;2;22;172;171m▇[0m[38;2;7;230;229m▆[38;2;8;232;232m▄[38;2;11;245;244m▂[38;2;28;225;224m▁[0m [38;2;0;0;0m       [0m
 [38;2;0;0;0m     [0m [7m[38;2;22;151;150m▆[38;2;27;235;234m▆[38;2;15;241;240m▆[38;2;10;175;174m▅[38;2;20;239;238m▆[38;2;27;213;212m▆[0m[38;2;188;7;7;48;2;28;48;48m▗[38;2;223;3;3;48;2;10;22;21m▅[38;2;170;5;5;48;2;10;0;0m▅[38;2;0;0;0;48;2;3;0;0m┊[48;2;1;7;7m┈[38;2;10;82;82;48;2;14;235;234m▖[38;2;8;241;240;48;2;19;139;138m▇[38;2;19;185;184;48;2;12;39;39m▖[38;2;148;7;7;48;2;17;77;77m▂[38;2;200;5;5;48;2;14;51;50m▃[38;2;242;3;3;48;2;20;0;0m▃[38;2;221;4;4;48;2;5;0;0m▄[38;2;245;2;2;48;2;25;1;1m▃[38;2;221;5;5;48;2;7;0;0m▃[38;2;187;7;7;48;2;11;41;40m▂[38;2;39;202;201;48;2;15;31;30m━[38;2;14;237;236;48;2;8;54;53m▅[38;2;20;117;117;48;2;10;231;230m▁[38;2;20;166;166;48;2;0;5;5m▘[48;2;0;0;0m [38;2;192;7;7;48;2;22;2;1m▗[38;2;222;3;3;48;2;7;7;7m▅[38;2;209;5;5;48;2;14;59;59m▄[38;2;32;0;0;48;2;18;68;67m╴[0m[7m[38;2;16;226;225m▅[38;2;10;245;244m▅▅▅[38;2;14;239;238m▅[38;2;20;180;179m▅[0m [38;2;0;0;0m      [0m
 [38;2;0;0;0m            [0m [7m[38;2;190;4;3m▄[38;2;240;2;2m▂[0m[38;2;213;3;3;48;2;102;3;3m▆[38;2;227;4;4;48;2;30;1;1m▅[38;2;232;4;4;48;2;29;10;10m▅[38;2;219;4;4;48;2;37;36;35m▆[38;2;82;0;0;48;2;216;4;4m▁[38;2;67;4;4;48;2;232;3;3m▂[38;2;91;3;3;48;2;241;2;2m▄[38;2;44;0;0;48;2;215;5;5m━[38;2;10;0;0;48;2;193;4;4m━[38;2;30;0;0;48;2;210;5;5m━[38;2;90;3;3;48;2;237;3;3m▄[38;2;155;9;9;48;2;246;1;1m▃[38;2;135;6;6;48;2;233;3;3m▁[38;2;240;3;3;48;2;56;64;64m▆[38;2;246;2;2;48;2;29;9;9m▅[48;2;34;1;1m▅[38;2;240;2;2;48;2;81;4;4m▆[0m[7m[38;2;242;2;2m▂[38;2;230;2;2m▄[38;2;120;3;3m▆[0m[38;2;4;0;0m              [0m
 [38;2;0;0;0m               [0m [38;2;124;7;7m▝[7m[38;2;180;5;5m▃[38;2;206;4;3m▁[0m[38;2;122;5;5;48;2;218;5;5m▃[38;2;133;5;5;48;2;211;4;4m┛[38;2;251;0;0;48;2;245;1;1m┈[48;2;251;0;0m   [48;2;238;1;1m╴[38;2;156;7;6;48;2;228;5;5m▚[38;2;108;8;8;48;2;218;4;4m▁[0m[7m[38;2;195;4;4m▁[38;2;170;8;8m▃[38;2;143;7;7m▆[38;2;78;3;3m▇[0m[38;2;0;0;0m                 [0m
 [38;2;0;0;0m                   [38;2;191;7;7m▝[7m[38;2;227;2;2m▂[0m[38;2;135;8;8;48;2;249;1;1m▁[38;2;202;9;8;48;2;251;0;0m▁[38;2;169;7;7;48;2;250;0;0m▁[38;2;203;9;8;48;2;251;0;0m▁[38;2;106;5;5;48;2;247;1;1m▁[0m[7m[38;2;217;3;3m▂[0m[38;2;69;4;4m▘                     [0m
 [38;2;0;0;0m                     [0m     [38;2;0;0;0m                       [0m[u[0m [38;2;0;0;0m                              [38;2;80;4;4m▁[38;2;162;9;8m▄[0m [38;2;38;4;4m            [0m [38;2;0;0;0m   [0m
 [38;2;0;0;0m                           [38;2;117;5;4m▗[38;2;224;5;4m▄[38;2;223;6;6m▆[38;2;43;2;2;48;2;195;7;7m▂[0m[7m[38;2;142;7;7m▅[0m [38;2;0;0;0m      [38;2;96;6;6m▃     [7m[38;2;135;7;7m▎[0m[38;2;222;5;5m▄[0m [38;2;77;4;4m [0m
 [38;2;0;0;0m                          [38;2;181;6;5m▗[38;2;243;1;1;48;2;232;2;2m┈[38;2;246;0;0;48;2;243;2;1m▄[38;2;202;9;9;48;2;65;1;1m▋[0m [38;2;13;0;0m       [38;2;178;6;6m▗[38;2;241;3;2;48;2;197;5;4m┊[0m[38;2;28;0;0m▏   [7m[38;2;15;0;0m▉[0m[38;2;99;3;2;48;2;219;8;7m▍[38;2;119;3;3;48;2;224;3;2m▁[0m[38;2;151;7;6m▘ [0m
 [38;2;0;0;0m [0m [38;2;0;0;0m╴[0m [38;2;0;0;0m          [38;2;123;7;7m▗[38;2;97;5;5m▖[0m [38;2;0;0;0m         [7m[38;2;208;4;4m▎[0m[38;2;15;0;0;48;2;251;0;0m  [38;2;160;7;7;48;2;244;2;2m▝[0m[38;2;105;4;4m▁[38;2;167;6;5m▂[38;2;135;9;9m╸   [0m [7m[38;2;170;6;6m▘[0m[38;2;75;3;3;48;2;232;3;3m▂[0m[7m[38;2;168;4;4m▄[0m [38;2;0;0;0m   [7m[38;2;48;2;2m▊[38;2;162;8;8m▗[0m [38;2;6;0;0m  [0m
 [38;2;0;0;0m  [0m [38;2;197;6;5;48;2;71;3;3m┏[0m[38;2;2;0;0m╴        [38;2;223;4;4m▗[7m[38;2;119;5;5m▗[0m [38;2;0;0;0m    [38;2;130;7;7m▗[38;2;197;9;8;48;2;62;4;4m▖[0m [38;2;0;0;0m  [0m [38;2;141;5;5;48;2;244;2;2m▎[48;2;251;0;0m   [38;2;251;0;0;48;2;229;8;8m▇[0m[38;2;213;5;5m▌[0m [38;2;171;3;3m▄[38;2;99;4;4m▍ [0m [7m[38;2;114;7;7m▇[0m [38;2;0;0;0m [0m [38;2;82;6;6m▖       [0m
 [38;2;0;0;0m [0m [38;2;23;2;2;48;2;213;2;1m▘[38;2;241;2;2;48;2;52;2;2m▊[0m[38;2;0;0;0m╴       [7m[38;2;139;5;5m▊[0m[38;2;240;2;2;48;2;178;8;8m▉[0m[38;2;66;2;2m▍   [38;2;74;8;7m▁ [7m[38;2;118;6;5m▊[0m[38;2;238;3;3;48;2;225;4;4m┊[0m[38;2;230;3;3m▖[0m [38;2;107;3;3m▂[7m[38;2;221;2;2m▘[0m[38;2;24;1;1;48;2;251;0;0m     [38;2;251;0;0;48;2;216;3;3m╴[38;2;104;2;2;48;2;226;3;3m▖[38;2;231;3;3;48;2;117;6;5m▉[0m[38;2;69;1;1m▏ [0m [38;2;172;6;6m▄[38;2;184;11;10m╸[0m [7m[38;2;145;5;5m▘[0m[38;2;134;5;5m▘     [0m  [0m
 [38;2;0;0;0m [0m [38;2;0;0;0;48;2;112;2;1m╴[38;2;134;3;3;48;2;220;1;1m▂[38;2;66;3;3;48;2;38;1;1m╴[0m[38;2;66;3;3m       [38;2;85;3;3m▝[7m[38;2;233;2;2m▖[0m[38;2;98;4;4;48;2;242;2;2m▝[0m[38;2;139;4;4m▃[0m [38;2;0;0;0m [7m[38;2;170;7;7m▌[0m[38;2;232;2;1m▅[38;2;106;3;3;48;2;242;1;1m▘[48;2;251;0;0m  [38;2;250;0;0;48;2;144;6;5m▇[38;2;251;0;0;48;2;249;0;0m┈[48;2;251;0;0m    [48;2;250;0;0m┈[0m[7m[38;2;184;5;5m▗[0m[38;2;129;7;6m▂[38;2;138;11;10m▝[38;2;127;5;5m▘ [38;2;143;5;5m▗[38;2;88;3;3;48;2;240;2;2m▘[38;2;244;2;2;48;2;146;5;5m▊[0m[38;2;68;3;3m▏[38;2;177;10;10m▝[0m [7m[38;2;174;10;9m▌[0m[38;2;183;4;4m▃[0m [38;2;0;0;0m  [0m [38;2;75;3;3;48;2;171;9;9m▚[0m [0m
 [38;2;0;0;0m   [0m [7m[38;2;64;2;2m╴[0m[38;2;111;7;7m▗[38;2;93;6;6m▂     [38;2;38;4;4m╶[38;2;109;7;7m▂[7m[38;2;163;5;4m▖[0m[38;2;250;0;0;48;2;244;1;1m┈[0m[7m[38;2;140;4;4m▝[0m[38;2;133;7;7m▃[7m[38;2;166;8;8m▋[0m[38;2;244;2;2;48;2;251;0;0m▏         [38;2;250;0;0;48;2;232;7;7m▉[38;2;236;2;2;48;2;70;3;3m▅[38;2;242;2;2;48;2;189;7;6m▇[0m[38;2;209;4;4m▃[38;2;225;3;3m▃[38;2;235;2;2m▅[38;2;251;0;0;48;2;243;1;1m┈[48;2;251;0;0m [48;2;250;0;0m┈[0m[38;2;192;6;6m▌ [7m[38;2;56;1;1m▉[0m[38;2;75;3;3;48;2;231;5;4m▘[38;2;251;0;0;48;2;250;0;0m┈[0m[38;2;183;7;6m▋  [7m[38;2;84;3;3m▊[0m[38;2;225;4;4;48;2;126;4;4m▉[0m [0m
[38;2;107;6;6m▅[0m [38;2;38;3;3m▁[38;2;52;1;1m▁  [0m [7m[38;2;178;6;5m▄[0m[38;2;194;4;4m▆[38;2;179;4;4m▄[38;2;68;4;3m▁   [38;2;79;5;5m▝[38;2;27;1;1;48;2;102;4;4m▊[38;2;193;13;13;48;2;243;2;2m▏[38;2;238;2;2;48;2;186;4;4m▇[38;2;233;4;4;48;2;142;6;6m▊[38;2;41;0;0;48;2;212;4;4m▘[38;2;247;0;0;48;2;249;0;0m▇[48;2;251;0;0m▇▇▇▇▇[38;2;248;0;0;48;2;246;0;0m┊[38;2;206;4;4;48;2;246;1;1m▁[38;2;247;0;0;48;2;251;0;0m▇[38;2;248;0;0;48;2;247;0;0m┊[38;2;124;6;6;48;2;238;2;2m▁[38;2;114;5;5;48;2;241;2;2m▖[38;2;247;0;0;48;2;251;0;0m▇▇▇[38;2;225;6;6;48;2;247;0;0m▁[38;2;248;0;0m┊[38;2;247;0;0;48;2;251;0;0m▇[48;2;248;0;0m▇[0m[38;2;182;5;5m▋[0m [7m[38;2;132;5;5m▊[0m[38;2;80;4;4;48;2;214;4;4m▁[0m[7m[38;2;208;4;4m▄[38;2;82;4;3m▇[0m[38;2;148;12;11m▖ [0m [7m[38;2;183;5;4m▖[0m[38;2;203;5;5m▋[0m
[38;2;193;8;8m▝[7m[38;2;182;6;5m▝[0m[38;2;66;2;2m▖[7m[38;2;103;6;6m▖[0m[38;2;150;7;7m▄[38;2;109;8;7;48;2;35;2;2m┗[0m[38;2;151;8;7m▃[38;2;94;3;3m▁[38;2;71;3;3m▝[38;2;60;2;2;48;2;226;4;4m▖[38;2;225;2;2;48;2;129;4;4m▇[0m[38;2;120;6;5m▖[38;2;155;10;9;48;2;39;3;3m▗[0m[38;2;107;5;5m▖[7m[38;2;192;7;7m▍[0m[38;2;225;4;4;48;2;62;2;2m▖[38;2;44;1;1;48;2;202;5;5m▖[38;2;247;0;0;48;2;246;0;0m┈▇[48;2;247;0;0m     [48;2;246;0;0m┈[38;2;101;4;4;48;2;238;1;1m▂[38;2;105;4;3;48;2;210;3;3m▅[38;2;81;3;3;48;2;213;7;7m▌[38;2;52;1;1;48;2;218;3;3m▗[38;2;32;1;1;48;2;154;5;5m━[38;2;225;3;3;48;2;49;2;2m▅[38;2;95;5;4;48;2;175;7;7m▚[38;2;234;6;6;48;2;246;0;0m▏[48;2;247;0;0m  [38;2;214;5;5;48;2;62;2;2m▌[38;2;35;1;1;48;2;185;4;4m▅[38;2;246;0;0;48;2;232;2;2m┊[48;2;247;0;0m [38;2;247;0;0;48;2;241;1;1m┈[0m[38;2;150;6;5m▅[38;2;197;6;6;48;2;123;5;5m▇[0m[38;2;72;2;2m▏[38;2;45;5;5m▂[7m[38;2;179;6;6m▎[0m[38;2;228;2;2;48;2;142;3;3m▉[0m[38;2;147;6;6m▖ [7m[38;2;37;1;0m▊[38;2;134;8;7m▃[0m
 [38;2;113;4;4m▝[7m[38;2;116;6;6m▃[0m [7m[38;2;125;5;4m▖[0m[38;2;238;2;2;48;2;127;4;3m▆[38;2;160;8;8;48;2;244;1;1m▘[38;2;174;4;4;48;2;226;4;4m▁[0m[7m[38;2;143;6;6m▝[0m[38;2;114;5;5m▝[38;2;153;5;5;48;2;230;3;2m▏[0m[38;2;167;6;6m▋[7m[38;2;42;1;1m▉[0m[38;2;34;1;1;48;2;179;7;6m▖[38;2;101;5;5;48;2;241;2;2m▘[38;2;247;0;0;48;2;245;1;1m┈[38;2;236;2;2;48;2;105;3;3m▅[38;2;107;3;3;48;2;220;5;5m╸[38;2;246;1;1;48;2;247;0;0m┈[38;2;234;3;3;48;2;151;5;5m▉[38;2;33;1;1;48;2;208;4;4m▄[38;2;53;2;2;48;2;226;3;3m▂[38;2;92;5;5;48;2;234;3;3m▄[38;2;176;6;5;48;2;238;1;1m▁[38;2;61;1;1;48;2;175;6;6m┏[38;2;233;2;2;48;2;100;3;3m▅[38;2;247;0;0;48;2;244;1;1m┈[38;2;62;1;1;48;2;188;7;6m┕[38;2;65;3;3;48;2;206;4;4m▘[38;2;248;0;0;48;2;246;0;0m╴[48;2;247;0;0m [38;2;213;7;7;48;2;125;5;5m▍[38;2;227;10;10;48;2;244;1;1m▏[38;2;155;6;6;48;2;246;1;0m▁[38;2;247;0;0;48;2;242;3;3m▉[38;2;234;3;2;48;2;87;3;3m▆[38;2;243;2;2;48;2;69;2;2m▆[38;2;229;2;2;48;2;164;4;4m▇[48;2;247;0;0m [38;2;247;0;0;48;2;244;1;1m┈[38;2;115;4;4;48;2;200;6;6m▝[38;2;127;5;5;48;2;234;4;4m▖[0m[7m[38;2;148;4;3m▝[38;2;166;6;6m▖[0m[38;2;234;3;3;48;2;127;4;4m▆[38;2;246;0;0;48;2;247;0;0m▏[0m[38;2;210;5;5m▋   [0m
[38;2;155;5;5;48;2;31;1;1m▗[0m[38;2;162;3;3m▖ [0m [38;2;51;5;4m▁[7m[38;2;158;4;4m▃[38;2;210;3;2m▂[38;2;146;5;4m▗[0m[38;2;16;197;196;48;2;41;21;21m▗[38;2;16;189;188;48;2;32;5;5m▃[38;2;22;203;202;48;2;83;22;22m▄[38;2;12;124;123;48;2;102;24;23m▂[0m[38;2;13;229;228m▆[38;2;10;224;223m▆[38;2;20;172;171;48;2;134;15;14m▖[38;2;249;0;0;48;2;235;1;1m┊[38;2;250;0;0;48;2;247;0;0m▇[38;2;251;0;0m▇▇[48;2;250;0;0m┈[38;2;235;2;2;48;2;94;4;4m▆[38;2;206;4;4;48;2;17;0;0m▄[38;2;56;2;2;48;2;200;12;12m▋[38;2;243;2;2;48;2;172;5;5m▇[38;2;239;2;2;48;2;176;6;6m▇[38;2;251;0;0;48;2;247;0;0m▇▇▇▇▇[38;2;106;4;4;48;2;236;3;3m▗[38;2;187;10;10;48;2;92;7;6m▝[38;2;179;5;5;48;2;81;3;3m▚[38;2;238;2;2;48;2;136;5;5m▇[38;2;251;0;0;48;2;247;0;0m▇▇▇[38;2;182;5;5;48;2;248;1;1m▁[38;2;52;2;1;48;2;241;2;2m▂[38;2;41;1;1;48;2;239;2;2m▂[38;2;251;0;0;48;2;237;2;2m┈[38;2;111;4;4;48;2;204;9;9m▊[0m[38;2;200;5;5m▊[38;2;140;6;5m▗[38;2;181;4;4;48;2;238;3;3m▎[0m[7m[38;2;189;3;3m▗[0m[38;2;65;2;2m▘   [0m
[38;2;46;1;1;48;2;230;2;2m▍[38;2;5;0;0;48;2;113;1;1m┊[0m  [38;2;31;1;1;48;2;188;8;8m▍[0m[7m[38;2;102;3;3m▝[0m [38;2;21;242;241;48;2;10;65;65m▗[38;2;12;77;76;48;2;11;236;235m▃[38;2;3;27;27;48;2;3;251;250m▄[38;2;1;23;23;48;2;5;250;250m▄[38;2;0;1;1;48;2;13;221;220m▃[38;2;8;58;58;48;2;11;234;233m▃[38;2;21;122;121;48;2;9;245;244m▃[38;2;23;130;129;48;2;15;233;232m▃[38;2;32;29;29;48;2;190;6;6m▌[38;2;245;2;2;48;2;196;8;7m▉[38;2;74;2;2;48;2;194;5;5m┒[38;2;142;6;5;48;2;224;5;5m▗[38;2;200;8;7;48;2;246;1;1m▏[48;2;251;0;0m  [38;2;182;3;3;48;2;241;2;2m╹[48;2;251;0;0m [38;2;175;5;5;48;2;237;2;2m▁[38;2;235;6;6;48;2;249;1;1m▏[38;2;116;5;5;48;2;224;3;3m▗[38;2;199;9;8;48;2;242;2;2m▏[48;2;251;0;0m [38;2;250;0;0;48;2;239;3;3m▉[38;2;171;9;8;48;2;52;2;2m▎[38;2;229;3;3;48;2;93;3;3m▅[38;2;251;0;0;48;2;248;1;1m┈[48;2;251;0;0m  [38;2;177;5;5;48;2;245;1;1m▁[38;2;43;1;1;48;2;210;3;3m▄[38;2;6;0;0;48;2;97;4;4m▇[48;2;0;0;0m  [38;2;24;1;1;48;2;171;7;7m▋[38;2;88;2;2;48;2;223;5;5m▝[0m[38;2;131;10;9m▊[38;2;98;4;4;48;2;230;4;4m▎[38;2;211;5;5;48;2;61;2;2m▋[0m[38;2;189;4;4m▅[38;2;191;6;6m▋   [0m
[38;2;65;2;1m▝[7m[38;2;152;4;4m▃[0m[38;2;23;0;0m╴[38;2;45;2;2m▂[38;2;56;2;2;48;2;225;4;4m▎[38;2;78;1;0;48;2;208;6;6m▝[38;2;83;5;5;48;2;206;7;7m▝[38;2;4;2;2;48;2;15;76;75m▇[38;2;6;35;34;48;2;25;111;110m▌[38;2;17;223;222;48;2;17;92;91m╺[38;2;19;206;205;48;2;7;33;33m▅[38;2;13;77;77;48;2;26;210;209m▌[38;2;14;103;102;48;2;18;209;208m┎[38;2;40;161;160;48;2;37;77;77m┺[38;2;37;164;163;48;2;69;40;39m┻[38;2;39;155;154;48;2;16;41;41m┒[38;2;14;10;10;48;2;183;6;5m▅[38;2;207;12;11;48;2;20;0;0m▘[38;2;26;0;0;48;2;193;6;6m▖[38;2;251;0;0;48;2;248;1;1m┈[38;2;172;6;6;48;2;247;1;1m▗[38;2;178;9;8;48;2;237;2;2m╴[38;2;198;3;2;48;2;243;1;1m▁[38;2;251;0;0;48;2;247;1;1m┈[38;2;198;9;9;48;2;71;2;2m▍[38;2;251;0;0;48;2;230;5;5m┊[38;2;104;4;4;48;2;214;9;9m▊[38;2;251;0;0;48;2;249;0;0m┊[48;2;251;0;0m  [38;2;249;1;1;48;2;134;5;5m▆[38;2;251;0;0;48;2;246;1;1m┈[48;2;251;0;0m [38;2;153;4;3;48;2;245;1;1m▁[38;2;58;2;1;48;2;224;3;3m▄[38;2;15;0;0;48;2;116;4;4m▇[48;2;0;0;0m    [38;2;8;0;0;48;2;128;5;5m▊[38;2;209;17;17;48;2;248;1;1m▏[38;2;239;2;2;48;2;170;7;7m▆[38;2;251;0;0;48;2;247;1;1m┊[38;2;228;7;7;48;2;134;7;6m▍[38;2;230;8;8;48;2;248;0;0m▏[0m[38;2;192;6;6m▋   [0m
 [38;2;0;0;0m [7m[38;2;62;5;4m▉[0m[38;2;118;6;5;48;2;176;11;11m┚[38;2;251;0;0;48;2;236;2;2m┈[48;2;245;1;1m▇[48;2;248;1;1m┈[38;2;239;3;3;48;2;83;4;4m▖[38;2;0;0;0;48;2;5;4;4m┈[38;2;1;8;8;48;2;18;185;184m▅[38;2;1;12;12;48;2;19;207;206m▃[38;2;0;12;12;48;2;23;136;135m▂[38;2;49;199;198;48;2;22;120;119m┖[38;2;34;129;128;48;2;137;11;10m▃[38;2;44;95;95;48;2;160;8;8m▃[38;2;127;6;6;48;2;27;120;120m▘[38;2;0;16;16;48;2;24;162;161m▝[38;2;0;0;0;48;2;1;9;8m┊[38;2;32;233;232;48;2;11;12;12m▁[38;2;7;4;4;48;2;195;7;7m▆[38;2;75;7;6;48;2;162;8;8m▋[38;2;138;5;5;48;2;213;3;3m┬[38;2;217;5;4;48;2;140;4;3m▚[38;2;232;6;6;48;2;249;1;1m▏[38;2;107;4;4;48;2;244;1;1m▝[38;2;198;4;4;48;2;93;3;3m▃[38;2;67;3;3;48;2;175;6;5m▄[38;2;24;0;0;48;2;181;7;7m▂[38;2;51;1;1;48;2;242;3;3m▂[38;2;54;1;1;48;2;247;1;1m▂[38;2;26;0;0;48;2;238;2;2m▂[38;2;16;0;0;48;2;229;2;2m▃[48;2;210;4;4m▅[38;2;114;9;8;48;2;55;3;3m┒[38;2;13;1;1;48;2;140;8;8m▘[38;2;124;8;8;48;2;13;0;0m▍[48;2;0;0;0m   [38;2;0;0;0;48;2;4;0;0m┈[38;2;6;0;0;48;2;176;5;5m▘[38;2;202;4;4;48;2;247;1;1m▁[38;2;162;8;7;48;2;224;6;6m▖[38;2;251;0;0;48;2;249;0;0m┊[38;2;210;6;5;48;2;103;3;3m▌[0m[7m[38;2;214;4;4m▗[0m[38;2;103;4;4m▘   [0m
 [38;2;0;0;0m  [7m[38;2;164;6;6m▋[0m[38;2;250;0;0;48;2;246;1;1m┊[48;2;251;0;0m [38;2;249;1;1;48;2;207;10;10m▉[38;2;145;6;6;48;2;21;0;0m▘[38;2;25;199;198;48;2;2;13;12m▗[38;2;11;226;225;48;2;2;14;14m▅[38;2;2;21;21;48;2;19;174;173m▘[38;2;25;164;164;48;2;7;49;49m▘[38;2;12;75;74;48;2;35;189;188m▆[38;2;2;39;38;48;2;33;148;147m▁[38;2;28;182;181;48;2;25;131;130m▄[38;2;20;114;113;48;2;27;178;177m┯[38;2;5;36;36;48;2;19;229;228m▄[38;2;18;74;74;48;2;1;14;14m▏[38;2;4;33;33;48;2;17;241;240m▅[38;2;24;96;96;48;2;4;10;10m▏[38;2;5;0;0;48;2;170;9;8m▄[38;2;17;1;1;48;2;163;6;6m▂[38;2;29;1;1;48;2;240;2;2m▃[38;2;90;4;4;48;2;247;1;1m▃[38;2;251;0;0;48;2;249;0;0m┊[48;2;248;0;0m▉[38;2;184;7;7;48;2;232;5;4m▂[38;2;191;9;8;48;2;98;2;2m▇[38;2;151;9;9;48;2;39;2;1m▆[38;2;147;9;8;48;2;6;0;0m▅[38;2;158;8;8;48;2;10;0;0m▃[38;2;172;13;12;48;2;6;0;0m▂[38;2;189;14;14;48;2;9;0;0m▁[38;2;133;8;7;48;2;2;0;0m▁[38;2;111;2;1;48;2;1;0;0m▁[38;2;129;8;8;48;2;2;0;0m▁[38;2;199;11;11;48;2;10;0;0m▁[38;2;217;6;5;48;2;15;0;0m▂[38;2;206;6;6;48;2;18;1;1m▄[38;2;200;5;5;48;2;107;4;4m▆[38;2;149;6;6;48;2;229;4;4m╼[38;2;181;7;6;48;2;210;5;4m╵[38;2;251;0;0;48;2;237;2;2m┈[48;2;243;1;1m╴[0m[38;2;149;5;5m▍     [0m
 [38;2;0;0;0m  [0m [7m[38;2;150;5;5m▆[38;2;230;3;3m▄[0m[38;2;76;3;3;48;2;220;4;4m▂[38;2;186;8;8;48;2;36;2;2m▖[38;2;24;216;215;48;2;10;59;58m┕[38;2;24;118;118;48;2;19;202;201m▁[38;2;9;177;176;48;2;23;196;195m┊[38;2;6;59;58;48;2;22;200;199m▂[38;2;10;105;104;48;2;23;202;202m─[38;2;20;206;205;48;2;0;22;21m▇[38;2;13;232;230;48;2;8;54;53m▆[38;2;11;225;224;48;2;7;52;51m▆[38;2;15;210;209;48;2;0;14;14m▇[38;2;0;7;7;48;2;11;219;218m▁[38;2;4;31;31;48;2;12;240;239m▂[38;2;29;198;197;48;2;4;19;19m▘[38;2;9;247;246;48;2;11;78;77m▗[38;2;26;196;195;48;2;6;27;27m▍[38;2;162;10;9;48;2;48;3;3m▝[38;2;36;1;1;48;2;113;9;9m▆[38;2;58;2;2;48;2;166;5;5m━[38;2;183;5;5;48;2;242;2;2m▏[38;2;251;0;0;48;2;248;1;1m┈[38;2;96;3;3;48;2;223;3;3m▝[38;2;42;0;0;48;2;177;6;5m╾[38;2;62;2;1;48;2;173;6;6m▂[38;2;115;5;5;48;2;198;7;7m━[38;2;112;4;4;48;2;193;5;5m▃[38;2;60;1;1;48;2;200;5;5m▁[38;2;235;3;3;48;2;168;10;10m▅[38;2;245;2;2;48;2;174;9;9m▅[48;2;179;8;8m▅[38;2;242;4;3;48;2;175;6;5m▅[38;2;228;3;3;48;2;174;8;8m▅[38;2;81;3;3;48;2;215;4;4m▂[38;2;37;1;1;48;2;222;4;3m▃[38;2;51;1;1;48;2;185;5;5m━[38;2;229;3;3;48;2;95;4;3m▅[38;2;82;4;3;48;2;227;3;3m▂[38;2;29;111;110;48;2;146;5;5m▅[38;2;21;171;170;48;2;10;51;51m▇[0m[38;2;18;174;173m▆[38;2;15;208;207m▃[0m [38;2;0;0;0m  [0m
 [38;2;0;0;0m   [7m[38;2;116;7;6m▇[38;2;136;7;7m▅[38;2;34;3;2m▃[0m[38;2;17;1;1;48;2;101;12;10m▇[38;2;9;0;0;48;2;47;3;3m▉[38;2;178;12;12;48;2;77;8;7m┓[38;2;3;8;8;48;2;38;194;193m▇[38;2;1;10;10;48;2;32;218;217m▆[38;2;0;1;1;48;2;24;213;212m▅[38;2;0;4;4;48;2;24;219;218m▅[38;2;0;1;1;48;2;34;195;194m▅[38;2;1;10;10;48;2;48;196;195m▆[38;2;0;0;0;48;2;0;4;3m┈[48;2;0;0;0m [38;2;12;245;244;48;2;9;66;65m▗[38;2;9;227;227;48;2;2;17;17m▆[38;2;18;229;228;48;2;12;84;83m▖[38;2;10;125;124;48;2;13;216;215m▏[38;2;9;233;232;48;2;4;25;24m▄[38;2;16;99;99;48;2;61;4;3m▖[38;2;199;7;7;48;2;60;2;2m▘[38;2;178;5;5;48;2;244;2;2m▎[38;2;221;8;8;48;2;251;0;0m▁ [38;2;251;0;0;48;2;250;0;0m┈[38;2;243;1;1;48;2;113;4;4m▆[38;2;219;3;3;48;2;105;3;3m▄[38;2;90;4;4;48;2;226;4;4m▄[38;2;222;4;3;48;2;80;3;3m▆[38;2;223;3;3;48;2;32;0;0m▅[38;2;246;2;2;48;2;64;3;3m▃[38;2;245;2;2;48;2;61;3;2m▃[38;2;235;3;3;48;2;52;1;1m▄[38;2;238;2;2;48;2;37;0;0m▅[38;2;195;9;9;48;2;38;1;0m▆[38;2;27;187;186;48;2;163;6;6m▂[38;2;26;82;81;48;2;220;4;4m▅[38;2;10;226;225;48;2;95;16;16m▅[38;2;7;247;246;48;2;17;64;64m▆[38;2;11;225;224;48;2;10;73;72m▄[38;2;9;54;53;48;2;13;226;225m▅[38;2;12;79;79;48;2;15;199;198m▂[38;2;2;26;25;48;2;17;184;183m╺[38;2;17;230;229;48;2;15;120;119m▚[0m[38;2;16;211;210m▖ [0m
 [38;2;0;0;0m      [38;2;141;9;9m▝[38;2;108;6;6;48;2;54;2;2m▇[38;2;1;0;0;48;2;10;1;1m┈[48;2;0;0;0m   [38;2;0;0;0;48;2;0;2;2m┈[38;2;14;181;180;48;2;3;16;16m▄[38;2;7;243;242;48;2;10;57;56m▆[38;2;9;248;247;48;2;11;90;89m▇[38;2;4;250;249;48;2;9;85;84m▇[38;2;0;252;251;48;2;7;244;243m╴[38;2;7;45;44;48;2;11;239;238m▃[38;2;19;227;226;48;2;12;90;89m▘[38;2;4;252;251;48;2;7;240;239m┊[38;2;3;251;250;48;2;46;219;218m▉[38;2;21;132;132;48;2;1;11;11m▏[38;2;225;8;7;48;2;64;4;3m▝[38;2;208;5;4;48;2;108;4;4m▚[38;2;94;3;3;48;2;240;2;2m▘[38;2;149;4;3;48;2;246;1;1m▗[38;2;22;0;0;48;2;228;2;2m▃[38;2;40;1;1;48;2;189;4;4m▖[38;2;221;8;8;48;2;245;1;1m╴[38;2;181;7;7;48;2;19;0;0m▌[38;2;15;0;0;48;2;81;3;3m▇[38;2;82;3;3;48;2;225;4;4m▆[38;2;100;4;4;48;2;242;2;2m▄[38;2;119;5;5;48;2;244;1;1m▂[38;2;251;0;0;48;2;250;0;0m┈[0m[7m[38;2;193;5;5m▗[0m[38;2;29;82;82;48;2;15;216;215m▍[38;2;0;252;251;48;2;1;252;251m┈[38;2;3;245;244;48;2;18;143;142m▇[38;2;15;110;109;48;2;12;207;206m┗[38;2;14;91;91;48;2;8;236;235m▄[38;2;7;36;36;48;2;19;193;192m▂[38;2;14;230;229;48;2;14;87;86m▆[38;2;8;236;235;48;2;1;20;20m▆[38;2;8;180;179;48;2;11;211;210m╲[38;2;12;181;180;48;2;11;224;223m╹[0m[38;2;15;174;174m▋ [0m
 [38;2;0;0;0m       [0m   [38;2;133;7;7;48;2;53;4;3m┈[38;2;20;0;0;48;2;1;0;0m▏[38;2;1;9;9;48;2;17;85;85m▉[38;2;1;11;10;48;2;16;221;220m▃[38;2;13;88;87;48;2;18;188;187m┙[38;2;8;238;237;48;2;10;66;65m▆[38;2;9;227;226;48;2;16;125;125m▅[38;2;1;15;15;48;2;19;188;187m▗[38;2;9;68;68;48;2;21;201;200m▍[38;2;18;136;135;48;2;8;244;243m▃[38;2;20;104;103;48;2;5;248;247m▂[38;2;17;108;107;48;2;8;246;245m▂[38;2;21;150;149;48;2;11;51;51m▄[38;2;21;86;86;48;2;76;15;14m▁[38;2;22;0;0;48;2;232;4;4m▄[48;2;225;3;3m▃[38;2;202;7;7;48;2;11;0;0m▘[38;2;13;0;0;48;2;83;5;5m▉[38;2;22;0;0;48;2;210;5;5m▄[38;2;23;0;0;48;2;165;5;5m━[38;2;198;8;8;48;2;72;15;15m▖[38;2;12;224;223;48;2;117;24;24m▃[38;2;10;228;227;48;2;124;7;6m▅[38;2;19;188;187;48;2;136;21;21m▄[38;2;213;5;5;48;2;115;9;9m▚[38;2;135;6;6;48;2;210;5;5m▚[0m[38;2;97;6;5m▎[0m [7m[38;2;13;179;178m▅[38;2;9;231;230m▃[38;2;11;221;220m▂[0m[38;2;17;114;113;48;2;18;212;211m▝[38;2;8;236;235;48;2;1;11;11m▅[38;2;10;234;233;48;2;1;19;18m▄[38;2;10;236;235;48;2;9;67;66m▄[38;2;11;235;234;48;2;20;142;141m▅[0m[7m[38;2;20;173;172m▗[0m [38;2;0;0;0m [0m
 [38;2;0;0;0m           [38;2;14;133;132m▁[38;2;11;220;219;48;2;3;24;23m▃[38;2;5;240;239;48;2;14;94;94m▆[48;2;0;252;251m   [38;2;18;226;225;48;2;8;47;46m▋[38;2;0;2;2;48;2;14;201;200m▂[38;2;0;3;2;48;2;18;204;204m▂[38;2;7;31;31;48;2;15;195;194m▃[38;2;0;11;11;48;2;23;166;165m▂[38;2;7;40;39;48;2;20;195;194m▂[38;2;25;163;162;48;2;14;75;75m╈[38;2;0;0;0;48;2;1;2;2m┊[38;2;57;4;3;48;2;178;6;6m▌[38;2;71;3;3;48;2;216;3;3m▁[38;2;209;4;4;48;2;54;0;0m▇[38;2;44;2;2;48;2;223;3;3m▂[38;2;17;1;1;48;2;195;4;4m▄[38;2;19;23;23;48;2;22;216;215m▌[48;2;0;252;251m   [38;2;66;71;71;48;2;7;235;234m▝[38;2;20;191;190;48;2;176;16;16m▃[0m[7m[38;2;121;16;16m▝[0m [38;2;0;0;0m   [0m [7m[38;2;27;226;225m▇[38;2;19;177;176m▆[38;2;20;161;160m▆[38;2;17;88;87m▇[0m[38;2;0;0;0m   [0m
 [38;2;0;0;0m     [0m [38;2;31;175;174m▁[38;2;18;216;215m▂[38;2;10;241;240m▃[38;2;9;231;230m▅[38;2;4;248;247m▆[38;2;0;252;251;48;2;3;248;247m┈[48;2;0;252;251m [38;2;27;235;234m▁[38;2;11;51;50;48;2;5;243;242m▁[38;2;4;27;27;48;2;7;237;236m▃[38;2;3;26;26;48;2;15;204;203m▅[38;2;21;202;201;48;2;2;20;20m▃[38;2;0;0;0;48;2;1;8;8m┈[48;2;0;0;0m       [48;2;4;0;0m▇[48;2;3;0;0m▇[48;2;0;0;0m [38;2;16;162;161;48;2;1;8;8m▗[38;2;30;183;182;48;2;1;13;13m▖[38;2;5;28;28;48;2;15;224;223m▅[38;2;3;23;23;48;2;6;232;231m▂[38;2;23;150;149;48;2;2;251;250m▁[48;2;0;252;251m  [38;2;2;249;248;48;2;15;152;151m▇[0m[38;2;4;246;245m▅[38;2;9;226;225m▄[38;2;13;238;237m▂[38;2;27;212;211m▁[0m [38;2;0;0;0m       [0m
 [38;2;0;0;0m     [0m [7m[38;2;21;179;178m▆[38;2;17;241;240m▆[38;2;8;190;189m▅[38;2;7;198;197m▅[38;2;13;244;243m▆[38;2;20;236;235m▆[0m[38;2;121;5;5;48;2;13;82;81m▄[38;2;243;2;2;48;2;32;24;24m▄[38;2;241;2;2;48;2;58;3;3m▖[38;2;0;0;0;48;2;2;0;0m┈[48;2;1;7;7m┈[38;2;14;94;93;48;2;14;239;238m▖[38;2;8;243;242;48;2;15;131;130m▇[38;2;21;201;200;48;2;7;32;31m▖[38;2;133;6;5;48;2;16;79;78m▂[38;2;236;5;5;48;2;25;42;42m▂[38;2;239;4;4;48;2;11;0;0m▃[38;2;245;3;3;48;2;26;0;0m▃[38;2;242;3;3;48;2;16;1;1m▃[38;2;210;4;4;48;2;3;0;0m▃[38;2;167;6;6;48;2;10;40;39m▂[38;2;31;220;219;48;2;14;40;39m╾[38;2;12;233;232;48;2;7;49;48m▅[38;2;22;127;127;48;2;9;233;232m▁[38;2;20;167;166;48;2;1;8;8m▘[48;2;0;0;0m [38;2;180;6;6;48;2;18;1;1m▗[38;2;244;2;2;48;2;28;7;7m▄[38;2;203;5;5;48;2;12;70;69m▄[38;2;59;61;61;48;2;7;73;73m▎[0m[7m[38;2;12;242;241m▅[38;2;5;208;207m▄[38;2;8;215;214m▄[38;2;5;209;208m▄[38;2;12;244;243m▅[38;2;23;187;186m▅[0m [38;2;0;0;0m      [0m
 [38;2;0;0;0m            [0m [7m[38;2;199;4;3m▄[38;2;224;3;3m▁[0m[38;2;220;3;3;48;2;81;3;3m▆[38;2;232;5;4;48;2;18;0;0m▅[38;2;235;5;5;48;2;19;13;13m▅[38;2;223;4;4;48;2;30;55;54m▆[38;2;79;1;1;48;2;217;4;4m▁[38;2;61;3;3;48;2;236;3;3m▂[38;2;91;4;3;48;2;245;2;2m▄[38;2;32;0;0;48;2;205;4;4m╼[38;2;17;0;0;48;2;194;5;5m━[38;2;39;0;0;48;2;207;4;3m━[38;2;89;3;3;48;2;242;2;2m▄[38;2;160;8;8;48;2;246;1;1m▃[38;2;148;7;7;48;2;230;3;3m▁[38;2;239;2;2;48;2;50;90;89m▆[38;2;244;2;2;48;2;20;15;15m▅[48;2;22;1;1m▅[38;2;240;2;2;48;2;65;3;2m▆[0m[7m[38;2;231;2;2m▁[38;2;213;2;2m▃[38;2;140;5;5m▆[0m[38;2;7;0;0m              [0m
 [38;2;0;0;0m               [0m [38;2;131;6;6m▝[7m[38;2;167;5;4m▂[38;2;206;3;3m▁[0m[38;2;123;5;4;48;2;217;4;4m▃[38;2;127;6;6;48;2;208;5;4m┛[38;2;251;0;0;48;2;243;1;1m┈[48;2;251;0;0m   [48;2;237;1;1m╴[38;2;157;6;6;48;2;227;5;5m▚[38;2;123;7;7;48;2;218;4;4m▁[0m[7m[38;2;199;5;4m▁[38;2;175;8;8m▃[38;2;168;5;5m▆[38;2;106;6;5m▇[0m[38;2;1;0;0m                 [0m
 [38;2;0;0;0m                  [0m [38;2;195;7;6m▝[7m[38;2;231;2;2m▂[0m[38;2;158;11;11;48;2;249;0;0m▁[38;2;220;9;9;48;2;251;0;0m▁[38;2;189;11;11;48;2;250;0;0m▁[38;2;221;9;9;48;2;251;0;0m▁[38;2;135;6;6;48;2;249;1;1m▁[0m[7m[38;2;222;3;3m▂[0m[38;2;71;4;4m▘[0m [38;2;0;0;0m                    [0m
 [38;2;0;0;0m                     [0m     [38;2;0;0;0m                       [0m[u[0m [38;2;0;0;0m                              [0m [38;2;144;8;8m▄[0m [38;2;27;0;0m                [0m
 [38;2;0;0;0m                           [0m [38;2;208;7;7m▃[38;2;195;8;7m▆[7m[38;2;188;8;8m▃[0m[38;2;154;9;9m▘      [0m [38;2;110;7;6m▃[0m [38;2;0;0;0m   [7m[38;2;116;7;6m▌[38;2;203;8;8m▝[0m[38;2;151;8;8m▖  [0m
 [38;2;0;0;0m                          [38;2;133;6;6m▗[38;2;126;5;5;48;2;238;4;3m▘[38;2;236;4;4;48;2;185;9;9m▉[0m[38;2;96;3;3m▍        [38;2;174;7;6m▗[38;2;161;5;5;48;2;212;7;6m▏[0m[38;2;69;2;2m▏  [7m[38;2;65;1;1m▊[0m[38;2;120;6;6;48;2;211;9;8m▏[38;2;242;2;1;48;2;240;3;3m┈[38;2;79;4;4;48;2;206;8;8m▗[0m [38;2;42;3;3m [0m
   [38;2;0;0;0m╴[0m  [38;2;0;0;0m         [38;2;127;7;6m▗[38;2;73;6;6m▖          [7m[38;2;207;5;5m▎[0m[38;2;247;0;0;48;2;243;1;1m▄[38;2;245;0;0m┈[0m[7m[38;2;171;4;4m▝[0m[38;2;50;2;2m▁[38;2;111;4;4m▗[38;2;95;6;5m▋   [0m [7m[38;2;165;7;7m▘[38;2;215;4;4m▂[38;2;145;5;5m▄[0m[38;2;7;0;0m   [0m [7m[38;2;96;4;4m▖[38;2;178;9;8m▗[0m [38;2;0;0;0m  [0m
 [38;2;0;0;0m  [0m [38;2;201;3;3;48;2;30;3;2m▗[38;2;123;0;0;48;2;35;1;1m╴[0m[38;2;123;0;0m        [7m[38;2;97;4;3m▉[0m[38;2;50;2;2;48;2;171;7;7m▗[0m [38;2;0;0;0m    [0m [38;2;213;10;10;48;2;71;4;4m▖[0m [38;2;0;0;0m  [0m [38;2;47;1;1;48;2;226;4;4m▎[48;2;251;0;0m   [38;2;250;0;0;48;2;196;13;12m▇[38;2;227;4;4;48;2;104;3;3m▊[0m [38;2;150;3;3m▂[38;2;215;5;5m▖ [0m [7m[38;2;53;2;2m▇[0m[38;2;0;0;0m   [38;2;73;4;4m▃[0m [38;2;0;0;0m      [0m
 [38;2;0;0;0m [0m [7m[38;2;183;2;1m▘[0m[38;2;107;1;1;48;2;235;1;1m▗[0m[38;2;2;0;0m╴       [0m [7m[38;2;221;3;3m▘[0m[38;2;167;5;5m▋  [0m [38;2;73;9;8m▁ [7m[38;2;71;2;2m▉[0m[38;2;137;6;6;48;2;228;4;4m▏[0m[38;2;179;4;4m▄[0m  [38;2;196;3;3m▄[38;2;251;0;0;48;2;245;1;1m┈[48;2;251;0;0m    [38;2;143;5;5;48;2;241;2;2m▁[38;2;116;4;4;48;2;220;3;3m▂[38;2;244;2;1;48;2;190;6;6m▉[0m[38;2;98;4;3m▍ [0m [38;2;196;5;5m▃[38;2;94;6;5m▆[0m [38;2;182;7;7m▗[7m[38;2;125;4;4m▗[0m [38;2;0;0;0m     [0m [0m
 [38;2;0;0;0m [0m [38;2;24;1;1;48;2;140;2;2m╴[38;2;118;2;2;48;2;229;1;1m▝[38;2;28;1;1;48;2;27;1;1m╴[0m [38;2;0;0;0m      [0m [7m[38;2;221;3;3m▖[0m[38;2;116;6;5;48;2;247;1;1m▝[0m[38;2;124;4;4m▖  [7m[38;2;154;7;7m▍[0m[38;2;227;2;2m▅[7m[38;2;230;1;1m▘[0m[38;2;65;3;3;48;2;251;0;0m  [38;2;249;1;1;48;2;133;7;7m▇[38;2;251;0;0;48;2;244;1;1m┈[48;2;251;0;0m    [48;2;248;1;1m┈[0m[7m[38;2;163;3;3m▗[0m[38;2;106;8;8m▂[38;2;149;8;8m▝[38;2;178;5;5m▘ [0m [7m[38;2;221;3;3m▘[0m[38;2;245;2;2;48;2;169;7;7m▉[0m[38;2;86;3;3m▎[38;2;155;13;12m╺[38;2;146;7;7m▘[7m[38;2;137;6;6m▋[38;2;136;5;5m▝[0m [38;2;0;0;0m  [0m [7m[38;2;155;8;7m▘[0m[38;2;54;4;3m▏[0m
 [38;2;0;0;0m  [0m  [7m[38;2;108;3;3m▃[0m[38;2;85;5;5m▗[38;2;93;5;5m▂     [38;2;48;5;4m▗[38;2;115;8;8m▁[7m[38;2;200;4;4m▖[0m[38;2;241;1;1;48;2;168;4;4m▇[0m[38;2;111;3;3m▅[38;2;129;7;7m▃[7m[38;2;145;6;5m▋[0m[38;2;237;6;6;48;2;250;0;0m▏[48;2;251;0;0m         [38;2;245;2;2;48;2;188;4;4m▉[38;2;228;2;2;48;2;49;1;1m▅[38;2;238;2;2;48;2;174;11;11m▇[0m[38;2;231;5;5m▂[38;2;200;4;4m▃[38;2;212;2;2m▅[38;2;242;1;1;48;2;139;5;4m▇[48;2;251;0;0m [38;2;251;0;0;48;2;250;0;0m┈[0m[38;2;155;6;5m▌ [7m[38;2;75;5;4m▉[0m[38;2;78;3;3;48;2;237;3;3m▘[38;2;251;0;0;48;2;248;1;1m┈[0m[38;2;152;8;7m▌  [7m[38;2;49;1;1m▊[0m[38;2;227;4;4;48;2;170;5;5m▉[0m[38;2;95;5;5m▖[0m
[38;2;153;10;10m┓[0m [38;2;43;4;4m▁[38;2;45;3;3m▁  [0m [7m[38;2;145;4;4m▖[0m[38;2;194;4;4m▆[38;2;165;5;5m▃[0m [38;2;0;0;0m  [0m [7m[38;2;80;6;5m▋[0m[38;2;27;2;1;48;2;127;6;6m▊[38;2;212;10;9;48;2;247;1;1m▏[38;2;237;2;2;48;2;168;6;6m▇[38;2;233;5;4;48;2;132;5;5m▊[38;2;34;0;0;48;2;213;4;4m▘[48;2;251;0;0m      [38;2;251;0;0;48;2;249;1;1m┈[48;2;245;1;1m┈[48;2;251;0;0m [38;2;249;0;0m▁[38;2;142;6;6;48;2;241;1;1m▁[38;2;150;3;3;48;2;232;2;2m▁[48;2;251;0;0m   [38;2;234;5;5;48;2;250;0;0m▁[48;2;251;0;0m  [38;2;249;0;0;48;2;230;7;7m▉[0m[38;2;126;5;5m▌ [7m[38;2;127;7;7m▋[0m[38;2;89;5;5;48;2;221;3;3m▁[0m[7m[38;2;207;4;3m▄[0m[38;2;82;4;4m╲[38;2;132;10;9m▖ [0m [7m[38;2;190;5;5m▖[0m[38;2;203;4;4m▋[0m
[38;2;184;8;7m▝[7m[38;2;182;6;6m▝[0m[38;2;67;3;3m▁[7m[38;2;117;6;6m▖[0m[38;2;157;8;7m▃[38;2;124;7;7;48;2;40;3;3m▗[0m[38;2;137;7;6m▃[38;2;69;1;1m▁[38;2;122;5;4m▝[38;2;95;4;4;48;2;239;3;3m▖[38;2;76;3;3;48;2;227;3;2m▝[0m[38;2;95;3;3m▖[38;2;156;10;9;48;2;38;3;2m▗[0m[38;2;101;5;5m▖[7m[38;2;182;7;6m▍[0m[38;2;219;4;4;48;2;56;2;2m▖[38;2;56;2;2;48;2;212;4;4m▖[38;2;247;0;0;48;2;248;0;0m┈[48;2;247;0;0m [48;2;249;0;0m▇[48;2;250;0;0m▆▆▆▆[38;2;248;0;0;48;2;247;0;0m┊[38;2;100;4;4;48;2;240;1;1m▂[38;2;239;3;2;48;2;107;4;4m▘[38;2;80;2;2;48;2;210;7;6m▌[38;2;64;2;2;48;2;227;3;3m▗[38;2;36;1;1;48;2;158;5;5m━[38;2;220;4;4;48;2;45;2;2m▅[38;2;104;4;4;48;2;206;9;8m▋[38;2;244;2;2;48;2;248;0;0m▏[38;2;247;0;0;48;2;250;0;0m▆▆[38;2;203;6;6;48;2;50;2;1m▌[38;2;37;1;1;48;2;191;4;4m▄[38;2;249;0;0;48;2;239;2;1m┊[38;2;247;0;0;48;2;251;0;0m▇[48;2;235;1;1m┈[0m[38;2;161;6;6m▄[38;2;201;6;6;48;2;125;6;6m▇[0m[38;2;65;2;2m▎[38;2;62;8;7m▁[7m[38;2;189;5;5m▎[0m[38;2;103;4;4;48;2;240;2;2m▝[0m[38;2;103;4;4m▖ [7m[38;2;59;2;2m▊[0m[38;2;209;10;10m▘[0m
 [38;2;126;5;4m▝[7m[38;2;95;5;5m▂[0m [7m[38;2;149;5;5m▖[0m[38;2;236;2;2;48;2;103;4;4m▆[38;2;188;3;3;48;2;231;3;3m▏[38;2;175;4;4;48;2;227;4;4m▁[0m[7m[38;2;140;5;5m▝[0m[38;2;131;6;6m▝[38;2;164;6;5;48;2;233;2;2m▏[0m[38;2;165;6;6m▋[38;2;33;1;1m▝[38;2;40;2;2;48;2;181;7;6m▖[38;2;84;4;3;48;2;240;2;2m▘[38;2;247;0;0;48;2;244;1;1m┈[38;2;229;2;2;48;2;96;3;3m▅[38;2;115;4;4;48;2;225;5;4m╸[48;2;247;0;0m [38;2;241;2;2;48;2;164;7;7m▊[38;2;35;1;1;48;2;214;3;3m▄[38;2;52;2;2;48;2;229;3;3m▂[38;2;97;5;5;48;2;237;2;2m▄[38;2;175;5;5;48;2;239;1;1m▁[38;2;59;1;1;48;2;175;6;6m┏[38;2;229;2;2;48;2;91;3;3m▅[38;2;247;0;0;48;2;244;1;1m┈[38;2;58;1;0;48;2;189;7;6m┕[38;2;63;2;2;48;2;198;4;4m▘[38;2;248;0;0;48;2;245;1;0m╴[48;2;247;0;0m [38;2;87;1;1;48;2;184;8;8m┃[38;2;234;5;5;48;2;245;1;1m▁[38;2;186;10;9;48;2;247;0;0m▁[38;2;247;0;0;48;2;246;0;0m┈[38;2;243;1;1;48;2;103;4;4m▅[38;2;240;2;2;48;2;51;1;1m▆[38;2;226;2;2;48;2;178;4;4m▇[48;2;247;0;0m [38;2;247;0;0;48;2;244;1;1m┈[38;2;115;4;4;48;2;201;6;6m▝[38;2;127;5;5;48;2;235;4;4m▖[0m[7m[38;2;149;4;4m▝[38;2;169;7;6m▖[0m[38;2;127;3;3;48;2;237;3;3m▘[48;2;247;0;0m [0m[38;2;190;6;6m▋   [0m
[38;2;149;5;4;48;2;26;2;2m▗[0m[38;2;154;2;2m▖ [0m [38;2;43;1;1m▁[7m[38;2;167;4;4m▃[38;2;216;2;2m▂[38;2;163;6;5m▗[0m[38;2;20;175;174;48;2;45;16;16m▗[38;2;17;224;223;48;2;32;17;16m▂[38;2;28;198;197;48;2;92;15;15m▄[38;2;22;112;111;48;2;105;23;23m▂[0m[38;2;12;222;221m▆[38;2;8;242;241;48;2;20;33;32m▅[38;2;22;155;154;48;2;144;11;11m▖[38;2;248;0;0;48;2;235;2;2m┊[38;2;250;0;0;48;2;247;0;0m▄[38;2;251;0;0m▄▄[48;2;248;0;0m┈[38;2;233;2;2;48;2;90;3;3m▆[38;2;200;4;4;48;2;14;0;0m▄[38;2;53;1;1;48;2;189;11;11m▋[38;2;241;2;2;48;2;167;6;5m▇[38;2;238;2;2;48;2;172;8;7m▇[38;2;251;0;0;48;2;247;0;0m▄▄▄▄▄[38;2;113;4;4;48;2;236;3;3m▗[38;2;191;10;10;48;2;94;6;5m▝[38;2;179;5;5;48;2;74;3;3m▚[38;2;244;1;1;48;2;151;4;4m▆[38;2;251;0;0;48;2;249;0;0m┈[48;2;247;0;0m▄▄[38;2;194;5;5m▁[38;2;75;3;3;48;2;244;1;1m▂[38;2;63;2;1;48;2;242;2;2m▂[38;2;251;0;0;48;2;239;2;2m┈[38;2;111;4;4;48;2;207;10;9m▊[0m[38;2;204;6;6m▊[38;2;132;6;6m▗[38;2;165;5;5;48;2;234;3;3m▏[0m[7m[38;2;194;3;3m▗[0m[38;2;69;4;4m▘   [0m
[38;2;45;1;1;48;2;227;2;2m▍[38;2;9;0;0;48;2;115;2;2m┊[0m  [38;2;29;1;1;48;2;181;8;8m▍[0m[7m[38;2;100;3;3m▝[0m [38;2;17;244;243;48;2;10;58;58m▗[38;2;11;59;58;48;2;12;222;222m▂[38;2;0;3;2;48;2;10;234;233m▃[38;2;0;0;0;48;2;9;228;227m▃[38;2;0;1;1;48;2;18;234;233m▃[38;2;7;50;49;48;2;9;245;244m▃[38;2;21;125;124;48;2;6;248;247m▃[38;2;19;205;204;48;2;24;132;131m▉[38;2;33;32;32;48;2;194;6;6m▌[38;2;245;2;2;48;2;198;10;9m▉[38;2;84;2;2;48;2;196;5;5m┒[38;2;143;6;6;48;2;228;5;5m▗[38;2;203;7;7;48;2;246;1;1m▏[48;2;251;0;0m  [38;2;171;4;4;48;2;240;2;2m╹[48;2;251;0;0m [38;2;180;6;5;48;2;239;2;2m▁[38;2;236;5;5;48;2;249;0;0m▏[38;2;118;4;4;48;2;228;3;3m▗[38;2;199;7;6;48;2;242;2;2m▏[48;2;251;0;0m [38;2;250;0;0;48;2;239;3;3m▉[38;2;175;9;9;48;2;54;2;2m▎[38;2;223;3;3;48;2;81;3;3m▅[38;2;251;0;0;48;2;247;1;1m┈[48;2;251;0;0m  [38;2;250;0;0;48;2;239;1;1m╴[38;2;50;2;2;48;2;217;3;3m▄[38;2;8;0;0;48;2;116;5;5m▇[48;2;0;0;0m  [38;2;30;1;1;48;2;174;7;7m▋[38;2;85;2;2;48;2;220;5;4m▝[0m[38;2;130;10;9m▊[38;2;91;3;3;48;2;226;4;4m▎[38;2;215;5;5;48;2;67;3;3m▋[0m[38;2;199;4;4m▄[38;2;185;6;6m▋   [0m
 [38;2;36;1;0;48;2;110;3;2m╴[0m[38;2;14;0;0m╴[38;2;59;0;0;48;2;2;0;0m▁[38;2;56;2;2;48;2;224;4;4m▎[38;2;230;6;6;48;2;116;3;3m▌[38;2;78;4;4;48;2;200;7;7m▝[38;2;3;4;4;48;2;25;102;102m▇[38;2;34;139;138;48;2;14;66;65m╻[38;2;18;223;222;48;2;17;86;85m╺[38;2;20;203;202;48;2;4;19;18m▅[38;2;13;73;73;48;2;23;204;203m▌[38;2;17;106;105;48;2;20;211;210m┎[38;2;28;146;145;48;2;38;62;61m▌[38;2;36;157;156;48;2;60;43;42m┻[38;2;35;121;120;48;2;11;21;21m▃[38;2;19;9;9;48;2;196;5;5m▅[38;2;209;9;9;48;2;26;0;0m▘[38;2;27;1;1;48;2;196;6;6m▖[38;2;251;0;0;48;2;247;1;1m┈[38;2;175;4;4;48;2;238;2;2m▁[38;2;183;3;3;48;2;240;2;2m▏[38;2;199;3;3;48;2;245;1;1m▁[38;2;251;0;0;48;2;248;1;1m┈[38;2;200;9;9;48;2;72;2;2m▍[38;2;250;0;0;48;2;231;5;5m┊[38;2;107;4;4;48;2;216;9;9m▊[38;2;251;0;0;48;2;249;0;0m┊[48;2;251;0;0m  [38;2;247;1;1;48;2;120;4;4m▆[38;2;251;0;0;48;2;245;1;1m┈[48;2;251;0;0m [38;2;169;5;5;48;2;246;1;1m▁[38;2;58;2;2;48;2;232;2;2m▄[38;2;109;4;4;48;2;6;0;0m▘[48;2;0;0;0m    [38;2;7;0;0;48;2;129;5;5m▊[38;2;209;18;17;48;2;248;1;1m▏[38;2;237;3;2;48;2;164;9;8m▆[38;2;251;0;0;48;2;246;1;1m┊[38;2;209;8;8;48;2;127;5;5m▌[38;2;230;8;8;48;2;248;0;0m▏[0m[38;2;193;6;6m▋   [0m
 [38;2;0;0;0m [38;2;47;3;3m▝[38;2;111;5;5;48;2;173;12;11m┚[38;2;251;0;0;48;2;234;2;2m┈[48;2;243;3;3m▇[48;2;247;1;1m┈[38;2;237;3;3;48;2;74;4;4m▖[38;2;0;0;0;48;2;5;6;6m┈[38;2;2;11;11;48;2;22;200;199m▅[38;2;2;20;20;48;2;21;209;208m▃[38;2;29;226;225;48;2;16;89;89m╸[38;2;49;201;200;48;2;22;119;118m┖[38;2;38;121;120;48;2;139;9;9m▃[38;2;58;210;209;48;2;131;11;11m▁[38;2;124;6;6;48;2;28;120;120m▘[38;2;0;7;6;48;2;25;155;155m▝[38;2;0;0;0;48;2;1;7;6m┊[38;2;39;216;215;48;2;14;5;5m▁[38;2;11;4;4;48;2;215;9;8m▆[38;2;59;1;1;48;2;140;12;11m╉[38;2;143;6;6;48;2;232;4;4m▃[38;2;218;5;5;48;2;133;3;3m▚[38;2;235;6;6;48;2;250;0;0m▘[38;2;97;3;3;48;2;242;2;2m▝[38;2;80;3;3;48;2;181;5;5m▚[38;2;48;1;1;48;2;165;6;6m▃[38;2;33;0;0;48;2;185;9;8m▂[38;2;81;3;3;48;2;244;2;2m▂[38;2;85;3;3;48;2;249;1;1m▂[38;2;40;0;0;48;2;243;2;2m▂[38;2;26;0;0;48;2;236;2;2m▃[38;2;24;1;1;48;2;220;4;4m▅[38;2;115;11;10;48;2;61;3;3m┒[38;2;12;0;0;48;2;140;9;8m▘[38;2;123;8;8;48;2;12;0;0m▍[48;2;0;0;0m   [38;2;0;0;0;48;2;3;0;0m┈[38;2;6;0;0;48;2;169;5;5m▘[38;2;250;0;0;48;2;242;2;2m╴[38;2;164;7;6;48;2;226;6;6m▖[38;2;246;0;0;48;2;250;0;0m╴[38;2;210;6;6;48;2;106;4;4m▌[0m[7m[38;2;222;4;4m▂[0m[38;2;115;4;4m▘   [0m
 [38;2;0;0;0m  [7m[38;2;174;6;5m▋[0m[38;2;245;4;3;48;2;248;1;1m╴[48;2;251;0;0m [38;2;249;1;1;48;2;209;9;9m▉[38;2;150;7;6;48;2;23;0;0m▘[38;2;26;188;187;48;2;2;10;10m▗[38;2;8;244;243;48;2;6;37;36m▄[38;2;3;23;22;48;2;20;167;166m▘[38;2;20;137;136;48;2;5;29;28m▍[38;2;13;78;78;48;2;38;200;199m▆[38;2;9;67;67;48;2;30;148;147m▁[38;2;31;171;171;48;2;17;104;103m▆[38;2;23;112;111;48;2;30;182;181m━[38;2;7;44;43;48;2;17;236;235m▄[38;2;18;74;73;48;2;1;16;15m▏[38;2;0;11;11;48;2;18;214;213m▄[38;2;26;97;97;48;2;4;10;10m▏[38;2;9;0;0;48;2;176;7;7m▄[38;2;26;1;1;48;2;169;6;6m▂[38;2;42;2;2;48;2;245;2;2m▃[38;2;67;2;2;48;2;237;2;2m▂[38;2;251;0;0;48;2;249;0;0m┈[48;2;248;0;0m▉[38;2;180;8;8;48;2;230;5;4m▂[38;2;190;9;9;48;2;62;0;0m▇[38;2;148;9;8;48;2;24;2;2m▆[38;2;159;10;10;48;2;20;1;1m▄[38;2;155;9;9;48;2;5;0;0m▃[38;2;164;12;12;48;2;4;0;0m▂[38;2;168;11;11;48;2;5;0;0m▁[38;2;90;1;1;48;2;1;0;0m▁[38;2;66;0;0;48;2;0;0;0m▁[38;2;90;1;1;48;2;1;0;0m▁[38;2;174;10;10;48;2;6;0;0m▁[38;2;202;6;6;48;2;9;0;0m▂[38;2;201;6;6;48;2;10;0;0m▄[38;2;199;5;5;48;2;90;4;4m▆[38;2;151;7;7;48;2;226;4;4m╼[38;2;230;4;3;48;2;174;6;6m▅[38;2;251;0;0;48;2;239;2;2m┈[48;2;244;1;1m┈[0m[38;2;204;7;7m▘[0m [38;2;0;0;0m    [0m
 [38;2;0;0;0m  [0m [7m[38;2;167;5;5m▆[38;2;212;3;3m▃[0m[38;2;97;3;3;48;2;224;4;4m▂[38;2;182;8;8;48;2;30;2;2m▖[38;2;21;217;216;48;2;10;61;61m┕[38;2;21;138;138;48;2;17;207;206m▁[38;2;9;171;170;48;2;23;201;200m┋[38;2;5;52;51;48;2;23;204;203m▂[38;2;9;104;103;48;2;22;198;197m─[38;2;19;203;202;48;2;0;9;9m▇[38;2;11;236;235;48;2;0;28;27m▆[38;2;12;234;233;48;2;0;27;26m▆[38;2;13;213;212;48;2;0;4;4m▇[38;2;0;29;28;48;2;12;217;216m▁[38;2;7;47;46;48;2;13;241;240m▂[38;2;26;189;188;48;2;4;21;20m▘[38;2;10;246;245;48;2;12;69;69m▗[38;2;24;184;183;48;2;4;22;22m▍[38;2;161;8;8;48;2;48;2;2m━[38;2;38;2;2;48;2;114;7;7m▆[38;2;47;1;1;48;2;170;6;5m━[38;2;188;5;4;48;2;243;2;2m▏[38;2;251;0;0;48;2;247;1;1m┈[38;2;96;3;3;48;2;217;3;3m▝[38;2;46;0;0;48;2;174;6;6m╾[38;2;67;3;3;48;2;175;6;6m▂[38;2;108;4;4;48;2;200;7;7m━[38;2;107;4;3;48;2;192;5;5m▃[38;2;80;2;2;48;2;205;6;6m▁[38;2;240;4;3;48;2;164;10;9m▅[38;2;250;0;0;48;2;217;5;5m┈[48;2;219;5;5m┈[48;2;216;4;4m┈[38;2;234;3;3;48;2;173;7;7m▅[38;2;45;1;1;48;2;206;5;4m▁[38;2;41;1;1;48;2;227;4;4m▃[38;2;33;0;0;48;2;179;4;4m╼[38;2;239;3;3;48;2;112;3;3m▄[38;2;100;3;3;48;2;226;3;3m▂[38;2;24;164;163;48;2;114;7;6m▃[38;2;21;166;165;48;2;7;28;28m▇[0m[38;2;15;175;174m▆[38;2;16;200;199m▃[0m [38;2;0;0;0m  [0m
 [38;2;0;0;0m   [7m[38;2;92;4;4m▆[38;2;149;9;8m▅[38;2;34;2;2m▃[0m[38;2;15;1;1;48;2;120;11;10m▇[38;2;9;1;0;48;2;45;5;4m▉[38;2;181;14;13;48;2;70;10;9m┓[38;2;3;13;13;48;2;34;218;217m▇[38;2;3;18;17;48;2;35;221;220m▆[38;2;0;5;5;48;2;29;222;221m▅[38;2;0;6;5;48;2;28;224;223m▅[38;2;0;3;3;48;2;28;182;181m▅[38;2;0;1;1;48;2;35;158;157m▅[38;2;0;0;0;48;2;0;5;5m┈[48;2;0;0;0m [38;2;12;244;243;48;2;9;58;58m▗[38;2;7;243;242;48;2;8;44;44m▅[38;2;11;58;57;48;2;17;188;187m▚[38;2;9;136;135;48;2;13;214;213m▏[38;2;11;228;227;48;2;2;15;15m▄[38;2;10;85;85;48;2;56;18;17m▏[38;2;211;7;7;48;2;59;2;2m▘[38;2;174;5;5;48;2;244;2;2m▎[38;2;236;5;5;48;2;251;0;0m▁ [38;2;251;0;0;48;2;249;0;0m┈[38;2;241;1;1;48;2;99;3;3m▆[38;2;211;4;4;48;2;107;4;4m▄[38;2;74;3;2;48;2;213;4;4m▃[38;2;223;4;3;48;2;66;3;3m▆[38;2;240;2;2;48;2;57;2;2m▄[38;2;240;3;3;48;2;65;2;2m▃[38;2;238;4;4;48;2;64;2;2m▃[38;2;228;3;3;48;2;58;2;2m▄[38;2;233;3;2;48;2;35;0;0m▅[38;2;198;7;6;48;2;24;0;0m▆[38;2;28;160;159;48;2;166;5;5m▂[38;2;17;99;99;48;2;195;4;4m▄[38;2;10;245;244;48;2;90;37;37m▄[38;2;8;245;244;48;2;15;46;45m▆[38;2;12;221;220;48;2;12;77;76m▄[38;2;9;58;58;48;2;12;232;231m▅[38;2;15;216;215;48;2;13;117;116m▚[38;2;4;30;29;48;2;17;182;181m╺[38;2;17;233;232;48;2;16;112;111m▚[0m[38;2;17;201;200m▖ [0m
 [38;2;0;0;0m     [0m [38;2;154;9;8m▝[38;2;113;6;6;48;2;10;0;0m▉[38;2;1;0;0;48;2;11;1;1m┈[38;2;0;0;0;48;2;1;0;0m┈[48;2;0;0;0m  [48;2;0;1;1m┈[38;2;13;232;231;48;2;6;43;43m▗[38;2;7;239;238;48;2;7;35;34m▆[38;2;8;247;246;48;2;0;43;42m▇[38;2;6;248;247;48;2;0;32;31m▇[38;2;0;252;251;48;2;7;243;242m╴[38;2;8;48;48;48;2;8;243;242m▃[38;2;18;237;236;48;2;14;87;86m▘[38;2;4;252;251;48;2;7;238;237m┊[38;2;3;251;250;48;2;45;221;220m▉[38;2;24;137;136;48;2;1;13;13m▏[38;2;230;7;7;48;2;61;4;4m▝[38;2;62;2;1;48;2;182;5;5m╼[38;2;88;3;3;48;2;238;3;2m▘[38;2;132;3;3;48;2;240;1;1m▁[38;2;29;1;1;48;2;236;2;2m▃[38;2;95;3;3;48;2;247;1;1m▅[38;2;219;8;7;48;2;246;1;1m╴[38;2;182;7;7;48;2;18;0;0m▌[38;2;12;0;0;48;2;101;5;5m▇[38;2;68;3;3;48;2;205;4;4m▅[38;2;100;4;4;48;2;246;1;1m▄[38;2;127;4;4;48;2;247;1;1m▂[48;2;251;0;0m [38;2;18;5;5;48;2;199;5;4m▗[38;2;36;85;85;48;2;15;218;217m▍[38;2;0;252;251;48;2;1;252;251m┈[38;2;5;243;242;48;2;19;137;136m▇[38;2;8;67;66;48;2;14;203;203m╺[38;2;14;92;92;48;2;7;242;241m▄[38;2;8;53;52;48;2;19;199;198m▂[38;2;14;229;229;48;2;10;82;81m▆[38;2;5;250;249;48;2;9;52;52m▅[38;2;8;250;249;48;2;12;203;202m┈[38;2;21;154;153;48;2;10;241;240m▘[0m[38;2;15;182;181m▋ [0m
 [38;2;0;0;0m       [0m   [38;2;136;9;9;48;2;51;4;3m┈[38;2;19;0;0;48;2;1;0;0m▏[38;2;2;9;9;48;2;21;92;91m▉[38;2;0;12;12;48;2;16;232;231m▃[38;2;9;91;90;48;2;17;188;187m┙[38;2;4;250;249;48;2;21;101;100m▅[38;2;20;127;126;48;2;10;204;203m┕[38;2;1;20;20;48;2;20;192;191m▗[38;2;8;65;64;48;2;20;196;195m▍[38;2;17;134;133;48;2;6;248;247m▃[38;2;21;117;116;48;2;3;250;249m▂[38;2;16;116;115;48;2;7;248;247m▂[38;2;19;152;151;48;2;11;47;47m▄[38;2;52;26;25;48;2;139;11;10m▆[38;2;32;1;1;48;2;237;3;3m▄[38;2;17;0;0;48;2;235;3;3m▃[38;2;209;7;7;48;2;13;0;0m▘[38;2;13;0;0;48;2;86;4;4m▉[38;2;20;0;0;48;2;220;6;6m▄[48;2;166;5;4m━[38;2;202;8;8;48;2;71;13;13m▖[38;2;16;214;213;48;2;122;20;20m▃[38;2;7;248;248;48;2;112;29;29m▄[38;2;22;180;179;48;2;146;14;14m▄[38;2;187;7;7;48;2;97;3;3m▆[38;2;109;5;5;48;2;191;6;6m┑[0m[38;2;105;5;5m▎[0m [7m[38;2;16;199;198m▅[38;2;7;238;237m▃[38;2;9;226;225m▂[0m[38;2;20;99;98;48;2;17;215;214m▝[38;2;10;228;227;48;2;0;2;2m▅[38;2;12;228;227;48;2;3;20;19m▄[38;2;12;229;228;48;2;9;74;74m▄[38;2;9;235;234;48;2;18;147;146m▅[0m[7m[38;2;21;179;179m▗[0m [38;2;2;22;22m [0m
 [38;2;0;0;0m           [38;2;14;107;107m▁[38;2;13;211;210;48;2;3;18;18m▃[38;2;13;85;85;48;2;7;236;235m▘[38;2;0;252;251;48;2;1;252;251m┈[48;2;0;252;251m  [38;2;17;228;227;48;2;7;47;46m▋[38;2;0;10;10;48;2;14;208;207m▂[38;2;0;11;11;48;2;16;208;207m▂[38;2;0;3;3;48;2;17;185;184m▂[38;2;3;20;20;48;2;24;171;170m▂[38;2;12;54;53;48;2;17;193;192m▂[38;2;27;176;175;48;2;15;85;84m┳[38;2;0;0;0;48;2;1;2;1m┊[38;2;61;4;3;48;2;183;5;5m▌[38;2;219;3;3;48;2;54;1;1m▇[38;2;213;3;3;48;2;22;0;0m▇[38;2;63;2;2;48;2;222;3;3m▂[38;2;25;1;1;48;2;206;4;3m▄[38;2;23;24;23;48;2;24;218;217m▌[48;2;0;252;251m  [38;2;0;252;251;48;2;1;252;251m┈[38;2;74;61;61;48;2;10;229;228m▝[38;2;24;179;178;48;2;187;13;12m▃[0m[7m[38;2;122;12;11m▝[0m [38;2;0;0;0m   [7m[38;2;16;79;78m▇[38;2;21;175;174m▆[38;2;15;230;229m▆[38;2;20;203;202m▆[38;2;23;118;117m▇[0m[38;2;0;1;1m   [0m
 [38;2;0;0;0m     [0m [38;2;22;96;96m▁[38;2;19;190;189m▂[38;2;10;231;230m▃[38;2;10;222;221m▅[38;2;4;245;244m▆[38;2;0;252;251;48;2;4;245;244m┈[48;2;0;252;251m [48;2;1;251;250m┈[38;2;14;74;73;48;2;3;247;246m▁[38;2;7;38;38;48;2;6;243;242m▃[38;2;4;29;29;48;2;13;213;212m▅[38;2;20;189;188;48;2;3;21;20m▃[38;2;0;0;0;48;2;1;5;5m┈[48;2;0;0;0m       [48;2;10;0;0m▇▇[48;2;0;0;0m [38;2;17;141;140;48;2;1;5;5m▗[38;2;31;182;182;48;2;3;16;15m▖[38;2;2;12;11;48;2;13;208;207m▄[38;2;7;36;35;48;2;5;238;237m▂[38;2;15;181;180;48;2;1;252;251m▁[48;2;0;252;251m  [38;2;3;248;247;48;2;21;124;124m▇[0m[38;2;6;243;242m▅[38;2;7;247;246m▃[38;2;16;227;226m▂[38;2;31;174;173m▁[0m [38;2;0;0;0m       [0m
 [38;2;0;0;0m     [0m [7m[38;2;20;204;203m▆[38;2;3;186;185m▅[38;2;11;212;211m▅[38;2;13;215;214m▅[38;2;6;201;200m▅[38;2;8;248;247m▆[0m[38;2;192;7;7;48;2;21;67;67m▗[38;2;239;3;3;48;2;23;37;36m▄[48;2;48;3;3m▖[38;2;0;0;0;48;2;2;0;0m┈[48;2;1;7;7m┈[38;2;16;106;106;48;2;12;240;239m▖[38;2;5;243;242;48;2;18;117;116m▇[38;2;26;211;210;48;2;5;29;29m▖[38;2;39;169;168;48;2;38;33;32m╾[38;2;225;6;6;48;2;19;42;42m▂[38;2;231;5;5;48;2;5;0;0m▃[38;2;240;3;3;48;2;14;0;0m▃[38;2;235;4;4;48;2;8;0;0m▃[38;2;238;4;4;48;2;18;1;1m▂[38;2;209;7;7;48;2;19;35;34m▁[38;2;29;196;195;48;2;11;44;44m╾[38;2;10;230;229;48;2;7;39;38m▅[38;2;11;139;138;48;2;10;234;233m▁[38;2;24;174;173;48;2;2;11;11m▘[48;2;0;0;0m [38;2;177;7;6;48;2;14;1;1m▗[38;2;239;3;3;48;2;17;12;11m▄[38;2;129;3;3;48;2;19;169;168m▆[38;2;57;3;3;48;2;6;103;102m▖[0m[7m[38;2;7;248;247m▅[38;2;7;221;220m▄[38;2;10;224;223m▄[38;2;8;222;221m▄[38;2;4;250;250m▅[38;2;26;197;196m▅[0m [38;2;0;0;0m      [0m
 [38;2;0;0;0m            [0m [7m[38;2;210;3;3m▄[38;2;231;2;2m▁[0m[38;2;224;4;3;48;2;67;3;3m▆[38;2;232;5;5;48;2;7;0;0m▅[38;2;235;4;4;48;2;11;23;23m▅[38;2;223;4;4;48;2;30;83;82m▆[38;2;216;3;3;48;2;78;10;10m▇[38;2;60;1;1;48;2;241;2;2m▂[38;2;91;4;4;48;2;249;1;1m▄[38;2;41;0;0;48;2;202;3;3m╼[38;2;30;0;0;48;2;190;5;5m━[38;2;32;0;0;48;2;196;4;3m╾[38;2;90;3;3;48;2;247;1;1m▄[38;2;136;8;7;48;2;241;2;1m▂[38;2;234;2;2;48;2;126;13;12m▇[38;2;235;2;2;48;2;31;118;117m▆[38;2;238;3;3;48;2;12;23;22m▅[38;2;239;3;3;48;2;9;0;0m▅[38;2;240;2;2;48;2;46;2;2m▆[0m[7m[38;2;235;2;2m▁[38;2;221;2;2m▃[38;2;156;4;3m▆[0m[38;2;9;0;0m              [0m
 [38;2;0;0;0m               [7m[38;2;25;0;0m▇[38;2;89;4;4m▄[38;2;169;4;4m▂[0m[38;2;52;1;1;48;2;207;3;3m▁[38;2;127;4;4;48;2;212;4;4m▃[38;2;122;7;6;48;2;205;5;4m┛[38;2;250;0;0;48;2;241;2;2m┈[48;2;251;0;0m   [38;2;251;0;0;48;2;234;1;1m╴[38;2;154;6;6;48;2;227;5;5m▚[38;2;222;4;4;48;2;118;4;4m▇[38;2;76;3;3;48;2;204;4;4m▁[0m[7m[38;2;166;6;6m▂[38;2;193;4;4m▆[38;2;157;7;6m▇[0m [38;2;0;0;0m                [0m
 [38;2;0;0;0m                  [0m [38;2;204;7;7m▝[7m[38;2;237;1;1m▂[0m[38;2;197;9;8;48;2;250;0;0m▁[38;2;251;0;0m┈[38;2;223;11;11;48;2;251;0;0m▁[38;2;251;0;0;48;2;250;0;0m┈[48;2;240;1;1m┈[0m[7m[38;2;228;3;3m▂[0m[38;2;74;5;4m▘[0m [38;2;0;0;0m                    [0m
 [38;2;0;0;0m                     [0m     [38;2;0;0;0m                       [0m[u[0m [38;2;0;0;0m                              [0m [38;2;132;7;7m▄[0m [38;2;15;1;1m           [0m [38;2;14;1;1m    [0m
 [38;2;0;0;0m                           [0m [38;2;158;6;6m▃[38;2;204;6;5m▅[7m[38;2;172;5;5m▂[0m[38;2;145;5;5m▘     [38;2;52;2;2m╶[38;2;119;7;7m▃[38;2;78;4;3m▂   [0m [7m[38;2;195;8;7m▌[0m[38;2;214;7;6m▖   [0m
 [38;2;0;0;0m                          [38;2;103;5;5m▗[7m[38;2;222;6;5m▘[0m[38;2;233;5;5;48;2;174;6;5m▉[0m[38;2;163;6;6m▘        [7m[38;2;165;8;8m▌[0m[38;2;226;7;7;48;2;114;6;6m▊[0m[38;2;33;0;0m▏  [7m[38;2;153;8;8m▌[0m[38;2;240;4;4;48;2;232;6;6m╴[38;2;43;1;1;48;2;175;8;7m▗[0m [38;2;8;0;0m  [0m
   [38;2;0;0;0m╴[0m  [38;2;0;0;0m         [38;2;102;7;6m▗[38;2;40;1;1m▖         [7m[38;2;40;0;0m▉[0m[38;2;106;6;5;48;2;224;6;5m▘[48;2;242;2;1m [38;2;237;3;2;48;2;185;4;3m▉[0m[38;2;191;6;5m▖[0m [38;2;140;7;7m▗[38;2;112;9;9m▖   [0m [7m[38;2;142;6;6m▘[38;2;204;6;5m▂[0m[38;2;181;8;8m▘   [38;2;93;3;3m▝[7m[38;2;180;11;11m▖[0m[38;2;59;1;1m▎   [0m
 [38;2;0;0;0m   [38;2;13;1;1;48;2;120;3;3m▉[38;2;227;5;4;48;2;80;3;3m╴[0m [38;2;0;0;0m       [0m [7m[38;2;182;9;9m▎[0m[38;2;37;0;0m▎     [38;2;180;9;9m┏[38;2;58;3;3m▘  [7m[38;2;44;0;0m▉[0m[38;2;129;6;6;48;2;230;5;4m▎[38;2;251;0;0;48;2;245;0;0m▁▁[38;2;247;0;0;48;2;245;1;0m┈[38;2;244;1;1;48;2;90;2;2m▇[38;2;236;3;3;48;2;177;7;7m▊[0m[38;2;92;3;3m▏[38;2;92;4;4m▁[38;2;167;5;5m▄[0m  [7m[38;2;73;4;4m▇[0m[38;2;2;0;0m   [0m  [38;2;0;0;0m      [0m
 [38;2;0;0;0m [0m [38;2;160;1;1m▄[38;2;136;0;0;48;2;211;1;1m╲[38;2;15;0;0;48;2;34;1;0m╴[0m[38;2;15;0;0m        [7m[38;2;155;5;5m▌[0m[38;2;238;3;3;48;2;94;2;2m▊[0m[38;2;11;0;0m▏  [38;2;55;12;10m▁ [0m [38;2;58;1;1;48;2;224;5;5m▎[0m[7m[38;2;169;3;3m▝[0m  [38;2;196;4;4m▃[38;2;249;1;1;48;2;236;2;2m┊[48;2;251;0;0m    [38;2;183;4;4;48;2;246;1;1m▁[38;2;207;4;4;48;2;81;2;1m▇[38;2;251;0;0;48;2;237;2;2m┈[0m[38;2;219;5;5m▘ [0m [38;2;178;4;4m▃[7m[38;2;106;6;6m▗[0m [38;2;98;4;4m▗[7m[38;2;198;8;7m▚[0m[38;2;77;4;4m▘      [0m
 [38;2;0;0;0m [0m [38;2;7;0;0;48;2;171;2;2m▖[38;2;77;2;2;48;2;231;1;1m▝[0m[38;2;1;0;0m╴        [7m[38;2;195;5;5m▍[0m[38;2;251;0;0;48;2;241;2;2m╴[0m[38;2;135;6;6m▖ [0m [7m[38;2;181;8;8m▍[0m[38;2;220;2;2m▅[38;2;236;2;2m▅[38;2;251;0;0;48;2;249;1;0m┈[48;2;251;0;0m [38;2;249;0;0;48;2;153;5;5m▇[38;2;250;0;0;48;2;169;6;5m▇[48;2;251;0;0m    [38;2;251;0;0;48;2;248;1;1m┈[0m[7m[38;2;181;3;3m▗[0m[38;2;67;5;5m▂[38;2;178;8;8m▝[7m[38;2;156;4;4m▅[0m  [7m[38;2;178;4;4m▘[0m[38;2;248;1;1;48;2;220;10;10m▉[0m[38;2;110;4;4m▍[7m[38;2;57;4;3m▋[38;2;136;7;7m▄[38;2;69;4;4m▉[0m[38;2;163;7;6m▊[0m [38;2;0;0;0m  [0m [7m[38;2;152;7;7m▘[0m[38;2;69;6;5m▘[0m
 [38;2;0;0;0m  [0m  [7m[38;2;111;3;3m▃[0m[38;2;26;1;1;48;2;16;1;1m╴[0m[38;2;93;5;5m▂     [38;2;56;3;3m▁[0m [7m[38;2;215;4;4m▖[0m[38;2;230;2;2;48;2;137;3;3m▇[0m[38;2;117;4;3m▃[38;2;123;6;6m▂[7m[38;2;129;6;6m▌[0m[38;2;238;5;4;48;2;250;0;0m▏[48;2;251;0;0m         [38;2;240;2;2;48;2;154;2;2m▉[38;2;216;3;2;48;2;52;2;2m▅[38;2;121;6;6;48;2;238;3;3m▝[0m[38;2;183;5;5m▂[38;2;200;5;5m▂[38;2;208;3;3m▄[38;2;239;1;1;48;2;93;3;3m▆[48;2;251;0;0m  [0m[38;2;152;5;5m▌ [7m[38;2;86;5;5m▉[38;2;228;3;3m▘[0m[38;2;251;0;0;48;2;248;1;1m┈[0m[38;2;130;5;5m▌  [7m[38;2;63;2;2m▊[0m[38;2;229;5;4;48;2;193;5;5m▉[0m[38;2;135;5;5m▖[0m
[38;2;111;7;7m▅[0m [38;2;39;3;3m▁[0m [38;2;0;0;0m  [0m [7m[38;2;151;5;4m▖[0m[38;2;213;4;3m▅[38;2;157;4;4m▂[0m [38;2;0;0;0m  [0m [38;2;19;1;1;48;2;111;7;7m▅[38;2;27;1;1;48;2;145;8;8m▊[38;2;220;9;8;48;2;249;1;1m▏[38;2;242;2;2;48;2;163;5;5m▆[38;2;238;4;4;48;2;129;6;6m▋[38;2;34;0;0;48;2;211;4;4m▘[48;2;251;0;0m      [38;2;251;0;0;48;2;247;1;1m┈[48;2;249;0;0m┈[48;2;251;0;0m  [38;2;173;5;5;48;2;245;1;1m▁[38;2;164;3;3;48;2;238;2;1m▁[48;2;251;0;0m   [38;2;243;3;2m▁  [38;2;246;2;1;48;2;175;9;8m▉[0m[38;2;100;4;4m▎ [7m[38;2;153;8;8m▌[0m[38;2;85;4;3;48;2;226;2;2m▁[0m[7m[38;2;213;4;3m▄[0m[38;2;80;4;4m╲[38;2;117;9;8m▖ [0m [7m[38;2;195;4;4m▖[0m[38;2;215;4;4m▋[0m
[38;2;190;8;8m▝[7m[38;2;179;6;6m▝[0m[38;2;60;3;3m▁[7m[38;2;125;7;6m▖[0m[38;2;171;8;8m▖[38;2;154;10;9;48;2;41;3;3m▗[0m[38;2;146;7;6m▂[38;2;36;0;0m▁[38;2;164;5;5m▝[38;2;150;3;3;48;2;225;3;3m▏[38;2;32;1;1;48;2;203;3;3m▝[0m[7m[38;2;34;1;1m▚[0m[38;2;161;10;9;48;2;38;4;4m▗[0m[38;2;75;4;3m▖[7m[38;2;175;7;7m▍[0m[38;2;220;4;4;48;2;54;2;2m▖[38;2;68;3;2;48;2;218;4;4m▖[48;2;251;0;0m [38;2;251;0;0;48;2;249;0;0m▇[48;2;251;0;0m [38;2;250;0;0m▁   [38;2;251;0;0;48;2;249;0;0m┈[38;2;94;4;4;48;2;241;2;1m▂[38;2;234;4;4;48;2;92;4;4m▘[38;2;92;4;4;48;2;217;6;6m▌[38;2;77;3;3;48;2;235;2;2m▗[38;2;94;4;3;48;2;222;4;4m▆[38;2;234;3;3;48;2;68;4;4m▄[38;2;106;4;4;48;2;221;7;7m▋[38;2;248;1;1;48;2;251;0;0m▏ [38;2;251;0;0;48;2;249;0;0m▉[38;2;191;6;6;48;2;51;2;2m▌[38;2;58;2;2;48;2;214;3;3m▄[38;2;251;0;0;48;2;245;1;1m┊[48;2;251;0;0m [38;2;234;2;2;48;2;126;3;3m▇[0m[38;2;148;7;6m▄[38;2;206;7;6;48;2;142;7;6m▇[0m[38;2;92;2;2m▏[38;2;53;6;5m▁[7m[38;2;188;5;5m▎[0m[38;2;80;3;3;48;2;237;2;2m▝[0m[38;2;68;3;2m▖ [7m[38;2;72;3;3m▋[0m[38;2;219;9;8m▘[0m
 [38;2;136;5;4m▝[7m[38;2;96;5;5m▂[0m [7m[38;2;174;6;6m▖[0m[38;2;231;2;2;48;2;84;3;3m▆[38;2;243;2;2;48;2;229;3;3m┈[38;2;228;3;3;48;2;156;8;8m▇[0m[7m[38;2;132;5;5m▝[0m[38;2;149;6;6m▝[38;2;170;4;4;48;2;234;2;2m▏[0m[38;2;155;6;6m▋[38;2;45;2;2m▝[38;2;46;1;1;48;2;183;7;6m▖[38;2;66;2;2;48;2;238;3;3m▘[38;2;251;0;0;48;2;244;1;1m┈[38;2;237;2;2;48;2;110;4;3m▄[38;2;138;6;6;48;2;230;4;4m╸[38;2;250;0;0;48;2;248;0;0m▘[38;2;235;3;3;48;2;150;5;4m▊[38;2;38;1;1;48;2;229;3;3m▄[38;2;70;4;3;48;2;235;2;2m▂[38;2;105;5;5;48;2;243;2;2m▄[38;2;176;5;5;48;2;243;1;1m▁[38;2;55;1;1;48;2;174;6;6m┏[38;2;229;2;2;48;2;90;3;3m▅[38;2;251;0;0;48;2;245;1;1m╴[38;2;85;2;2;48;2;191;7;6m┗[38;2;210;4;3;48;2;102;3;3m▄[38;2;251;0;0;48;2;246;1;1m┈[38;2;249;0;0;48;2;248;0;0m╴[38;2;82;0;0;48;2;188;9;9m┃[38;2;251;0;0;48;2;248;0;0m┊[38;2;219;8;8;48;2;250;0;0m▁[38;2;249;0;0;48;2;247;1;1m┊[38;2;241;2;2;48;2;81;3;3m▅[38;2;235;2;2;48;2;35;0;0m▆[38;2;158;7;7;48;2;245;1;1m▘[38;2;247;0;0;48;2;251;0;0m▃[38;2;251;0;0;48;2;245;1;1m╴[38;2;111;7;6;48;2;196;6;5m┗[38;2;129;5;5;48;2;238;3;3m▖[0m[7m[38;2;151;5;4m▝[38;2;168;7;7m▖[0m[38;2;115;4;4;48;2;240;2;2m▘[38;2;251;0;0;48;2;249;0;0m╴[0m[38;2;165;5;5m▋   [0m
[38;2;147;6;5;48;2;22;0;0m▗[0m[38;2;143;4;4m▖ [0m [38;2;22;1;0m▁[7m[38;2;180;4;4m▃[0m[38;2;19;0;0;48;2;224;2;2m▂[0m[7m[38;2;176;6;6m▗[0m[38;2;16;151;150;48;2;49;12;12m▗[38;2;22;199;198;48;2;34;11;11m▂[38;2;29;182;181;48;2;100;8;8m▄[38;2;112;30;29;48;2;13;70;70m▊[0m[38;2;14;240;239m▅[38;2;10;233;232;48;2;20;14;14m▅[38;2;21;136;135;48;2;156;8;8m▖[38;2;248;0;0;48;2;238;1;1m┊[38;2;250;0;0;48;2;247;0;0m▅[38;2;251;0;0m▅▅[48;2;248;0;0m┈[38;2;242;2;2;48;2;102;4;4m▅[38;2;221;3;3;48;2;30;1;1m▃[38;2;45;1;1;48;2;176;10;9m▋[38;2;247;1;1;48;2;175;7;6m▆[38;2;235;2;2;48;2;170;6;6m▇[38;2;251;0;0;48;2;247;0;0m▅▅▅▅▅[38;2;122;5;4;48;2;237;3;3m▗[38;2;198;10;9;48;2;100;6;6m▝[38;2;181;6;5;48;2;72;3;3m▚[38;2;242;1;1;48;2;142;5;5m▆[38;2;251;0;0;48;2;249;0;0m┈[48;2;247;0;0m▅▅[48;2;245;1;1m┈[38;2;44;0;0;48;2;236;2;2m▁[38;2;90;4;4;48;2;245;1;1m▂[38;2;251;0;0;48;2;241;2;2m┈[38;2;108;5;5;48;2;208;10;9m▊[0m[38;2;206;5;5m▊[38;2;116;4;4m▗[38;2;183;6;6;48;2;241;2;2m▎[0m[7m[38;2;202;3;3m▗[0m[38;2;66;5;5m▘   [0m
[38;2;47;1;1;48;2;223;2;2m▍[38;2;171;3;3;48;2;6;0;0m▋[0m  [38;2;30;1;1;48;2;175;8;8m▍[0m[7m[38;2;94;3;3m▝[0m [38;2;16;244;243;48;2;9;50;50m▗[38;2;11;74;74;48;2;13;226;225m▂[38;2;0;6;6;48;2;6;247;246m▃[38;2;0;3;3;48;2;7;246;245m▃[38;2;0;6;6;48;2;12;231;230m▃[38;2;3;44;44;48;2;6;249;248m▃[38;2;32;143;142;48;2;2;251;250m▃[38;2;21;110;109;48;2;16;227;226m▂[38;2;39;33;32;48;2;194;6;6m▌[38;2;246;2;2;48;2;201;10;10m▉[38;2;106;5;4;48;2;207;5;5m▖[38;2;142;6;5;48;2;230;4;4m▗[38;2;203;7;7;48;2;246;1;1m▏[48;2;251;0;0m  [38;2;246;1;1;48;2;167;7;6m▆[48;2;251;0;0m [38;2;195;5;5;48;2;248;1;1m▗[38;2;237;5;4;48;2;249;0;0m▏[38;2;125;5;5;48;2;233;3;3m▗[38;2;202;7;7;48;2;242;2;2m▏[48;2;251;0;0m [38;2;250;0;0;48;2;240;3;3m▉[38;2;180;8;8;48;2;56;2;2m▎[38;2;216;3;3;48;2;69;4;4m▅[38;2;251;0;0;48;2;245;1;1m┈[48;2;251;0;0m  [48;2;243;1;1m╴[38;2;39;1;1;48;2;209;3;3m▃[38;2;15;0;0;48;2;150;4;4m▇[48;2;0;0;0m  [38;2;35;1;1;48;2;177;7;7m▋[38;2;85;2;2;48;2;215;5;5m▝[0m[38;2;132;9;8m▊[38;2;80;3;3;48;2;223;4;4m▎[38;2;200;4;4;48;2;56;2;2m▊[0m[38;2;189;5;5m▄[38;2;180;6;6m▋[0m [38;2;0;0;0m  [0m
 [38;2;57;6;6;48;2;115;2;2m╴[0m[38;2;3;0;0m╴[38;2;43;0;0m▁[38;2;53;1;1;48;2;221;4;4m▎[38;2;230;6;6;48;2;108;3;3m▌[38;2;65;3;3;48;2;196;7;7m▝[38;2;3;6;6;48;2;28;121;121m▇[38;2;31;135;135;48;2;11;62;62m╻[38;2;25;241;240;48;2;11;73;72m╺[38;2;17;206;205;48;2;0;9;8m▅[38;2;12;68;67;48;2;21;196;195m▌[38;2;24;118;117;48;2;16;211;210m┎[38;2;26;158;157;48;2;28;64;63m▌[38;2;39;187;186;48;2;44;56;55m┸[38;2;34;131;131;48;2;13;13;13m▃[38;2;23;7;7;48;2;208;4;4m▅[38;2;211;9;9;48;2;32;2;2m▘[38;2;30;1;1;48;2;202;6;6m▖[38;2;251;0;0;48;2;245;1;1m┊[38;2;185;5;4;48;2;241;1;1m▁[38;2;190;3;3;48;2;240;2;2m▏[38;2;202;4;3;48;2;247;1;1m▁[38;2;251;0;0;48;2;248;1;1m┈[38;2;200;9;9;48;2;74;2;2m▍[38;2;250;0;0;48;2;233;5;5m┊[38;2;106;4;4;48;2;217;9;8m▊[38;2;251;0;0;48;2;249;0;0m┊[48;2;251;0;0m [48;2;250;0;0m┈[38;2;244;2;1;48;2;100;4;4m▆[38;2;251;0;0;48;2;245;1;1m┈[48;2;251;0;0m [48;2;240;1;1m╴[38;2;43;1;1;48;2;223;2;2m▃[38;2;127;4;4;48;2;8;0;0m▘[48;2;0;0;0m    [38;2;7;0;0;48;2;128;5;5m▊[38;2;208;17;16;48;2;247;1;1m▏[38;2;148;9;8;48;2;233;3;2m▝[38;2;251;0;0;48;2;245;1;1m┊[38;2;212;9;8;48;2;129;5;5m▌[38;2;228;9;9;48;2;248;1;1m▏[0m[38;2;197;7;7m▋   [0m
 [38;2;0;0;0m [38;2;51;4;4m▝[38;2;109;5;5;48;2;170;12;11m┚[38;2;186;2;1;48;2;240;2;2m▏[38;2;251;0;0;48;2;238;4;4m▇[48;2;247;1;1m┈[38;2;234;4;3;48;2;70;3;3m▖[38;2;0;0;0;48;2;4;8;8m┈[38;2;4;20;19;48;2;20;207;206m▅[38;2;6;36;36;48;2;14;203;202m▃[38;2;1;27;27;48;2;23;144;143m▂[38;2;47;197;196;48;2;20;120;120m┖[38;2;41;109;108;48;2;146;9;8m▃[38;2;33;161;160;48;2;142;8;7m▁[38;2;119;48;47;48;2;30;106;105m▎[38;2;0;1;1;48;2;26;148;147m▝[38;2;0;0;0;48;2;1;5;5m┊[38;2;13;30;29;48;2;75;3;3m▇[38;2;17;2;2;48;2;237;5;5m▆[38;2;58;1;1;48;2;141;13;11m╉[38;2;127;5;5;48;2;240;3;3m▃[38;2;218;5;4;48;2;129;4;4m▚[38;2;233;7;7;48;2;250;0;0m▘[38;2;81;3;3;48;2;240;2;2m▝[38;2;80;3;3;48;2;182;4;4m▚[38;2;42;1;1;48;2;167;6;6m▃[38;2;57;2;2;48;2;191;6;6m▂[38;2;44;0;0;48;2;238;3;3m▁[38;2;47;0;0;48;2;242;2;2m▁[38;2;67;4;4;48;2;248;1;1m▂[38;2;40;2;1;48;2;244;1;1m▃[38;2;32;1;1;48;2;234;2;2m▅[38;2;123;8;7;48;2;47;2;2m▃[38;2;12;1;1;48;2;142;7;7m▘[38;2;144;11;10;48;2;26;1;1m▎[48;2;0;0;0m   [38;2;0;0;0;48;2;2;0;0m┈[38;2;6;0;0;48;2;161;5;5m▘[38;2;251;0;0;48;2;245;1;1m┊[38;2;165;7;6;48;2;227;5;5m▖[38;2;246;0;0;48;2;250;0;0m╴[38;2;209;5;5;48;2;108;4;4m▌[38;2;85;8;7;48;2;228;4;4m▂[0m[38;2;128;5;4m▘   [0m
 [38;2;0;0;0m  [7m[38;2;181;6;5m▋[0m[38;2;245;3;2;48;2;248;1;1m╴[48;2;251;0;0m [38;2;249;1;1;48;2;211;9;8m▉[38;2;166;6;5;48;2;26;1;0m▘[38;2;24;181;180;48;2;3;8;8m▗[38;2;9;234;233;48;2;5;22;22m▄[38;2;3;20;20;48;2;19;152;151m▘[38;2;37;205;204;48;2;6;46;45m╸[38;2;3;23;23;48;2;25;149;148m▖[38;2;29;157;156;48;2;19;106;106m▆[38;2;2;78;78;48;2;31;179;178m─[38;2;17;101;101;48;2;29;182;182m╼[38;2;11;57;57;48;2;14;241;240m▄[38;2;18;79;78;48;2;1;17;16m▏[38;2;0;4;4;48;2;23;234;233m▄[38;2;28;103;103;48;2;5;11;11m▏[38;2;16;1;0;48;2;180;7;7m▄[38;2;37;2;2;48;2;179;5;5m▖[38;2;20;0;0;48;2;231;2;2m▂[38;2;80;3;3;48;2;243;1;1m▂[38;2;251;0;0;48;2;250;0;0m┈[48;2;248;0;0m▉[38;2;168;5;5;48;2;222;5;4m▁[38;2;189;8;8;48;2;19;0;0m▇[38;2;144;9;9;48;2;13;0;0m▆[38;2;155;10;9;48;2;11;0;0m▄[38;2;150;9;9;48;2;1;0;0m▃[38;2;206;13;13;48;2;11;0;0m▁[38;2;120;4;4;48;2;1;0;0m▁[38;2;47;0;0m▁[38;2;16;0;0;48;2;2;0;0m▁[38;2;44;0;0;48;2;0;0;0m▁[38;2;129;5;5;48;2;2;0;0m▁[38;2;180;6;6;48;2;4;0;0m▂[38;2;225;5;5;48;2;25;1;1m▃[38;2;197;5;5;48;2;73;2;2m▆[38;2;144;7;7;48;2;222;4;4m╺[38;2;231;3;3;48;2;175;7;7m▅[38;2;251;0;0;48;2;240;2;2m┈[48;2;246;1;1m┈[0m[38;2;211;7;6m▘[0m [38;2;0;0;0m    [0m
 [38;2;0;0;0m  [0m [7m[38;2;151;4;4m▅[38;2;222;2;2m▃[0m[38;2;75;3;3;48;2;219;4;4m▁[38;2;176;7;7;48;2;27;1;1m▖[38;2;23;218;217;48;2;10;67;67m┕[38;2;17;138;137;48;2;17;213;212m╺[38;2;21;148;147;48;2;19;208;207m╍[38;2;9;61;60;48;2;21;207;206m▂[38;2;20;202;201;48;2;6;49;48m▇[38;2;18;217;216;48;2;3;39;38m▆[38;2;15;239;238;48;2;0;31;30m▆[38;2;14;238;237;48;2;0;25;24m▆[38;2;14;234;233;48;2;2;30;30m▆[38;2;11;219;218;48;2;0;25;24m▇[38;2;0;14;13;48;2;13;225;224m▁[38;2;24;180;179;48;2;4;25;24m▘[38;2;11;241;240;48;2;8;57;56m▗[38;2;28;180;179;48;2;4;22;22m▍[38;2;167;9;8;48;2;46;3;3m━[38;2;46;2;2;48;2;132;7;7m▉[38;2;44;1;1;48;2;177;5;5m━[38;2;194;5;5;48;2;244;2;2m▏[38;2;251;0;0;48;2;245;1;1m┈[38;2;108;3;3;48;2;212;4;4m▝[38;2;56;1;1;48;2;172;5;5m╾[38;2;85;3;2;48;2;175;7;6m▂[38;2;94;2;2;48;2;192;7;7m╾[38;2;108;4;3;48;2;194;6;5m▃[38;2;117;7;6;48;2;206;6;6m▁[38;2;172;9;9;48;2;214;5;5m╵[38;2;179;8;8;48;2;216;4;4m╵[38;2;188;8;8;48;2;220;4;4m╵[38;2;189;7;7;48;2;221;4;4m╵[38;2;238;4;4;48;2;177;6;5m▅[38;2;81;2;2;48;2;208;4;4m▁[38;2;51;2;2;48;2;230;4;4m▃[38;2;37;0;0;48;2;178;4;4m╼[38;2;236;2;2;48;2;112;4;4m▄[38;2;117;5;5;48;2;228;3;3m▂[38;2;24;149;148;48;2;125;5;5m▃[0m[38;2;21;158;157m▇[38;2;18;195;194m▅[38;2;15;184;183m▃[0m [38;2;0;0;0m  [0m
 [38;2;0;0;0m  [0m [7m[38;2;112;8;8m▆[38;2;154;8;8m▅[38;2;37;3;3m▃[0m[38;2;15;1;1;48;2;147;10;9m▇[38;2;9;0;0;48;2;46;4;3m▉[38;2;187;14;14;48;2;67;15;14m┓[38;2;2;3;3;48;2;32;187;186m▆[38;2;0;2;2;48;2;28;187;186m▅[38;2;2;18;17;48;2;18;213;212m▅[38;2;3;20;20;48;2;17;217;216m▅[38;2;1;15;14;48;2;27;182;181m▅[38;2;0;2;2;48;2;31;157;156m▅[38;2;0;0;0;48;2;0;5;5m┈[48;2;0;0;0m [38;2;14;243;242;48;2;8;47;46m▗[38;2;9;235;234;48;2;4;27;27m▅[38;2;10;60;59;48;2;16;185;184m▚[38;2;14;208;207;48;2;13;142;141m▇[38;2;10;243;242;48;2;4;32;32m▃[38;2;5;2;2;48;2;56;25;25m╴[38;2;219;7;7;48;2;60;2;2m▘[38;2;169;6;5;48;2;244;2;2m▎[38;2;247;2;2;48;2;251;0;0m▁ [38;2;251;0;0;48;2;248;1;1m┈[38;2;236;2;2;48;2;79;3;3m▆[38;2;82;2;2;48;2;185;4;4m▘[38;2;84;3;3;48;2;215;4;4m▃[38;2;221;3;3;48;2;49;1;1m▆[38;2;231;3;3;48;2;59;2;2m▄[38;2;232;4;4;48;2;71;2;2m▃[38;2;229;3;3;48;2;74;2;2m▃[38;2;243;3;2;48;2;81;4;4m▃[38;2;245;2;2;48;2;61;2;2m▄[38;2;198;5;5;48;2;14;0;0m▆[38;2;27;123;122;48;2;167;4;4m▂[38;2;18;87;86;48;2;209;4;4m▄[38;2;9;236;235;48;2;106;25;25m▄[38;2;10;238;237;48;2;14;18;17m▆[38;2;11;232;231;48;2;12;94;93m▃[38;2;7;42;42;48;2;14;217;216m▄[38;2;13;192;191;48;2;14;105;104m▆[38;2;5;34;33;48;2;17;184;183m╺[38;2;18;231;230;48;2;14;105;104m▚[0m[38;2;19;190;189m▖ [0m
 [38;2;0;0;0m     [0m [38;2;154;9;9m▝[38;2;113;6;6;48;2;25;0;0m▇[38;2;7;1;1;48;2;69;2;2m▇[38;2;0;0;0;48;2;1;0;0m┈[48;2;0;0;0m  [48;2;0;1;1m┈[38;2;17;221;220;48;2;5;34;34m▗[38;2;7;232;231;48;2;1;16;16m▆[38;2;6;240;239;48;2;0;5;4m▇[38;2;4;241;240;48;2;0;6;5m▇[38;2;0;252;251;48;2;7;241;240m╴[38;2;4;49;48;48;2;6;249;248m▃[38;2;16;240;239;48;2;14;83;82m▘[38;2;20;174;173;48;2;6;246;245m▏[38;2;3;251;250;48;2;43;222;221m▉[38;2;24;144;144;48;2;1;14;14m▏[38;2;231;6;6;48;2;58;4;3m▝[38;2;64;2;1;48;2;181;5;5m╼[38;2;93;4;4;48;2;236;3;3m▘[38;2;143;4;4;48;2;244;1;1m▁[38;2;45;2;1;48;2;242;1;1m▃[38;2;79;2;2;48;2;234;3;3m▄[38;2;214;8;7;48;2;247;1;1m╴[38;2;185;8;7;48;2;19;0;0m▌[38;2;12;0;0;48;2;126;5;4m▇[38;2;60;3;2;48;2;219;4;4m▅[38;2;73;3;3;48;2;236;2;2m▃[38;2;151;6;5;48;2;248;1;1m▂[48;2;251;0;0m [38;2;25;4;4;48;2;208;5;4m▗[38;2;43;84;83;48;2;16;211;210m▍[38;2;0;252;251;48;2;2;251;250m┈[38;2;6;238;237;48;2;17;123;122m▇[38;2;5;55;54;48;2;15;201;200m╺[38;2;14;96;95;48;2;6;248;247m▄[38;2;14;76;75;48;2;17;204;203m▂[38;2;12;244;243;48;2;17;105;104m▅[38;2;6;245;244;48;2;5;37;37m▅[38;2;21;184;183;48;2;12;212;211m╸[38;2;19;143;142;48;2;8;242;241m▘[0m[38;2;16;190;190m▋ [0m
 [38;2;0;0;0m       [0m   [38;2;87;8;7;48;2;11;0;0m▅[38;2;22;0;0;48;2;1;0;0m▏[38;2;2;10;10;48;2;21;99;98m▉[38;2;4;28;28;48;2;16;239;238m▃[38;2;16;221;220;48;2;19;116;115m▚[38;2;9;247;246;48;2;17;105;104m▅[38;2;15;127;126;48;2;13;212;211m┗[38;2;13;81;80;48;2;20;231;230m▄[38;2;8;61;60;48;2;22;197;196m▍[38;2;19;128;127;48;2;11;234;233m▂[38;2;24;140;139;48;2;1;251;250m▂[38;2;22;145;144;48;2;7;249;248m▂[38;2;21;161;160;48;2;10;39;39m▄[38;2;55;21;20;48;2;144;10;9m▆[38;2;10;0;0;48;2;222;5;5m▃[38;2;25;0;0;48;2;241;3;2m▃[38;2;214;7;7;48;2;18;0;0m▘[38;2;13;0;0;48;2;87;5;5m▉[38;2;23;0;0;48;2;222;6;6m▄[38;2;30;1;1;48;2;165;5;4m━[38;2;196;8;7;48;2;68;9;9m▖[38;2;19;197;196;48;2;124;13;13m▃[38;2;13;242;241;48;2;126;15;15m▄[38;2;24;167;166;48;2;154;10;9m▄[38;2;186;7;6;48;2;86;3;3m▆[38;2;114;4;4;48;2;196;7;6m┓[0m[38;2;112;6;6m▎[0m [7m[38;2;13;211;210m▅[38;2;6;243;242m▃[0m[38;2;14;64;63;48;2;8;231;230m▂[38;2;14;82;82;48;2;18;219;218m▝[38;2;9;245;244;48;2;2;23;23m▄[38;2;13;246;245;48;2;6;42;41m▃[38;2;12;247;246;48;2;11;96;96m▃[38;2;24;157;156;48;2;14;211;210m╸[0m[7m[38;2;21;183;182m▗[0m [38;2;3;23;23m [0m
 [38;2;0;0;0m          [0m [38;2;14;70;70m▁[38;2;17;194;193;48;2;1;11;11m▃[38;2;9;63;62;48;2;9;230;229m▘[38;2;0;252;251;48;2;1;252;251m┈[48;2;0;252;251m  [38;2;18;231;231;48;2;8;49;48m▋[38;2;0;23;23;48;2;14;210;209m▂[38;2;1;31;31;48;2;16;208;207m▂[38;2;0;11;11;48;2;17;182;181m▂[38;2;9;44;43;48;2;24;166;165m▂[38;2;0;5;5;48;2;20;179;178m▁[38;2;29;183;182;48;2;17;82;81m┳[38;2;0;0;0;48;2;1;2;2m┊[38;2;44;2;2;48;2;171;6;6m▍[38;2;220;4;3;48;2;24;0;0m▇[38;2;230;4;4;48;2;57;2;2m▆[38;2;34;0;0;48;2;205;4;4m▁[38;2;34;1;1;48;2;213;4;4m▄[38;2;29;24;24;48;2;23;215;214m▌[38;2;0;252;251;48;2;1;252;251m┈[48;2;0;252;251m [48;2;1;251;250m┈[38;2;92;45;45;48;2;11;223;222m▝[38;2;30;157;156;48;2;190;9;9m▃[0m[7m[38;2;121;9;9m▝[0m [38;2;0;0;0m   [7m[38;2;22;121;121m▇[38;2;20;206;205m▆[38;2;16;243;242m▆[38;2;19;224;223m▆[38;2;24;149;148m▇[0m[38;2;1;4;4m   [0m
 [38;2;0;0;0m      [0m [38;2;27;225;224m▁[38;2;14;208;207m▃[38;2;11;241;240m▄[38;2;5;235;234m▆[38;2;3;251;250;48;2;22;172;171m▇[48;2;0;252;251m [38;2;0;252;251;48;2;1;252;251m┈[38;2;28;137;136;48;2;4;250;249m▁[38;2;10;57;57;48;2;5;248;247m▃[38;2;5;36;36;48;2;14;225;224m▅[38;2;23;201;200;48;2;7;34;34m▂[38;2;0;0;0;48;2;0;3;3m┈[48;2;0;0;0m       [48;2;31;0;0m▇[48;2;32;0;0m▇[48;2;0;0;0m [38;2;20;127;126;48;2;1;4;4m▗[38;2;22;160;159;48;2;3;19;19m▖[38;2;4;20;20;48;2;12;217;216m▄[38;2;10;58;57;48;2;5;244;243m▂[38;2;0;252;251;48;2;4;248;247m┈[48;2;0;252;251m [48;2;1;252;251m┈[38;2;4;244;243;48;2;19;91;91m▇[0m[38;2;8;233;232m▅[38;2;10;240;239m▃[38;2;16;191;190m▂[38;2;21;115;114m▁        [0m
 [38;2;0;0;0m     [0m [7m[38;2;34;221;220m▆[38;2;14;214;213m▅[38;2;19;236;235m▅[38;2;21;240;239m▅[38;2;17;229;228m▅[38;2;11;206;205m▅[0m[38;2;135;8;7;48;2;21;95;94m▃[38;2;226;4;4;48;2;18;56;55m▄[38;2;233;4;4;48;2;37;3;3m▖[38;2;0;0;0;48;2;1;0;0m┈[38;2;0;2;2;48;2;9;61;60m▉[38;2;18;117;116;48;2;11;243;242m▖[38;2;4;247;246;48;2;16;127;126m▆[38;2;24;222;221;48;2;4;23;23m▖[38;2;38;165;164;48;2;28;34;34m╾[38;2;203;8;7;48;2;14;42;42m▂[38;2;210;4;4;48;2;2;0;0m▃[38;2;229;8;8;48;2;9;0;0m▃[38;2;218;6;5;48;2;4;0;0m▃[38;2;221;7;6;48;2;11;0;0m▂[38;2;173;9;8;48;2;16;34;34m▁[38;2;29;130;130;48;2;0;14;14m▄[38;2;13;218;217;48;2;4;27;27m▅[38;2;16;158;157;48;2;10;233;232m▁[38;2;20;179;179;48;2;2;13;13m▘[48;2;0;0;0m [38;2;166;7;7;48;2;8;0;0m▗[38;2;227;4;4;48;2;15;25;25m▄[38;2;117;6;6;48;2;23;204;203m▆[38;2;16;183;182;48;2;20;82;82m╵[0m[7m[38;2;9;219;218m▄[38;2;16;244;243m▄▄[38;2;15;243;242m▄[38;2;12;221;220m▄[38;2;22;180;179m▅[0m [38;2;13;56;56m      [0m
 [38;2;0;0;0m            [0m [7m[38;2;193;3;3m▃[38;2;235;2;2m▁[0m[38;2;225;4;4;48;2;49;2;2m▆[38;2;221;3;3;48;2;4;0;0m▅[38;2;223;3;3;48;2;10;34;33m▅[38;2;214;5;4;48;2;30;120;120m▆[38;2;217;4;4;48;2;51;20;20m▇[38;2;83;3;3;48;2;241;3;3m▂[38;2;68;3;3;48;2;238;2;2m▃[38;2;43;0;0;48;2;191;4;4m─[38;2;94;2;2;48;2;241;3;3m▅[38;2;28;0;0;48;2;183;4;3m─[38;2;66;3;2;48;2;232;2;2m▃[38;2;139;8;7;48;2;242;2;2m▂[38;2;234;3;3;48;2;94;22;21m▇[38;2;226;3;3;48;2;22;155;154m▆[38;2;224;2;2;48;2;12;38;37m▅[38;2;226;2;2;48;2;6;0;0m▅[38;2;232;2;2;48;2;30;1;1m▆[38;2;96;7;7;48;2;235;2;2m▁[0m[7m[38;2;228;2;2m▃[38;2;175;4;4m▆[0m [38;2;0;0;0m             [0m
 [38;2;0;0;0m               [7m[38;2;56;1;1m▇[38;2;101;6;6m▄[38;2;177;5;5m▂[0m[38;2;218;4;4;48;2;116;3;3m▆[38;2;119;5;5;48;2;198;4;4m▂[38;2;111;6;6;48;2;197;6;5m▝[38;2;246;1;1;48;2;173;5;5m▇[48;2;251;0;0m   [38;2;240;1;1;48;2;168;6;6m▇[38;2;156;7;7;48;2;221;6;6m▚[38;2;228;4;4;48;2;144;6;5m▆[38;2;111;9;9;48;2;208;5;4m▁[0m[7m[38;2;175;7;6m▂[38;2;161;4;4m▅[38;2;189;11;10m▇[0m [38;2;0;0;0m                [0m
 [38;2;0;0;0m                  [0m [38;2;210;7;7m▝[38;2;82;3;3;48;2;242;1;1m▂[38;2;218;7;7;48;2;251;0;0m▁[38;2;247;0;0m▁[38;2;234;5;5m▁[38;2;251;0;0;48;2;250;0;0m┈[48;2;245;1;1m┈[0m[7m[38;2;232;3;3m▂[38;2;84;2;2m▇[0m [38;2;0;0;0m                    [0m
 [38;2;0;0;0m                    [0m [7m[38;2;94;8;8m▇[38;2;160;15;14m▇[38;2;134;5;5m▇[38;2;162;10;10m▇[38;2;71;4;4m▇[0m[38;2;0;0;0m                       [0m[u[0m [38;2;0;0;0m                              [0m [38;2;124;7;6m▄[0m [38;2;13;0;0m           [0m  [38;2;0;0;0m   [0m
 [38;2;0;0;0m                           [0m [38;2;157;6;6m▂[38;2;219;3;3m▄[38;2;164;4;4m▇[38;2;186;6;5m▘    [0m [38;2;100;8;8m▂[38;2;91;5;4m▁     [7m[38;2;182;5;5m▌[0m[38;2;188;7;6m▍   [0m
 [38;2;0;0;0m                          [38;2;134;7;7m▗[7m[38;2;220;4;3m▘[0m[38;2;242;2;1;48;2;234;4;3m┊[0m[7m[38;2;119;3;3m▗[0m [38;2;0;0;0m      [0m [38;2;103;4;4;48;2;214;7;6m▎[0m[7m[38;2;132;5;4m▝[0m[38;2;8;0;0m   [38;2;209;7;7m▗[38;2;242;2;1;48;2;210;5;4m╴[0m[38;2;131;7;7m▘   [0m
  [38;2;0;0;0m┈[0m  [38;2;0;0;0m          [38;2;69;7;7m▂[0m [38;2;22;1;1m         [38;2;115;6;6m▗[38;2;236;5;5;48;2;218;5;4m┊[48;2;242;2;1m [38;2;231;4;3;48;2;132;5;5m▉[0m[38;2;109;6;6m▖[0m [38;2;92;6;6m▄[0m [38;2;0;0;0m    [38;2;199;9;9m▗[7m[38;2;212;6;6m▂[0m[38;2;166;8;8m▘   [38;2;177;8;7m▝[38;2;134;9;8m▋    [0m
 [38;2;0;0;0m  [0m [38;2;4;0;0;48;2;53;7;6m▉[38;2;180;4;3;48;2;98;4;4m╴[0m [38;2;0;0;0m       [0m [38;2;63;2;1;48;2;192;10;10m▎[0m[38;2;47;2;1m▍     [38;2;163;8;8m▗[38;2;109;6;6m▍  [7m[38;2;129;6;6m▌[0m[38;2;219;10;9;48;2;240;3;2m▏[38;2;244;0;0;48;2;242;2;1m▂▂[38;2;242;2;1;48;2;236;2;2m┈[0m[38;2;227;3;2m▇[38;2;230;4;4;48;2;153;8;8m▉[0m[38;2;73;1;1m▏[0m [38;2;157;6;5m▃[38;2;111;8;8m╸ [7m[38;2;72;7;6m▆[0m[38;2;0;0;0m   [38;2;95;10;9m▗[38;2;82;5;5m▁      [0m
 [38;2;0;0;0m  [38;2;132;4;3m▗[38;2;54;3;3;48;2;227;1;1m▘[38;2;114;2;2;48;2;71;1;1m╴[0m [38;2;0;0;0m       [7m[38;2;93;4;4m▊[0m[38;2;183;13;13;48;2;236;4;3m▏[0m[38;2;94;5;5m▌  [0m [38;2;40;5;5m  [7m[38;2;195;6;5m▍[38;2;212;3;3m▝[0m[38;2;89;3;3m▁[0m [38;2;195;5;5;48;2;58;3;2m▃[38;2;223;7;7;48;2;244;1;1m▏[38;2;251;0;0;48;2;246;0;0m▁▁▁▁[38;2;247;0;0;48;2;243;1;1m┈[38;2;205;5;5;48;2;69;3;3m▇[38;2;238;2;2;48;2;97;5;4m▇[0m[7m[38;2;168;5;5m▗[0m [38;2;0;0;0m [38;2;196;6;6m▗[38;2;89;6;5m▇[0m [38;2;74;4;4m▁[7m[38;2;171;7;7m▘[0m[38;2;181;8;8m▘[0m [38;2;0;0;0m     [0m
 [38;2;0;0;0m  [38;2;6;0;0;48;2;158;3;3m▌[38;2;240;1;1;48;2;100;4;4m▊[0m [38;2;0;0;0m        [7m[38;2;163;8;8m▋[0m[38;2;251;0;0;48;2;249;0;0m┊[0m[38;2;186;7;7m▌  [7m[38;2;177;7;7m▎[0m[38;2;237;2;2m▄[38;2;233;2;2m▅[38;2;251;0;0;48;2;246;1;1m┈[48;2;251;0;0m [38;2;250;0;0;48;2;181;6;6m▇[38;2;249;1;1;48;2;153;9;9m▇[48;2;251;0;0m     [0m[7m[38;2;223;3;3m▗[38;2;132;4;4m▆[38;2;103;6;6m▍[38;2;143;4;4m▄[0m  [38;2;224;5;5m▗[38;2;251;0;0;48;2;241;2;2m┈[0m[38;2;143;5;5m▌[7m[38;2;44;2;2m▉[38;2;120;7;7m▗[0m [7m[38;2;164;7;6m▘[0m[38;2;75;3;3m▏  [0m [38;2;161;8;8m▅[38;2;68;5;5m▘[0m
 [38;2;0;0;0m  [0m [7m[38;2;98;2;2m▅[0m[38;2;25;0;0;48;2;66;2;2m╴[0m[38;2;10;0;0m╴[38;2;83;5;5m▂     [38;2;68;5;5m▁[0m [7m[38;2;217;4;4m▖[0m[38;2;230;2;2;48;2;146;3;3m▉[0m[38;2;118;4;3m▂[38;2;80;5;5m▂[7m[38;2;147;6;6m▍[0m[38;2;246;2;2;48;2;251;0;0m▏         [38;2;244;2;2;48;2;170;5;5m▉[38;2;223;3;3;48;2;65;2;2m▄[38;2;64;2;2;48;2;218;5;4m▝[0m[38;2;176;9;9m▁[38;2;143;5;5m▂[38;2;210;4;3m▃[38;2;235;2;2m▅[38;2;251;0;0;48;2;248;1;1m┈[48;2;251;0;0m [0m[38;2;202;5;5m▌ [38;2;89;4;4m▁[7m[38;2;209;3;3m▘[0m[38;2;251;0;0;48;2;248;1;1m┈[0m[38;2;148;6;6m▌  [7m[38;2;99;5;5m▋[0m[38;2;232;4;4;48;2;170;4;4m▉[0m[38;2;132;4;4m▖[0m
[38;2;160;11;10m▖[0m   [38;2;12;0;0m  [7m[38;2;28;1;1m▇[38;2;156;5;5m▖[0m[38;2;214;4;3m▅[38;2;133;4;4m▖   [7m[38;2;61;4;3m▇[38;2;73;5;5m▖[0m[38;2;20;1;1;48;2;141;7;6m▋[38;2;251;0;0;48;2;246;1;1m┊[38;2;141;8;7;48;2;226;2;2m╹[38;2;234;5;5;48;2;104;4;4m▋[38;2;37;1;1;48;2;208;5;4m▘[48;2;251;0;0m      [38;2;228;6;6m▁   [38;2;251;0;0;48;2;241;1;1m┈[38;2;177;4;4;48;2;243;1;1m▁[48;2;251;0;0m [38;2;251;0;0;48;2;244;2;2m▇[48;2;249;1;1m▇[38;2;250;0;0;48;2;251;0;0m╷  [38;2;244;2;2;48;2;162;7;7m▉[0m[38;2;78;3;3m▎[0m [7m[38;2;180;7;7m▍[0m[38;2;72;3;3;48;2;225;2;2m▁[0m[7m[38;2;217;4;4m▄[0m[38;2;79;3;3m╲[38;2;96;8;7m▖ [0m [7m[38;2;209;4;4m▖[0m[38;2;221;4;4m▋[0m
[38;2;208;7;7m▝[7m[38;2;171;5;5m▝[0m [7m[38;2;127;7;7m▖[0m[38;2;156;8;7m▖[38;2;169;12;11;48;2;41;3;3m▗[0m[38;2;102;4;4m▂[0m [38;2;193;5;5m▝[38;2;179;3;3;48;2;230;3;2m╱[0m[38;2;193;3;3m▅[38;2;31;0;0m╺[38;2;146;9;9m▗[0m [7m[38;2;157;6;6m▎[0m[38;2;210;5;4;48;2;43;1;1m▖[38;2;68;3;2;48;2;222;4;4m▖[48;2;251;0;0m [38;2;251;0;0;48;2;246;1;1m▇[48;2;251;0;0m     [48;2;249;0;0m┈[38;2;89;3;3;48;2;240;2;2m▂[38;2;217;6;6;48;2;75;3;3m▘[38;2;107;4;4;48;2;221;4;4m▍[38;2;88;3;3;48;2;237;2;2m▗[38;2;93;3;3;48;2;236;3;3m▆[38;2;224;4;4;48;2;71;4;3m▄[38;2;108;4;4;48;2;224;6;6m▋[48;2;251;0;0m  [38;2;251;0;0;48;2;250;0;0m┈[38;2;7;0;0;48;2;157;5;5m▗[38;2;23;1;0;48;2;202;3;3m▖[38;2;251;0;0;48;2;249;1;1m┈[48;2;251;0;0m [38;2;76;3;3;48;2;234;2;2m▝[0m[38;2;142;6;6m▄[38;2;216;6;6;48;2;138;7;7m▊[0m[38;2;47;1;1m▏[38;2;42;5;5m▁[7m[38;2;182;5;5m▎[0m[38;2;68;2;2;48;2;234;3;3m▝[0m [38;2;56;3;3m [7m[38;2;101;6;5m▋[0m[38;2;226;7;7m▘[0m
 [38;2;148;5;5m▝[7m[38;2;102;5;5m▂[0m[38;2;12;0;0m▝[38;2;26;0;0;48;2;193;7;6m▖[38;2;241;2;2;48;2;102;3;3m▅[38;2;207;7;7;48;2;240;2;2m╸[38;2;226;4;4;48;2;106;4;4m▇[0m[7m[38;2;115;4;4m▝[0m[38;2;177;7;6;48;2;21;0;0m▝[38;2;183;4;4;48;2;238;2;2m▁[0m[38;2;139;6;6m▋[38;2;77;4;4m▝[38;2;206;7;7;48;2;91;3;3m▚[38;2;55;1;1;48;2;235;4;4m▘[38;2;251;0;0;48;2;244;1;1m┈[38;2;231;3;2;48;2;103;3;3m▄[38;2;154;7;7;48;2;228;4;3m╸[48;2;251;0;0m [38;2;105;2;2;48;2;222;3;3m╺[38;2;24;0;0;48;2;221;3;3m▃[38;2;96;6;6;48;2;240;3;3m▂[38;2;88;4;4;48;2;233;2;2m▃[38;2;250;0;0;48;2;237;1;1m┊[38;2;207;6;5;48;2;101;4;4m▍[38;2;228;3;2;48;2;90;3;3m▅[38;2;251;0;0;48;2;246;1;1m┈[38;2;90;2;2;48;2;184;8;8m┗[38;2;203;4;4;48;2;93;4;4m▄[38;2;251;0;0;48;2;245;1;1m┈[48;2;250;0;0m┈[38;2;85;1;1;48;2;193;8;8m┃[38;2;246;1;1;48;2;250;0;0m▏[38;2;239;3;3;48;2;251;0;0m▁[38;2;248;1;1;48;2;232;7;7m▉[38;2;236;3;3;48;2;55;1;1m▅[38;2;246;1;1;48;2;61;2;1m▅[38;2;184;2;2;48;2;234;3;2m▏[48;2;251;0;0m [38;2;251;0;0;48;2;245;1;1m┈[38;2;107;4;4;48;2;195;7;7m┗[38;2;140;6;6;48;2;240;3;3m▖[0m[7m[38;2;143;4;4m▝[38;2;164;6;6m▖[0m[38;2;105;4;4;48;2;241;2;2m▘[38;2;251;0;0;48;2;250;0;0m┊[0m[38;2;177;7;7m▌   [0m
[38;2;152;6;6;48;2;18;0;0m▗[0m[38;2;44;1;1m╴ [0m [38;2;43;1;1m▝[7m[38;2;198;4;4m▃[0m[38;2;36;1;1;48;2;235;2;2m▂[38;2;19;0;0;48;2;182;6;6m▗[38;2;15;127;126;48;2;58;8;8m▗[38;2;23;178;177;48;2;36;6;6m▂[38;2;27;186;185;48;2;94;20;19m▃[38;2;103;25;24;48;2;22;88;88m▉[0m[38;2;14;227;226m▅[38;2;13;218;217;48;2;27;3;3m▅[38;2;23;114;113;48;2;172;7;6m▖[38;2;250;0;0;48;2;243;1;1m┊[48;2;251;0;0m [38;2;251;0;0;48;2;249;0;0m▇[48;2;251;0;0m [48;2;248;1;1m┈[38;2;237;2;2;48;2;79;3;3m▅[38;2;207;5;5;48;2;22;1;1m▃[38;2;47;1;1;48;2;167;10;9m▋[38;2;234;3;3;48;2;161;5;4m▇[38;2;155;6;6;48;2;234;2;2m╹[48;2;251;0;0m  [38;2;251;0;0;48;2;250;0;0m┈[48;2;251;0;0m  [38;2;131;5;5;48;2;240;3;2m▗[38;2;204;9;9;48;2;105;6;5m▝[38;2;178;6;6;48;2;71;2;2m▚[38;2;149;5;4;48;2;243;2;2m▘[38;2;250;0;0;48;2;251;0;0m▏  [38;2;251;0;0;48;2;249;1;1m┈[38;2;93;3;3;48;2;244;1;1m▁[38;2;65;1;1;48;2;240;2;2m▁[38;2;251;0;0;48;2;242;2;2m┈[38;2;107;5;5;48;2;215;9;8m▊[38;2;208;5;5;48;2;43;0;0m▊[0m[7m[38;2;113;4;4m▉[0m[38;2;164;5;5;48;2;237;3;2m▏[0m[7m[38;2;211;3;3m▗[0m [38;2;69;4;3m   [0m
[38;2;49;2;2;48;2;220;3;3m▍[38;2;170;2;2;48;2;6;0;0m▋[0m  [38;2;30;1;1;48;2;166;8;8m▍[0m[38;2;100;3;3m▅[0m [38;2;19;241;240;48;2;6;38;38m▗[38;2;17;101;100;48;2;12;222;221m▂[38;2;3;34;34;48;2;4;251;250m▃[38;2;1;31;31;48;2;8;249;248m▃[38;2;4;35;35;48;2;10;226;225m▃[38;2;1;17;16;48;2;9;232;231m▂[38;2;18;95;94;48;2;8;246;245m▂[38;2;19;117;116;48;2;15;222;221m▂[38;2;43;34;34;48;2;201;6;6m▌[38;2;246;2;2;48;2;203;10;10m▉[38;2;108;4;4;48;2;214;5;5m▖[38;2;140;6;5;48;2;234;4;3m▗[38;2;207;5;5;48;2;246;1;1m▏[48;2;251;0;0m  [38;2;142;5;5;48;2;234;3;3m╹[38;2;251;0;0;48;2;250;0;0m┈[38;2;194;7;7;48;2;244;1;1m▁[38;2;251;0;0;48;2;248;1;1m┈[38;2;126;5;5;48;2;237;2;2m▗[38;2;200;8;8;48;2;242;2;2m▏[48;2;251;0;0m [38;2;250;0;0;48;2;241;2;2m▉[38;2;191;6;6;48;2;59;2;2m▘[38;2;223;4;4;48;2;82;4;4m▄[38;2;251;0;0;48;2;241;1;1m┈[48;2;251;0;0m  [48;2;246;1;1m╴[38;2;57;2;2;48;2;219;2;2m▃[38;2;9;0;0;48;2;145;4;4m▆[38;2;0;0;0;48;2;2;0;0m┈[48;2;1;0;0m┈[38;2;45;2;2;48;2;188;7;6m▋[38;2;83;2;2;48;2;207;5;5m▝[0m[38;2;133;9;8m▊[38;2;74;3;3;48;2;217;4;4m▎[38;2;206;4;4;48;2;60;2;2m▊[0m[38;2;175;5;4m▄[38;2;170;6;6m▋   [0m
[38;2;112;4;4m▝[38;2;22;1;1;48;2;147;3;3m▂[0m[38;2;53;0;0m▂[38;2;26;0;0m▁[38;2;78;3;3;48;2;232;4;4m▍[38;2;230;6;6;48;2;101;2;2m▌[38;2;57;3;3;48;2;186;7;7m▝[38;2;4;12;12;48;2;24;130;129m▇[38;2;32;125;125;48;2;12;61;60m╻[38;2;29;197;196;48;2;7;53;52m━[38;2;20;224;223;48;2;5;25;25m▄[38;2;10;60;60;48;2;22;185;184m▌[38;2;21;137;136;48;2;19;203;202m┎[38;2;26;209;208;48;2;26;90;89m▘[38;2;40;178;177;48;2;36;68;67m┸[38;2;31;125;124;48;2;14;7;7m▃[38;2;13;4;4;48;2;197;5;4m▄[38;2;209;8;8;48;2;42;2;2m▘[38;2;37;1;1;48;2;206;7;6m▖[38;2;251;0;0;48;2;244;1;1m┊[38;2;244;1;1;48;2;198;3;3m▉[38;2;189;3;3;48;2;241;2;2m▏[38;2;209;5;5;48;2;248;1;1m▁[38;2;251;0;0;48;2;248;0;0m┈[38;2;206;8;8;48;2;80;3;3m▍[38;2;250;0;0;48;2;234;5;5m┊[38;2;107;5;4;48;2;218;9;9m▊[38;2;243;3;2;48;2;251;0;0m▏ [38;2;251;0;0;48;2;250;0;0m┈[38;2;249;1;1;48;2;120;5;5m▅[38;2;226;5;5;48;2;247;1;1m▏[48;2;251;0;0m [38;2;251;0;0;48;2;245;1;1m┊[38;2;54;2;2;48;2;228;2;2m▃[38;2;150;4;4;48;2;12;1;1m▘[48;2;0;0;0m    [38;2;7;0;0;48;2;128;5;5m▊[38;2;209;18;17;48;2;247;1;1m▏[38;2;239;2;2;48;2;153;8;8m▅[38;2;250;0;0;48;2;243;1;1m┊[38;2;213;8;8;48;2;127;5;5m▌[38;2;250;0;0;48;2;244;2;2m┊[0m[38;2;199;7;7m▋   [0m
  [38;2;58;4;4m▝[38;2;164;11;10;48;2;73;4;4m▇[38;2;179;2;2;48;2;239;2;2m▏[38;2;233;4;3;48;2;248;1;1m╵[38;2;251;0;0;48;2;246;1;1m┈[38;2;228;4;4;48;2;57;2;2m▖[38;2;3;3;3;48;2;17;77;76m▇[38;2;1;8;8;48;2;26;185;184m▄[38;2;1;16;16;48;2;19;191;189m▂[38;2;5;49;49;48;2;26;148;147m▂[38;2;49;195;194;48;2;23;119;118m┖[38;2;48;88;88;48;2;141;9;9m▃[38;2;13;106;105;48;2;150;8;7m▁[38;2;120;6;5;48;2;33;116;116m▘[38;2;26;169;168;48;2;11;60;59m▃[38;2;0;0;0;48;2;0;4;4m┊[38;2;11;14;14;48;2;95;4;4m▇[38;2;7;1;1;48;2;207;4;4m▅[38;2;94;7;7;48;2;156;8;8m▊[38;2;120;8;8;48;2;243;2;2m▃[38;2;216;4;4;48;2;127;5;4m▚[38;2;233;7;7;48;2;250;0;0m▘[38;2;65;2;2;48;2;235;3;3m▝[38;2;29;0;0;48;2;151;5;4m╾[38;2;52;2;2;48;2;166;6;6m▃[38;2;37;0;0;48;2;185;7;7m▁[38;2;91;1;1;48;2;243;3;3m▁[38;2;96;2;2;48;2;247;1;1m▁[38;2;43;0;0;48;2;238;2;2m▁[38;2;20;0;0;48;2;232;3;3m▂[38;2;19;0;0;48;2;217;3;3m▄[38;2;126;9;8;48;2;55;2;2m▃[38;2;12;1;1;48;2;141;7;7m▘[38;2;145;7;7;48;2;26;1;1m▎[48;2;0;0;0m   [38;2;0;0;0;48;2;1;0;0m┈[38;2;229;5;5;48;2;73;3;3m▗[38;2;251;0;0;48;2;246;1;1m┊[38;2;169;7;6;48;2;227;5;5m▖[38;2;246;0;0;48;2;250;0;0m╴[38;2;240;3;3;48;2;128;6;5m▖[38;2;74;8;7;48;2;220;4;4m▁[0m[38;2;142;5;5m▘   [0m
 [38;2;0;0;0m  [7m[38;2;166;5;5m▌[0m[38;2;243;3;3;48;2;250;0;0m▏[48;2;251;0;0m [38;2;249;1;1;48;2;214;9;8m▉[38;2;180;6;6;48;2;35;1;1m▘[38;2;21;166;165;48;2;3;5;5m▗[38;2;11;222;221;48;2;2;12;12m▄[38;2;22;231;230;48;2;12;89;89m▁[38;2;33;219;218;48;2;5;37;36m╸[38;2;3;21;21;48;2;26;155;154m▖[38;2;19;103;102;48;2;35;153;152m╶[38;2;0;61;60;48;2;37;178;177m─[38;2;1;65;64;48;2;30;177;176m─[38;2;7;45;44;48;2;18;228;227m▃[38;2;19;84;84;48;2;2;18;18m▏[38;2;2;18;18;48;2;22;239;238m▄[38;2;28;109;108;48;2;5;11;11m▏[38;2;7;0;0;48;2;164;7;7m▃[38;2;41;3;3;48;2;191;5;5m▖[38;2;39;2;2;48;2;239;2;2m▂[38;2;100;4;4;48;2;247;1;1m▂[38;2;251;0;0;48;2;250;0;0m┊┈[38;2;224;5;5;48;2;134;7;7m▇[38;2;181;8;8;48;2;5;0;0m▇[38;2;136;9;8;48;2;6;0;0m▆[38;2;147;8;8;48;2;7;0;0m▄[38;2;178;12;12;48;2;9;0;0m▂[38;2;171;13;12;48;2;6;0;0m▁[38;2;75;1;1;48;2;0;0;0m▁[38;2;2;0;0;48;2;20;1;1m▇[38;2;1;0;0;48;2;34;2;1m▇[38;2;14;0;0;48;2;0;0;0m▁[38;2;83;2;2m▁[38;2;199;10;10;48;2;13;0;0m▁[38;2;213;5;5;48;2;15;1;1m▃[38;2;196;5;5;48;2;54;3;3m▆[38;2;165;5;5;48;2;221;5;4m┎[38;2;228;3;3;48;2;180;7;7m▅[38;2;251;0;0;48;2;240;2;2m┈[48;2;247;1;1m┈[0m[38;2;154;5;5m▌[0m [38;2;0;0;0m    [0m
 [38;2;0;0;0m  [0m [7m[38;2;170;5;5m▅[38;2;233;2;2m▃[0m[38;2;107;4;4;48;2;223;5;4m▁[38;2;162;6;6;48;2;23;1;1m▖[38;2;0;12;12;48;2;21;152;151m▍[38;2;19;114;113;48;2;16;222;221m╺[38;2;22;137;136;48;2;18;209;208m╸[38;2;0;24;23;48;2;23;195;194m▁[38;2;22;195;194;48;2;0;24;23m▇[38;2;18;217;216;48;2;1;33;32m▆[38;2;8;248;247;48;2;14;74;73m▅[38;2;9;247;246;48;2;12;69;68m▅[38;2;16;234;233;48;2;0;17;16m▆[38;2;9;234;233;48;2;13;69;69m▆[38;2;6;52;52;48;2;12;219;218m▁[38;2;22;162;161;48;2;5;31;30m▘[38;2;12;234;233;48;2;8;48;48m▗[38;2;25;169;169;48;2;4;22;22m▍[38;2;191;10;9;48;2;53;3;3m╼[38;2;115;8;8;48;2;38;2;2m▝[38;2;103;4;4;48;2;219;3;3m▅[38;2;200;6;5;48;2;245;1;1m▏[38;2;249;1;1;48;2;193;5;5m▇[38;2;106;4;4;48;2;209;3;3m┗[38;2;102;4;4;48;2;193;7;7m▄[38;2;67;3;3;48;2;172;6;6m▁[38;2;93;2;2;48;2;186;8;7m╾[38;2;89;3;3;48;2;189;7;7m▂[38;2;222;4;4;48;2;160;11;10m▅[38;2;247;1;1;48;2;166;10;10m▄[48;2;160;7;7m▄[48;2;172;8;8m▄[38;2;246;2;1;48;2;184;7;7m▄[38;2;236;4;3;48;2;187;5;5m▅[38;2;116;5;5;48;2;211;5;4m▁[38;2;33;1;1;48;2;212;4;4m▂[38;2;63;2;2;48;2;182;4;4m▖[38;2;229;2;2;48;2;117;4;4m▄[38;2;111;5;5;48;2;221;3;3m▁[38;2;30;95;94;48;2;163;5;5m▄[38;2;21;163;162;48;2;9;28;28m▆[0m[38;2;17;192;191m▅[38;2;13;191;190m▂[0m [38;2;0;0;0m  [0m
 [38;2;0;0;0m  [0m [7m[38;2;130;11;10m▆[38;2;123;7;6m▄[38;2;39;3;3m▃[0m[38;2;5;0;0;48;2;129;12;11m▆[38;2;0;0;0;48;2;15;1;1m╴[38;2;187;13;13;48;2;63;21;20m┓[38;2;2;8;8;48;2;32;204;203m▆[38;2;1;11;11;48;2;26;174;173m▅[38;2;0;1;1;48;2;19;194;193m▄[48;2;21;201;200m▄[48;2;29;166;165m▄[38;2;1;10;10;48;2;38;163;162m▅[38;2;0;5;5;48;2;3;62;61m▇[38;2;0;0;0;48;2;0;1;1m┈[38;2;18;239;238;48;2;6;38;38m▗[38;2;11;226;225;48;2;2;14;14m▅[38;2;10;64;63;48;2;17;186;184m▚[38;2;14;206;205;48;2;14;129;128m▇[38;2;12;235;234;48;2;4;21;21m▃[38;2;14;77;77;48;2;61;12;12m▁[38;2;228;6;6;48;2;63;3;2m▘[38;2;163;6;5;48;2;244;3;2m▎[48;2;251;0;0m  [38;2;251;0;0;48;2;246;1;1m┈[38;2;243;1;1;48;2;91;3;3m▅[38;2;80;3;2;48;2;183;4;4m━[38;2;94;3;2;48;2;214;4;4m▃[38;2;234;3;3;48;2;75;3;3m▅[38;2;243;2;2;48;2;85;4;4m▃[38;2;14;0;0;48;2;168;5;4m━[38;2;8;0;0m━[38;2;234;4;4;48;2;85;3;3m▃[38;2;238;2;2;48;2;66;2;2m▄[38;2;214;5;5;48;2;37;1;1m▅[38;2;33;82;81;48;2;165;4;4m▂[38;2;26;81;80;48;2;219;4;4m▄[38;2;12;226;225;48;2;124;16;16m▄[38;2;7;247;246;48;2;27;47;46m▅[38;2;13;218;217;48;2;12;96;95m▃[38;2;8;45;44;48;2;14;225;224m▄[38;2;16;200;199;48;2;15;94;93m▆[38;2;14;78;77;48;2;16;192;191m━[38;2;15;223;222;48;2;15;100;100m▚[0m[38;2;18;170;169m▖ [0m
 [38;2;0;0;0m     [0m [38;2;151;9;9m▝[38;2;22;1;1;48;2;123;7;7m▝[38;2;10;1;1;48;2;80;9;8m▇[38;2;0;0;0;48;2;1;0;0m┈[48;2;0;0;0m   [38;2;17;205;204;48;2;4;24;24m▗[38;2;7;244;243;48;2;7;43;43m▅[38;2;4;250;249;48;2;8;50;49m▆[48;2;7;48;47m▆[38;2;0;252;251;48;2;7;238;237m┈[38;2;0;17;16;48;2;7;232;231m▂[38;2;13;245;244;48;2;14;81;80m▘[38;2;21;170;169;48;2;7;245;244m▏[38;2;2;251;250;48;2;40;224;223m▉[38;2;22;148;148;48;2;2;15;15m▏[38;2;225;6;5;48;2;58;3;3m▝[38;2;91;4;4;48;2;186;4;4m▖[38;2;99;4;4;48;2;233;3;3m▘[38;2;165;4;4;48;2;246;1;1m▁[38;2;25;1;1;48;2;230;2;2m▂[38;2;77;3;3;48;2;241;2;2m▄[38;2;214;8;7;48;2;247;1;1m╴[38;2;186;7;7;48;2;19;0;0m▌[38;2;15;0;0;48;2;157;5;5m▇[38;2;57;3;2;48;2;232;3;3m▅[38;2;75;3;3;48;2;243;2;1m▃[38;2;140;4;4;48;2;244;1;1m▁[48;2;251;0;0m [38;2;29;5;5;48;2;216;4;4m▗[38;2;73;48;47;48;2;15;197;196m▘[38;2;0;252;251;48;2;4;250;249m┈[38;2;4;245;244;48;2;14;124;123m▆[38;2;10;73;72;48;2;15;202;201m╺[38;2;10;72;71;48;2;7;238;237m▃[38;2;17;102;101;48;2;16;211;210m▂[38;2;11;242;241;48;2;12;88;87m▅[38;2;9;235;234;48;2;3;28;28m▅[38;2;19;154;153;48;2;11;220;219m╍[38;2;21;127;126;48;2;8;242;241m▘[0m[38;2;17;201;200m▋ [0m
 [38;2;0;0;0m       [7m[38;2;28;2;2m▇[0m  [38;2;88;7;6;48;2;5;0;0m▅[38;2;18;0;0;48;2;1;0;0m▏[38;2;1;9;9;48;2;18;96;95m▉[38;2;9;44;44;48;2;13;242;240m▃[38;2;17;224;223;48;2;16;109;108m▚[38;2;9;236;235;48;2;15;120;119m▅[38;2;11;67;66;48;2;12;206;205m╺[38;2;12;80;79;48;2;17;234;233m▄[38;2;7;59;58;48;2;25;190;189m▍[38;2;19;122;122;48;2;10;236;235m▂[38;2;25;115;114;48;2;4;246;245m▁[38;2;15;116;115;48;2;9;245;244m▁[38;2;29;178;177;48;2;9;45;45m▃[38;2;152;12;12;48;2;59;14;13m┗[38;2;26;1;1;48;2;227;4;4m▃[38;2;47;2;2;48;2;246;2;2m▃[38;2;218;7;6;48;2;25;1;1m▘[38;2;13;0;0;48;2;90;5;5m▉[38;2;33;1;1;48;2;221;6;6m▄[38;2;86;3;3;48;2;207;4;4m▅[38;2;154;12;12;48;2;43;1;1m▄[38;2;20;176;175;48;2;123;10;10m▃[38;2;12;226;225;48;2;145;8;7m▄[38;2;19;175;174;48;2;143;19;19m▃[38;2;197;6;6;48;2;97;4;4m▅[38;2;115;5;4;48;2;200;6;6m┓[0m[38;2;121;7;6m▎[7m[38;2;12;87;87m▇[38;2;11;195;194m▄[38;2;7;231;230m▂[0m[38;2;5;28;28;48;2;9;224;223m▁[38;2;13;69;69;48;2;16;217;216m▝[38;2;12;237;236;48;2;1;12;12m▄[38;2;15;233;232;48;2;7;47;46m▃[38;2;2;24;24;48;2;13;192;191m━[38;2;23;123;122;48;2;10;218;217m╸[0m[7m[38;2;22;193;192m▗[0m [38;2;3;25;24m [0m
 [38;2;0;0;0m          [0m [7m[38;2;1;5;5m┈[0m[38;2;16;210;209;48;2;2;20;19m▂[38;2;6;238;237;48;2;9;72;71m▅[38;2;0;252;251;48;2;2;251;250m┈[48;2;0;252;251m  [38;2;17;230;229;48;2;8;49;48m▋[38;2;13;57;57;48;2;13;212;211m▂[38;2;0;4;4;48;2;18;196;195m▁[38;2;8;43;42;48;2;16;179;178m▂[38;2;0;15;14;48;2;23;158;157m▁[38;2;18;188;187;48;2;14;84;83m▊[38;2;32;196;195;48;2;16;87;86m┲[38;2;0;9;8;48;2;1;1;1m╴[38;2;45;3;2;48;2;170;6;6m▍[38;2;237;4;4;48;2;56;3;3m▆[38;2;233;4;4;48;2;31;0;0m▆[38;2;201;4;4;48;2;73;3;3m▇[38;2;22;1;1;48;2;201;4;4m▃[38;2;38;23;23;48;2;22;209;208m▌[38;2;0;252;251;48;2;1;252;251m┈[48;2;0;252;251m [48;2;2;250;249m┈[38;2;106;31;30;48;2;12;214;213m▝[38;2;21;169;168;48;2;177;15;14m▂[0m[7m[38;2;119;7;7m▝[0m [38;2;0;0;0m   [7m[38;2;29;176;175m▇[38;2;18;235;234m▆[38;2;13;202;201m▅[38;2;12;244;243m▆[38;2;22;195;194m▇[0m [38;2;0;0;0m  [0m
 [38;2;0;0;0m      [0m [38;2;32;188;187m▁[38;2;15;237;236m▂[38;2;10;228;227m▄[38;2;7;227;226m▆[38;2;4;248;247;48;2;17;138;137m▇[48;2;0;252;251m  [38;2;25;175;174;48;2;2;251;250m▁[38;2;8;39;39;48;2;6;239;238m▂[38;2;6;45;44;48;2;12;238;237m▅[38;2;24;185;184;48;2;5;31;31m▂[38;2;0;0;0;48;2;0;1;1m┈[48;2;0;0;0m      [48;2;1;0;0m┈[48;2;59;2;2m▇[48;2;61;4;3m▇[48;2;1;0;0m┈[38;2;16;105;104;48;2;0;1;1m▗[38;2;22;145;144;48;2;3;25;24m▖[38;2;4;32;32;48;2;13;229;228m▄[38;2;15;95;94;48;2;4;248;247m▂[38;2;0;252;251;48;2;3;250;249m┈[48;2;0;252;251m [48;2;1;251;250m┈[38;2;3;250;249;48;2;25;110;110m▆[0m[38;2;6;247;246m▄[38;2;12;217;216m▃[38;2;19;159;158m▂[0m [38;2;0;0;0m        [0m
 [38;2;0;0;0m     [0m [7m[38;2;21;168;167m▅[38;2;14;244;243m▅[38;2;8;248;247m▅[38;2;5;212;211m▄[38;2;9;246;245m▅[38;2;14;232;231m▅[0m[38;2;140;8;8;48;2;11;112;112m▃[38;2;212;3;3;48;2;15;77;77m▄[38;2;223;6;6;48;2;29;8;8m▖[38;2;0;0;0;48;2;1;0;0m┈[38;2;0;2;2;48;2;8;63;63m▉[38;2;19;137;136;48;2;11;244;243m▖[38;2;5;244;243;48;2;17;100;100m▆[38;2;26;219;218;48;2;2;17;17m▖[38;2;41;177;176;48;2;19;44;43m─[38;2;166;9;8;48;2;10;42;41m▂[38;2;235;6;6;48;2;12;1;1m▂[38;2;209;5;5;48;2;4;0;0m▃[38;2;239;5;5;48;2;17;0;0m▂[38;2;196;7;6;48;2;4;0;0m▂[38;2;46;225;224;48;2;22;18;18m╶[38;2;26;140;139;48;2;0;3;3m▄[38;2;12;230;229;48;2;7;38;38m▄[38;2;13;173;172;48;2;9;232;231m▁[38;2;22;188;187;48;2;2;18;18m▘[48;2;0;0;0m [38;2;145;9;9;48;2;4;0;0m▗[38;2;211;4;4;48;2;9;41;41m▄[38;2;103;12;12;48;2;20;227;226m▆[38;2;0;0;0;48;2;19;106;105m┈[0m[7m[38;2;11;237;236m▄[38;2;5;213;212m▃[38;2;7;248;247m▄[38;2;8;247;246m▄[38;2;16;233;232m▄[38;2;17;150;149m▄[0m [38;2;0;0;0m      [0m
 [38;2;0;0;0m            [7m[38;2;69;3;3m▇[38;2;204;3;3m▃[0m[38;2;95;4;4;48;2;239;3;3m▁[38;2;240;3;3;48;2;67;3;3m▅[38;2;241;3;3;48;2;18;1;1m▄[38;2;242;3;2;48;2;23;33;33m▄[38;2;205;4;3;48;2;22;167;166m▆[38;2;233;4;4;48;2;74;28;28m▆[38;2;55;0;0;48;2;228;3;3m▁[38;2;73;3;3;48;2;243;2;2m▃[38;2;105;5;5;48;2;242;3;3m▄[38;2;74;3;3;48;2;225;4;4m▄[38;2;92;6;5;48;2;239;3;3m▄[38;2;68;2;2;48;2;241;2;2m▃[38;2;146;7;7;48;2;243;2;2m▂[38;2;243;2;2;48;2;107;18;18m▆[38;2;212;4;3;48;2;28;199;198m▆[38;2;243;2;2;48;2;24;41;41m▄[38;2;244;2;2;48;2;20;0;0m▄[48;2;50;2;2m▅[38;2;152;6;6;48;2;234;2;2m▁[0m[7m[38;2;235;1;1m▃[38;2;157;5;5m▅[0m [38;2;0;0;0m             [0m
 [38;2;0;0;0m              [0m [7m[38;2;110;7;7m▇[0m[38;2;148;9;9m▝[7m[38;2;181;6;6m▂[0m[38;2;227;5;5;48;2;117;5;5m▆[38;2;190;5;5;48;2;80;2;2m▇[38;2;97;3;3;48;2;191;6;6m▝[38;2;245;1;1;48;2;155;5;5m▇[48;2;251;0;0m [38;2;250;0;0m┊ [38;2;236;1;1;48;2;156;5;5m▇[38;2;157;8;7;48;2;212;6;6m▚[38;2;232;4;3;48;2;137;6;6m▆[38;2;176;5;5;48;2;206;5;5m╲[0m[7m[38;2;186;7;6m▂[38;2;188;4;4m▅[38;2;163;6;6m▆[0m [38;2;0;0;0m                [0m
 [38;2;0;0;0m                  [0m [38;2;212;8;8m▝[38;2;112;5;5;48;2;245;1;1m▂[38;2;251;0;0;48;2;249;1;1m┊[38;2;250;0;0;48;2;251;0;0m▁[38;2;245;2;2m▁ [38;2;232;5;5m▁[0m[7m[38;2;222;3;3m▁[38;2;78;6;5m▆[0m [38;2;0;0;0m                    [0m
 [38;2;0;0;0m                    [0m [7m[38;2;153;9;8m▇[38;2;212;9;9m▇[38;2;179;12;12m▇[38;2;209;9;9m▇[38;2;126;7;7m▇[0m[38;2;1;0;0m                       [0m[u[0m [38;2;0;0;0m                               [38;2;157;8;7m▗[0m [38;2;49;5;4m           [0m  [38;2;78;4;4m   [0m
 [38;2;0;0;0m                          [0m [38;2;117;6;6m▁[38;2;187;5;5m▃[38;2;229;2;2m▄[38;2;204;3;3m▆[38;2;233;4;3m▘    [0m [38;2;112;7;7m▂      [38;2;183;5;5m▗[38;2;207;4;4m▋   [0m
 [38;2;0;0;0m                          [7m[38;2;167;7;6m▌[0m[38;2;242;1;1;48;2;192;8;8m▇[38;2;248;0;0;48;2;243;1;1m┊[0m[7m[38;2;165;3;3m▗[38;2;64;3;3m▇[0m[38;2;3;0;0m      [38;2;168;7;7m▝[38;2;210;4;4m▆[38;2;121;5;5m▖   [38;2;197;7;6m▗[38;2;136;4;3;48;2;217;3;3m▁[0m[38;2;153;5;4m▘   [0m
  [38;2;0;0;0m╴[0m  [38;2;0;0;0m          [38;2;62;6;5m▁[0m [38;2;0;0;0m         [38;2;151;7;7m▗[38;2;242;2;1;48;2;235;3;3m┊[48;2;244;0;0m▇[38;2;228;4;3;48;2;93;4;4m▊[0m  [38;2;74;4;4m▁     [38;2;138;6;6m▗[38;2;94;4;3;48;2;217;5;4m▁[0m[38;2;166;9;9m▘   [38;2;210;10;9m▝[38;2;152;9;8m▍    [0m
 [38;2;0;0;0m  [0m [7m[38;2;13;1;1m╴[0m[38;2;144;5;4m▅[0m [38;2;0;0;0m       [7m[38;2;98;6;6m▊[0m[38;2;187;11;11;48;2;80;3;3m▊[0m[38;2;28;0;0m▏     [7m[38;2;74;4;4m▉[0m[38;2;186;12;11m▖[0m [38;2;0;0;0m [7m[38;2;165;6;6m▍[0m[38;2;0;0;0;48;2;242;2;1m   [38;2;232;3;2;48;2;97;4;4m▇[0m[38;2;231;4;3m▆[38;2;98;4;4;48;2;225;5;4m▝[0m [38;2;0;0;0m [38;2;119;5;5m▂[38;2;144;9;9m▖ [7m[38;2;103;6;6m▆[0m [38;2;0;0;0m [0m [38;2;110;8;8m▃[0m [38;2;0;0;0m [0m [38;2;0;0;0m    [0m
 [38;2;0;0;0m  [0m [7m[38;2;168;2;2m▘[0m[38;2;239;0;0;48;2;132;2;1m╴[0m [38;2;0;0;0m       [7m[38;2;75;3;3m▋[0m[38;2;189;14;13;48;2;234;5;5m▏[38;2;160;5;5;48;2;22;1;1m▌[0m[38;2;160;5;5m  [0m [38;2;0;0;0m  [7m[38;2;159;7;7m▌[0m[38;2;80;4;4;48;2;233;4;3m▝[0m[38;2;124;4;4m▁[0m [7m[38;2;180;7;6m▘[0m[38;2;12;0;0;48;2;243;1;1m [38;2;244;0;0;48;2;242;2;1m▄▄▄▄[48;2;243;1;1m┈[38;2;209;5;4;48;2;73;3;3m▇[0m[38;2;222;4;3m▇[7m[38;2;206;6;5m▗[0m [38;2;0;0;0m [38;2;153;6;6m▗[38;2;173;10;9m▖[0m [38;2;66;5;4m▁[38;2;81;3;3;48;2;181;8;7m▏[0m[38;2;165;9;9m▘[0m [38;2;0;0;0m     [0m
 [38;2;0;0;0m  [0m [38;2;246;0;0;48;2;226;2;2m┊[0m[38;2;24;1;1m╴        [7m[38;2;89;3;3m▊[0m[38;2;179;13;12;48;2;241;2;2m▏[38;2;219;4;4;48;2;47;0;0m▊[0m [38;2;0;0;0m [7m[38;2;173;8;7m▍[0m[38;2;228;3;2m▄[38;2;229;2;2m▅[38;2;247;0;0;48;2;240;1;1m┈[38;2;251;0;0;48;2;246;0;0m▁[38;2;247;0;0;48;2;204;6;6m▇[38;2;245;1;1;48;2;151;8;8m▇[38;2;247;0;0;48;2;244;0;0m▇[38;2;251;0;0;48;2;247;0;0m▁▁▁▁[38;2;121;3;3;48;2;227;1;1m▁[0m[7m[38;2;185;4;4m▅[38;2;93;6;6m▌[38;2;165;5;5m▄[0m [38;2;0;0;0m [38;2;177;7;6m▗[38;2;235;2;2;48;2;167;5;4m▇[0m[38;2;166;5;5m▋[0m [7m[38;2;120;8;7m▂[38;2;85;4;4m▆[0m[38;2;199;6;5m▗[38;2;138;8;7m▌  [0m [38;2;144;8;8m▅[38;2;67;8;7m▘[0m
 [38;2;0;0;0m  [0m  [7m[38;2;84;2;2m▂[0m[38;2;0;0;0m╴[38;2;90;6;6m▁     [38;2;47;7;6m▁[0m [38;2;69;3;3;48;2;223;5;4m▍[38;2;242;2;2;48;2;172;5;5m▉[0m[38;2;113;4;4m▖[38;2;72;5;5m▁[7m[38;2;170;6;5m▍[0m[38;2;249;0;0;48;2;251;0;0m▏         [38;2;248;1;1;48;2;207;8;8m▉[38;2;201;3;3;48;2;73;3;2m▄[38;2;201;5;5;48;2;76;3;2m▊[0m[38;2;64;2;2m▁[38;2;142;7;7m▁[38;2;175;5;5m▃[38;2;217;2;2m▅[38;2;251;0;0;48;2;239;1;1m┈[48;2;251;0;0m [38;2;230;4;4;48;2;48;2;2m▋[0m[38;2;230;4;4m [38;2;77;5;5m▁[38;2;223;3;3m▄[38;2;251;0;0;48;2;242;1;1m┈[0m[38;2;169;6;6m▋  [7m[38;2;142;8;7m▋[0m[38;2;130;5;4;48;2;239;3;3m▝[0m[38;2;90;5;5m▖[0m
[38;2;114;6;6m▖ [0m [38;2;2;0;0m   [7m[38;2;41;2;2m▇[38;2;163;5;5m▖[0m[38;2;215;4;3m▅[38;2;122;4;4m▖   [38;2;79;5;5m▝[38;2;57;5;4m▇[38;2;15;0;0;48;2;154;7;7m▌[38;2;241;4;3;48;2;250;0;0m▏[38;2;121;4;4;48;2;234;3;3m▝[38;2;213;6;6;48;2;63;1;1m▊[38;2;35;1;1;48;2;202;5;4m▘[38;2;250;0;0;48;2;251;0;0m▏     [38;2;239;4;4m▁   [38;2;251;0;0;48;2;245;1;1m┈[38;2;191;4;3;48;2;247;1;1m▁[48;2;251;0;0m [38;2;251;0;0;48;2;218;10;10m▇[48;2;235;6;5m▇[48;2;251;0;0m   [38;2;248;1;1;48;2;192;6;6m▉[0m[38;2;116;3;3m▎[0m [7m[38;2;203;6;6m▍[0m[38;2;86;4;4;48;2;241;2;1m▂[0m[7m[38;2;218;4;3m▄[0m [38;2;80;7;6m▖ [0m [38;2;58;2;2;48;2;223;4;4m▖[0m[38;2;216;4;4m▋[0m
[7m[38;2;142;6;6m▖[0m[38;2;190;5;5m▄[7m[38;2;42;7;6m▇[38;2;120;7;7m▖[0m[38;2;150;8;8m▖[38;2;157;10;10;48;2;38;2;2m▗[0m[38;2;100;4;4m▁[0m [7m[38;2;107;3;3m▖[0m[38;2;245;2;2;48;2;228;3;3m┈[0m[38;2;166;4;4m▅[38;2;59;8;7m╺[38;2;110;7;6m▄[0m [38;2;22;0;0;48;2;172;7;7m▎[38;2;184;6;5;48;2;30;1;1m▖[38;2;85;3;3;48;2;230;4;4m▖[48;2;251;0;0m [38;2;251;0;0;48;2;235;5;5m▇[48;2;251;0;0m     [48;2;249;0;0m┈[38;2;94;4;4;48;2;239;2;2m▂[38;2;196;7;7;48;2;76;3;3m▘[38;2;114;4;4;48;2;236;3;3m▖[38;2;84;3;3;48;2;235;2;2m▗[38;2;74;2;2;48;2;220;4;4m▅[38;2;235;3;3;48;2;90;4;4m▃[38;2;104;4;4;48;2;222;6;6m▋[48;2;251;0;0m  [48;2;250;0;0m [38;2;7;0;0;48;2;165;4;4m▗[38;2;49;2;2;48;2;224;3;3m▖[38;2;251;0;0;48;2;250;0;0m┈┈[0m[7m[38;2;215;3;3m▝[0m[38;2;155;5;5m▃[38;2;211;7;7;48;2;75;2;2m▊[0m  [7m[38;2;181;5;5m▎[0m[38;2;60;2;2;48;2;231;3;3m▝[0m [38;2;53;3;2m [7m[38;2;124;8;8m▋[0m[38;2;228;6;6m▘[0m
 [38;2;170;5;5m▝[7m[38;2;92;4;4m▁[0m[38;2;17;0;0m▝[38;2;38;1;1;48;2;196;6;6m▖[38;2;234;2;2;48;2;96;4;4m▅[38;2;242;2;2;48;2;202;8;8m▇[38;2;219;4;4;48;2;57;1;1m▇[0m[38;2;194;7;7m▖[7m[38;2;102;3;3m▖[0m[38;2;250;0;0;48;2;235;2;2m┊[0m[38;2;121;5;5m▋[38;2;117;5;5m▝[38;2;205;7;6;48;2;86;4;3m▚[38;2;62;3;3;48;2;234;3;3m▘[38;2;251;0;0;48;2;241;1;1m┈[38;2;239;2;2;48;2;111;4;4m▃[38;2;146;6;6;48;2;224;4;4m╴[48;2;251;0;0m [38;2;102;4;4;48;2;232;3;3m▗[38;2;41;1;1;48;2;235;2;2m▃[38;2;101;5;5;48;2;234;3;3m▁[38;2;91;4;4;48;2;241;2;2m▃[38;2;251;0;0;48;2;243;1;1m┈[38;2;44;0;0;48;2;168;6;6m┏[38;2;228;3;3;48;2;87;3;3m▅[38;2;251;0;0;48;2;245;1;1m┈[38;2;58;5;4;48;2;167;8;7m╺[38;2;199;4;4;48;2;87;3;3m▄[38;2;251;0;0;48;2;244;1;1m┈[48;2;250;0;0m┈[38;2;83;1;0;48;2;195;8;8m┃[38;2;246;1;1;48;2;251;0;0m▏[38;2;246;0;0m▁[38;2;247;1;1;48;2;203;7;7m▉[38;2;226;3;3;48;2;32;0;0m▅[38;2;239;3;2;48;2;43;0;0m▅[38;2;191;3;3;48;2;239;2;2m▏[48;2;251;0;0m [38;2;251;0;0;48;2;244;2;2m┈[38;2;105;3;3;48;2;193;7;7m┗[38;2;169;3;3;48;2;228;3;3m▁[0m[38;2;151;4;4m▌[38;2;56;2;2;48;2;165;8;7m▖[38;2;89;3;3;48;2;238;2;2m▘[48;2;251;0;0m [0m[38;2;173;7;6m▌ [0m [38;2;2;0;0m [0m
[38;2;158;7;7;48;2;12;0;0m▗[0m[38;2;21;1;1m╴ [0m [38;2;69;3;2m▝[7m[38;2;215;3;3m▃[0m[38;2;65;2;2;48;2;244;2;2m▂[38;2;33;0;0;48;2;181;7;6m▗[38;2;16;104;103;48;2;72;8;7m▗[0m[38;2;22;146;145m▂[38;2;29;174;173;48;2;100;11;11m▃[38;2;109;20;20;48;2;15;68;67m▉[0m[38;2;13;213;212m▅[38;2;13;233;232;48;2;32;19;19m▄[38;2;27;84;84;48;2;187;5;5m▖[38;2;251;0;0;48;2;246;1;1m┊[48;2;251;0;0m [48;2;249;0;0m▇[48;2;251;0;0m [48;2;246;1;1m┈[38;2;227;2;2;48;2;51;2;2m▅[38;2;189;5;5;48;2;19;0;0m▃[38;2;45;2;2;48;2;161;10;9m▋[38;2;159;7;6;48;2;243;2;2m▘[38;2;144;5;5;48;2;231;3;3m╹[48;2;251;0;0m  [38;2;251;0;0;48;2;250;0;0m┈┈[48;2;251;0;0m [38;2;136;6;6;48;2;242;2;2m▗[38;2;208;8;8;48;2;112;6;6m▝[38;2;183;6;6;48;2;77;2;2m▚[38;2;243;3;3;48;2;221;3;3m┈[48;2;251;0;0m   [38;2;251;0;0;48;2;250;0;0m┈[38;2;148;7;6;48;2;248;1;1m▁[38;2;113;4;4;48;2;246;1;1m▁[38;2;247;1;1;48;2;218;7;7m▉[38;2;99;4;3;48;2;201;9;8m▋[38;2;210;5;5;48;2;41;1;1m▊[0m[7m[38;2;113;5;5m▉[0m[38;2;166;6;6;48;2;239;3;2m▏[0m[7m[38;2;219;3;3m▗[0m [38;2;75;5;4m   [0m
[38;2;52;2;2;48;2;218;2;2m▍[38;2;168;3;2;48;2;7;0;0m▋[0m  [38;2;30;1;1;48;2;158;7;7m▍[0m[38;2;78;2;2m▆[0m [38;2;17;232;231;48;2;5;29;29m▗[38;2;16;92;91;48;2;13;212;211m▁[38;2;0;6;5;48;2;10;236;235m▂[38;2;0;5;5;48;2;13;234;233m▂[48;2;18;215;214m▂[38;2;0;22;21;48;2;8;246;245m▂[38;2;13;100;99;48;2;4;250;249m▂[38;2;17;88;87;48;2;18;207;206m▁[38;2;52;33;33;48;2;209;6;5m▌[38;2;246;2;2;48;2;202;10;10m▉[38;2;111;4;3;48;2;221;4;4m▖[38;2;143;6;6;48;2;237;4;3m▗[38;2;216;6;6;48;2;247;1;1m▏[48;2;251;0;0m [38;2;251;0;0;48;2;250;0;0m┈[38;2;239;2;2;48;2;145;8;8m▆[38;2;247;1;1;48;2;251;0;0m▏[38;2;203;6;6;48;2;247;1;1m▁[38;2;251;0;0;48;2;248;1;1m┊[38;2;137;6;5;48;2;242;2;2m▗[38;2;186;8;7;48;2;241;2;2m╴[48;2;251;0;0m [38;2;250;0;0;48;2;242;3;2m▉[38;2;202;7;6;48;2;61;2;2m▘[38;2;214;4;4;48;2;70;5;4m▄[38;2;251;0;0;48;2;238;2;1m┈[48;2;251;0;0m  [48;2;247;1;1m╴[38;2;71;3;3;48;2;230;2;2m▃[38;2;14;0;0;48;2;179;5;5m▆[38;2;0;0;0;48;2;4;0;0m┈[48;2;2;0;0m┈[38;2;56;2;2;48;2;193;7;6m▋[38;2;88;2;2;48;2;200;5;5m▝[0m[38;2;136;9;8m▊[38;2;91;4;4;48;2;229;4;4m▍[38;2;210;4;4;48;2;67;3;3m▊[0m[38;2;159;4;4m▄[38;2;160;6;6m▋   [0m
 [38;2;191;2;2;48;2;53;2;2m▚[0m[38;2;44;1;1m▂[0m [38;2;73;3;3;48;2;229;4;4m▍[38;2;229;7;6;48;2;96;2;2m▌[38;2;175;6;6;48;2;43;5;4m▆[38;2;3;6;6;48;2;23;129;128m▆[38;2;26;106;105;48;2;10;53;53m▝[38;2;39;214;213;48;2;7;49;48m━[38;2;20;217;216;48;2;2;11;11m▄[38;2;21;235;234;48;2;10;74;74m▗[38;2;20;201;200;48;2;19;96;95m▇[38;2;32;221;220;48;2;24;98;97m▘[38;2;31;13;13;48;2;29;133;132m▂[38;2;30;137;136;48;2;20;18;18m▂[38;2;24;2;2;48;2;209;4;4m▄[38;2;199;7;7;48;2;54;2;2m▘[38;2;51;2;2;48;2;207;6;6m▖[38;2;251;0;0;48;2;242;1;1m┈[48;2;240;2;2m╴[38;2;195;3;3;48;2;241;2;2m▏[38;2;221;6;6;48;2;250;0;0m▁[38;2;251;0;0;48;2;249;0;0m╴[38;2;206;8;8;48;2;88;3;3m▍[38;2;239;4;4;48;2;215;11;11m▉[38;2;108;4;4;48;2;220;9;9m▊[38;2;251;0;0;48;2;250;0;0m┊[48;2;251;0;0m [48;2;250;0;0m┈[38;2;246;2;2;48;2;104;4;4m▅[38;2;250;0;0;48;2;243;2;2m┈[48;2;251;0;0m [38;2;251;0;0;48;2;248;1;1m┈[38;2;75;3;3;48;2;236;2;2m▃[38;2;174;5;5;48;2;20;1;1m▘[38;2;0;0;0;48;2;1;0;0m┈[48;2;0;0;0m   [38;2;8;0;0;48;2;129;5;5m▊[38;2;209;17;17;48;2;247;1;1m▏[38;2;233;3;3;48;2;145;9;8m▅[38;2;250;0;0;48;2;242;2;1m┊[38;2;212;8;8;48;2;119;5;5m▌[38;2;249;0;0;48;2;243;2;2m┊[0m[38;2;200;7;7m▋   [0m
  [38;2;61;4;4m▝[38;2;166;11;10;48;2;82;6;6m▆[38;2;170;2;2;48;2;238;2;2m▏[38;2;219;5;5;48;2;247;1;1m╵[38;2;251;0;0;48;2;245;1;1m╴[38;2;218;5;5;48;2;45;2;2m▖[38;2;2;7;7;48;2;22;90;89m▇[38;2;3;16;16;48;2;21;180;179m▄[38;2;5;34;33;48;2;20;197;196m▂[38;2;1;26;25;48;2;27;145;144m▁[38;2;15;96;96;48;2;35;159;158m▍[38;2;48;44;44;48;2;143;16;16m▍[38;2;8;30;29;48;2;160;8;8m▁[38;2;117;27;26;48;2;32;108;107m▎[38;2;28;157;156;48;2;10;51;50m▃[38;2;0;0;0;48;2;0;1;1m┈[38;2;15;4;4;48;2;100;5;5m▇[38;2;14;0;0;48;2;231;6;6m▅[38;2;36;0;0;48;2;139;9;9m┓[38;2;96;3;3;48;2;233;4;4m▂[38;2;211;4;4;48;2;130;5;4m▚[38;2;233;6;6;48;2;250;0;0m▎[38;2;52;1;1;48;2;229;3;3m▝[38;2;216;6;5;48;2;95;3;3m▝[38;2;30;0;0;48;2;160;6;6m▂[38;2;72;1;1;48;2;195;7;7m▁[38;2;152;9;9;48;2;246;2;2m▁[38;2;154;9;9;48;2;250;0;0m▁[38;2;88;1;1;48;2;246;2;2m▁[38;2;44;1;1;48;2;240;2;2m▂[38;2;31;1;1;48;2;230;3;3m▄[38;2;150;12;12;48;2;67;3;3m▂[38;2;190;12;12;48;2;72;4;4m▂[38;2;141;10;9;48;2;27;1;1m▎[48;2;0;0;0m    [38;2;222;6;5;48;2;64;3;3m▗[38;2;251;0;0;48;2;247;1;1m┊[38;2;174;8;7;48;2;229;5;5m▖[38;2;247;0;0;48;2;250;0;0m╴[38;2;219;6;5;48;2;119;5;5m▍[38;2;111;9;9;48;2;228;4;4m▁[0m[38;2;154;5;5m▘   [0m
 [38;2;0;0;0m  [7m[38;2;175;6;6m▌[0m[38;2;244;3;2;48;2;250;0;0m▏[48;2;251;0;0m [38;2;249;1;1;48;2;218;7;7m▉[38;2;193;6;6;48;2;42;2;2m▘[38;2;22;144;143;48;2;4;3;3m▗[38;2;11;237;236;48;2;4;25;24m▃[38;2;24;233;232;48;2;13;77;76m╺[38;2;30;222;221;48;2;5;32;32m╸[38;2;2;22;22;48;2;29;166;165m▖[38;2;10;85;84;48;2;36;161;160m─[38;2;11;103;102;48;2;34;164;163m╌[38;2;4;68;67;48;2;31;173;172m─[38;2;10;57;56;48;2;17;235;234m▃[38;2;18;86;85;48;2;2;20;20m▏[38;2;0;2;2;48;2;22;217;217m▃[38;2;26;111;110;48;2;5;11;11m▏[38;2;13;1;1;48;2;170;7;7m▃[38;2;47;1;1;48;2;202;7;7m▖[38;2;71;3;3;48;2;246;2;1m▂[38;2;82;2;2;48;2;240;1;1m▁[38;2;248;0;0;48;2;250;0;0m╴[38;2;251;0;0;48;2;249;0;0m┈[38;2;223;6;5;48;2;78;3;3m▇[38;2;188;10;10;48;2;27;0;0m▆[38;2;145;9;9;48;2;23;1;1m▅[38;2;154;9;9;48;2;21;0;0m▃[38;2;160;12;11;48;2;5;0;0m▂[38;2;114;6;5;48;2;2;0;0m▁[38;2;26;0;0;48;2;0;0;0m▁[38;2;1;0;0;48;2;42;0;0m▇[48;2;71;2;2m▇[38;2;4;0;0;48;2;0;0;0m▁[38;2;31;0;0m▁[38;2;164;8;8;48;2;6;0;0m▁[38;2;193;5;5;48;2;8;0;0m▃[38;2;208;5;5;48;2;60;3;3m▅[38;2;164;7;6;48;2;220;4;4m┎[38;2;172;7;7;48;2;221;4;4m┙[38;2;251;0;0;48;2;239;2;2m┈[48;2;248;1;1m┈[0m[38;2;164;5;5m▌[0m [38;2;0;0;0m    [0m
 [38;2;0;0;0m  [0m [7m[38;2;193;5;5m▅[38;2;220;2;2m▂[0m[38;2;149;5;5;48;2;227;4;4m▁[38;2;138;5;5;48;2;20;1;1m▖[38;2;3;33;33;48;2;25;178;177m▌[38;2;17;128;127;48;2;14;238;237m━[38;2;8;124;124;48;2;20;214;213m▁[38;2;8;62;61;48;2;23;193;192m▁[38;2;23;202;201;48;2;8;49;48m▆[38;2;13;225;224;48;2;13;73;72m▅[38;2;11;246;245;48;2;12;76;75m▅[38;2;10;247;246;48;2;10;72;72m▅[38;2;8;248;247;48;2;9;50;49m▅[38;2;13;242;241;48;2;3;28;28m▆[38;2;14;223;222;48;2;0;24;24m▇[38;2;27;221;220;48;2;7;42;41m╸[38;2;17;227;226;48;2;6;34;34m▗[38;2;25;154;154;48;2;5;19;19m▍[38;2;168;11;10;48;2;47;2;2m┏[38;2;125;7;6;48;2;35;1;1m▝[38;2;98;4;4;48;2;235;4;3m▅[38;2;208;5;5;48;2;246;1;1m▏[38;2;247;1;1;48;2;176;5;5m▇[38;2;52;1;1;48;2;199;5;4m╺[38;2;91;4;3;48;2;196;7;6m▄[38;2;95;4;4;48;2;173;7;7m▁[38;2;98;3;2;48;2;172;7;7m╸[38;2;94;3;3;48;2;194;8;7m▂[38;2;226;5;4;48;2;153;9;9m▅[38;2;243;3;3;48;2;143;8;7m▄[38;2;212;5;5;48;2;62;0;0m▇[38;2;218;5;4;48;2;75;0;0m▇[38;2;158;5;5;48;2;220;5;5m╍[38;2;188;7;7;48;2;227;3;3m▘[38;2;169;8;8;48;2;213;5;5m▁[38;2;51;2;2;48;2;214;4;4m▂[38;2;84;3;3;48;2;224;4;3m▄[48;2;194;4;4m┙[38;2;142;4;4;48;2;223;3;3m▁[38;2;27;98;97;48;2;156;5;5m▃[0m[38;2;20;154;153m▆[38;2;16;213;212m▄[38;2;13;169;168m▂[0m [38;2;0;0;0m  [0m
 [38;2;0;0;0m  [0m [7m[38;2;106;7;6m▅[38;2;117;7;7m▄[38;2;38;2;2m▂[0m[38;2;9;1;1;48;2;149;12;11m▆[38;2;10;1;0;48;2;45;5;4m▉[38;2;98;12;12;48;2;24;154;153m▇[38;2;3;16;16;48;2;34;212;211m▆[38;2;0;1;1;48;2;25;149;148m▄[38;2;0;10;10;48;2;23;201;200m▄[38;2;0;17;17;48;2;28;206;205m▄[38;2;0;7;7;48;2;31;185;184m▄[38;2;0;1;1;48;2;31;154;153m▄[38;2;0;5;5;48;2;22;116;116m▇[38;2;0;0;0;48;2;0;36;36m▇[38;2;19;234;233;48;2;5;28;28m▗[38;2;10;236;235;48;2;6;32;31m▄[38;2;12;71;70;48;2;14;182;181m▚[38;2;17;109;108;48;2;13;221;220m▝[38;2;14;215;214;48;2;2;11;11m▃[38;2;9;0;0;48;2;59;18;18m╴[38;2;234;6;6;48;2;68;3;3m▘[38;2;158;6;5;48;2;243;3;3m▎[48;2;251;0;0m  [38;2;251;0;0;48;2;243;1;1m┈[38;2;238;1;1;48;2;77;3;3m▅[38;2;68;3;3;48;2;186;5;5m━[38;2;89;2;2;48;2;202;4;4m▂[38;2;230;3;3;48;2;69;2;2m▅[38;2;234;3;3;48;2;89;3;3m▃[38;2;4;0;0;48;2;173;4;4m━[48;2;172;4;4m━[38;2;18;0;0;48;2;181;4;4m━[38;2;226;3;3;48;2;74;2;2m▄[38;2;215;4;4;48;2;31;0;0m▅[38;2;239;4;4;48;2;96;19;19m━[38;2;18;91;91;48;2;201;4;4m▃[38;2;12;207;206;48;2;149;9;8m▄[38;2;11;243;242;48;2;31;22;22m▅[38;2;9;58;57;48;2;16;168;168m━[38;2;9;53;52;48;2;15;232;231m▄[38;2;12;206;205;48;2;19;113;112m▅[38;2;9;53;53;48;2;17;189;188m╾[0m[7m[38;2;15;187;186m▝[0m[38;2;18;149;148m▖ [0m
 [38;2;0;0;0m     [0m [7m[38;2;97;7;6m▄[0m[38;2;14;0;0;48;2;122;6;6m▝[38;2;14;1;1;48;2;98;7;7m▇[38;2;5;0;0;48;2;0;0;0m▏   [38;2;17;183;182;48;2;3;17;17m▗[38;2;9;236;235;48;2;4;20;20m▅[38;2;8;246;245;48;2;0;11;10m▆[38;2;7;244;243;48;2;0;11;11m▆[38;2;0;252;251;48;2;7;236;235m┈[38;2;2;28;28;48;2;6;245;244m▂[38;2;10;248;247;48;2;14;82;81m▘[38;2;19;155;154;48;2;7;243;242m▏[38;2;2;251;250;48;2;39;226;225m▉[38;2;20;125;124;48;2;1;6;6m▎[38;2;215;6;6;48;2;58;3;3m▝[38;2;114;4;4;48;2;212;3;3m▄[38;2;110;3;3;48;2;228;3;3m▘[38;2;251;0;0;48;2;241;1;1m╴[38;2;45;2;2;48;2;239;2;2m▂[38;2;60;3;3;48;2;230;2;2m▃[38;2;224;6;6;48;2;247;1;1m▏[38;2;184;7;7;48;2;20;0;0m▌[38;2;8;0;0;48;2;147;5;5m▆[38;2;32;1;1;48;2;219;3;3m▄[38;2;47;1;1;48;2;234;2;2m▂[38;2;175;5;4;48;2;248;1;1m▁[48;2;251;0;0m [38;2;42;7;6;48;2;224;3;3m▗[38;2;94;33;33;48;2;15;194;193m▘[38;2;0;252;251;48;2;6;247;246m╴[38;2;6;241;240;48;2;18;117;116m▆[38;2;12;94;93;48;2;16;208;207m╾[38;2;14;86;85;48;2;6;245;244m▃[38;2;15;99;98;48;2;17;213;212m┎[38;2;13;235;234;48;2;11;87;86m▅[38;2;6;248;247;48;2;9;52;51m▄[38;2;16;117;116;48;2;13;228;227m╍[38;2;21;116;115;48;2;8;240;239m▘[0m[38;2;18;211;210m▋ [0m
 [38;2;0;0;0m       [7m[38;2;43;4;4m▇[0m [7m[38;2;0;0;0m╴[0m[38;2;141;9;8;48;2;29;2;2m▗[38;2;8;0;0;48;2;3;0;0m╴[38;2;1;9;9;48;2;21;100;99m▉[38;2;0;12;12;48;2;15;233;232m▂[38;2;18;224;223;48;2;14;114;113m▚[38;2;25;148;147;48;2;12;198;197m╵[38;2;14;88;87;48;2;12;225;224m━[38;2;9;60;60;48;2;19;225;224m▃[38;2;6;56;55;48;2;20;177;176m▍[38;2;18;121;120;48;2;9;236;235m▂[38;2;24;140;139;48;2;2;251;250m▁[38;2;20;146;145;48;2;7;248;247m▁[38;2;22;212;211;48;2;12;49;49m▖[38;2;150;10;9;48;2;65;12;11m┗[38;2;46;1;1;48;2;230;3;3m▃[38;2;22;0;0;48;2;239;3;2m▂[38;2;221;7;6;48;2;32;1;1m▘[38;2;12;0;0;48;2;92;4;4m▉[38;2;13;0;0;48;2;206;6;5m▃[38;2;81;3;3;48;2;222;4;3m▅[38;2;155;9;9;48;2;39;1;1m▄[38;2;22;192;191;48;2;106;15;15m▂[38;2;11;245;244;48;2;132;21;21m▃[38;2;24;155;154;48;2;147;12;11m▃[38;2;196;5;5;48;2;93;4;4m▅[38;2;120;5;5;48;2;204;6;5m┓[0m[38;2;131;7;6m▎[7m[38;2;13;119;119m▇[38;2;11;214;213m▄[38;2;6;241;240m▂[0m[38;2;6;64;63;48;2;8;231;230m▁[38;2;10;53;52;48;2;20;214;214m▝[38;2;13;220;219;48;2;0;5;5m▄[38;2;9;248;247;48;2;10;72;71m▂[38;2;0;6;5;48;2;13;200;199m━[38;2;13;82;81;48;2;10;223;222m╸[0m[7m[38;2;22;200;199m▗[0m [38;2;4;35;34m [0m
 [38;2;0;0;0m          [0m [7m[38;2;0;2;2m┈[0m[38;2;20;187;186;48;2;2;12;12m▂[38;2;8;229;228;48;2;8;56;56m▅[38;2;0;252;251;48;2;2;250;249m┈[48;2;0;252;251m  [38;2;16;230;229;48;2;7;47;46m▋[38;2;0;25;24;48;2;14;202;201m▁[38;2;0;27;27;48;2;16;199;199m▁[38;2;0;7;6;48;2;17;171;170m▁[38;2;25;186;185;48;2;13;99;98m▚[38;2;19;193;192;48;2;12;83;82m▆[38;2;38;205;204;48;2;16;90;89m┲[38;2;0;10;9;48;2;1;1;1m╴[38;2;46;4;3;48;2;168;6;5m▍[38;2;236;3;3;48;2;22;0;0m▆[38;2;229;2;2;48;2;10;0;0m▆[38;2;216;3;3;48;2;86;3;3m▆[38;2;34;1;1;48;2;210;4;4m▃[38;2;46;23;22;48;2;23;204;203m▌[38;2;0;252;251;48;2;2;251;250m┈[48;2;0;252;251m [48;2;3;249;248m┈[38;2;12;220;220;48;2;100;51;50m▅[38;2;26;138;137;48;2;185;9;9m▂[0m[38;2;147;6;6m▄[0m [38;2;0;0;0m  [0m [7m[38;2;20;154;153m▆[38;2;13;206;205m▅[38;2;11;239;238m▅[38;2;13;224;223m▅[38;2;19;177;176m▆[0m [38;2;0;0;0m  [0m
 [38;2;0;0;0m       [38;2;26;121;120m▁[38;2;20;214;213m▂[38;2;9;242;241m▃[38;2;5;240;239m▅[38;2;5;244;243;48;2;19;96;96m▇[38;2;0;252;251;48;2;1;252;251m┈[48;2;0;252;251m [48;2;3;248;247m┈[38;2;10;66;65;48;2;4;245;244m▂[38;2;6;33;33;48;2;11;228;227m▄[38;2;27;156;156;48;2;5;35;35m▂[48;2;0;0;0m    [38;2;0;0;0;48;2;0;5;5m▇[48;2;0;1;1m┈[48;2;0;0;0m [48;2;19;0;0m▇[38;2;2;0;0;48;2;115;8;8m▇[48;2;116;5;5m▇[38;2;0;0;0;48;2;3;0;0m┈[38;2;13;98;98;48;2;2;9;9m▁[38;2;20;119;119;48;2;5;32;31m▖[38;2;2;19;18;48;2;11;218;217m▃[38;2;16;81;80;48;2;4;242;241m▁[38;2;0;252;251;48;2;1;252;251m┈[48;2;0;252;251m [48;2;2;251;250m┈[38;2;4;245;244;48;2;35;80;79m▆[0m[38;2;7;236;235m▄[38;2;13;243;242m▂[38;2;28;195;194m▁[0m [38;2;0;3;3m        [0m
 [38;2;0;0;0m     [0m [7m[38;2;22;168;167m▅[38;2;6;206;205m▄[38;2;9;224;223m▄[38;2;10;224;223m▄[38;2;5;218;217m▄[38;2;5;250;249m▅[0m[38;2;130;5;4;48;2;7;132;132m▃[38;2;126;4;4;48;2;16;197;196m▆[38;2;208;6;6;48;2;24;17;16m▖[48;2;0;0;0m [38;2;0;2;2;48;2;9;64;63m▉[38;2;21;126;125;48;2;12;235;234m▏[38;2;5;237;236;48;2;9;68;67m▆[38;2;27;216;215;48;2;2;15;15m▖[38;2;33;140;139;48;2;11;30;29m▖[38;2;199;12;12;48;2;15;34;34m▁[38;2;214;7;7;48;2;3;0;0m▂[38;2;230;7;7;48;2;11;0;0m▂[38;2;221;7;7;48;2;6;0;0m▂[38;2;161;6;6;48;2;0;0;0m▂[38;2;57;204;203;48;2;14;19;19m╶[38;2;22;143;142;48;2;4;21;21m▃[38;2;11;220;219;48;2;4;24;24m▄[38;2;9;234;233;48;2;16;151;150m▇[38;2;24;191;190;48;2;4;23;23m▘[48;2;0;0;0m [38;2;134;8;8;48;2;2;1;1m▗[38;2;231;4;4;48;2;18;51;51m▃[38;2;104;4;4;48;2;11;203;202m▅[38;2;0;0;0;48;2;17;118;118m╴[0m[7m[38;2;4;250;249m▄[38;2;7;229;228m▃[38;2;10;237;236m▃[38;2;8;230;229m▃[38;2;10;197;196m▃[38;2;18;146;145m▄[0m [38;2;0;0;0m      [0m
 [38;2;0;0;0m            [7m[38;2;79;3;3m▇[38;2;218;2;2m▃[0m[38;2;147;6;6;48;2;242;2;2m▁[38;2;237;2;2;48;2;47;1;1m▅[38;2;233;3;3;48;2;5;0;0m▄[38;2;232;4;3;48;2;11;52;51m▄[38;2;188;5;5;48;2;21;207;206m▆[38;2;234;3;3;48;2;45;43;43m▆[38;2;94;2;2;48;2;229;3;3m▁[38;2;47;2;2;48;2;233;2;1m▂[38;2;97;5;5;48;2;249;0;0m▄[38;2;61;3;3;48;2;242;3;3m▄[38;2;81;4;4;48;2;248;1;1m▄[38;2;78;2;2;48;2;247;1;1m▃[38;2;118;4;4;48;2;235;3;2m▁[38;2;243;2;2;48;2;72;28;28m▆[38;2;195;9;9;48;2;20;231;230m▆[38;2;137;13;13;48;2;11;140;139m▇[38;2;233;3;3;48;2;6;0;0m▄[38;2;236;2;2;48;2;28;1;1m▅[38;2;234;2;2;48;2;152;4;4m▇[0m[7m[38;2;227;2;2m▂[38;2;183;3;3m▅[0m [38;2;0;0;0m             [0m
 [38;2;0;0;0m              [0m [7m[38;2;99;5;5m▆[38;2;118;5;5m▃[38;2;183;4;4m▁[0m[38;2;229;4;4;48;2;139;7;7m▆[38;2;200;4;4;48;2;120;4;4m▆[38;2;80;4;4;48;2;184;6;6m▝[38;2;240;2;1;48;2;119;5;5m▇[38;2;251;0;0;48;2;243;2;2m▇[48;2;240;2;2m▇[48;2;243;2;2m▇[38;2;232;2;2;48;2;130;5;5m▇[38;2;145;6;5;48;2;190;7;7m┑[38;2;239;2;2;48;2;162;7;6m▅[38;2;191;3;3;48;2;214;4;3m╲[0m[7m[38;2;195;5;5m▂[38;2;215;3;3m▅[38;2;202;4;4m▆[0m [38;2;1;0;0m                [0m
 [38;2;0;0;0m                  [7m[38;2;66;1;1m▇[0m[38;2;210;8;8m▝[38;2;104;5;5;48;2;240;1;1m▁[48;2;251;0;0m    [38;2;251;0;0;48;2;250;0;0m┈[38;2;82;6;5;48;2;227;3;3m▁[0m[7m[38;2;108;6;5m▆[38;2;78;4;4m▇[0m[38;2;1;0;0m                    [0m
 [38;2;0;0;0m                    [0m [7m[38;2;129;5;4m▆[38;2;182;3;3m▆[38;2;155;5;5m▆[38;2;183;4;3m▆[38;2;180;8;8m▇[0m [38;2;0;0;0m                      [0m[u[0m [38;2;0;0;0m                               [38;2;126;3;3m▁[38;2;98;8;8m▖           [0m [38;2;107;6;6m▂   [0m
 [38;2;0;0;0m                         [0m [38;2;193;7;6m▄[38;2;209;3;3m▅[38;2;215;3;2m▅[38;2;237;2;2m▅[38;2;224;3;3m▆[7m[38;2;200;3;3m▃[0m [38;2;0;0;0m   [0m [38;2;88;8;7m▖      [38;2;155;5;5m▗[38;2;219;4;4m▉[0m [38;2;7;0;0m  [0m
 [38;2;0;0;0m                         [7m[38;2;132;8;7m▋[0m[38;2;230;9;8;48;2;250;0;0m▏[48;2;251;0;0m [38;2;251;0;0;48;2;240;1;1m╴[0m[7m[38;2;204;4;3m▄[38;2;99;5;5m▇[0m[38;2;6;0;0m     [0m [7m[38;2;178;6;6m▖[0m[38;2;188;3;3m▅[0m [38;2;0;0;0m   [38;2;207;6;6m▗[38;2;150;3;3;48;2;227;3;2m▁[0m[38;2;214;3;3m▘   [0m
 [38;2;0;0;0m╴[0m  [38;2;0;0;0m           [0m [38;2;1;0;0m          [7m[38;2;140;6;6m▋[0m[38;2;238;4;4;48;2;248;0;0m▏[38;2;246;0;0;48;2;251;0;0m▅[0m[38;2;204;4;4m▋ [0m  [38;2;0;0;0m     [7m[38;2;134;8;7m▊[0m[38;2;248;0;0;48;2;232;3;3m┊[0m[38;2;134;5;5m▍   [7m[38;2;174;8;8m▍[0m[38;2;134;5;5m▘    [0m
 [38;2;0;0;0m [0m  [7m[38;2;21;1;1m╴[0m[38;2;119;4;4m▅[0m [38;2;0;0;0m       [7m[38;2;142;7;7m▍[0m[38;2;103;6;6m▋      [0m [38;2;194;12;12m▖[0m [38;2;0;0;0m [7m[38;2;177;7;6m▌[0m[38;2;242;2;1;48;2;244;0;0m▅▅[48;2;237;2;2m┈[0m[38;2;223;3;3m▆[38;2;235;4;3;48;2;69;3;3m▅[0m[7m[38;2;194;5;4m▝[0m [38;2;0;0;0m [38;2;109;5;4m▁[38;2;113;7;7m▖ [38;2;145;9;9m▝[7m[38;2;99;4;4m▆[0m[38;2;2;0;0m [0m [38;2;78;7;6m▂ [0m  [38;2;0;0;0m    [0m
 [38;2;0;0;0m  [0m [38;2;201;4;3;48;2;16;0;0m▗[38;2;111;2;2;48;2;221;3;2m▗[0m [38;2;0;0;0m       [7m[38;2;166;9;9m▌[0m[38;2;220;5;5;48;2;128;6;6m▇[0m[38;2;112;4;4m▅[0m [38;2;0;0;0m    [7m[38;2;134;7;6m▋[0m[38;2;220;6;5;48;2;132;4;4m▉[0m[38;2;126;5;5m▖[0m [7m[38;2;180;6;6m▘[0m[38;2;10;0;0;48;2;242;2;1m      [38;2;229;4;3;48;2;89;4;4m▆[0m[38;2;218;5;4m▆[38;2;83;3;3;48;2;218;5;5m▗[0m[38;2;88;4;4m▏ [38;2;99;5;5m▁[38;2;111;6;6m▅[0m [7m[38;2;110;4;4m▊[0m[38;2;205;11;11;48;2;116;8;7m▊[0m[38;2;43;2;2m▎      [0m
 [38;2;0;0;0m  [0m [38;2;43;2;1;48;2;227;2;2m▍[38;2;7;0;0;48;2;99;1;1m┊[0m[38;2;7;0;0m        [7m[38;2;47;1;1m▊[0m[38;2;124;8;7;48;2;228;5;4m▏[38;2;235;4;3;48;2;152;9;9m▉[0m[38;2;63;2;2m▎ [7m[38;2;155;9;9m▊[38;2;194;6;5m▝[0m[38;2;215;3;2m▅[38;2;244;0;0;48;2;233;2;1m┈[48;2;242;2;1m▇[48;2;240;1;1m┈[38;2;241;1;1;48;2;137;8;8m▇[38;2;244;0;0;48;2;243;0;0m┈[48;2;242;2;1m▇▇▇▇[48;2;237;1;1m┈[0m[7m[38;2;221;3;3m▄[38;2;138;5;5m▇[38;2;182;7;7m▄[0m [38;2;4;0;0m [38;2;141;7;7m▗[38;2;121;6;6;48;2;239;2;2m▘[0m[7m[38;2;180;5;4m▝[0m [7m[38;2;118;7;7m▂[0m[38;2;94;4;4m▘[7m[38;2;101;4;4m▉[0m[38;2;156;8;8m▊  [0m [38;2;138;7;7m▄[38;2;70;5;5m▘[0m
 [38;2;0;0;0m   [38;2;73;1;1m▝[38;2;99;5;4;48;2;74;2;2m┈[0m[38;2;60;5;5m▁[0m [38;2;65;3;3m     [0m [38;2;27;2;2m [7m[38;2;182;5;5m▎[0m[38;2;246;0;0;48;2;223;8;8m▉[0m[38;2;128;5;5m▍[0m [7m[38;2;174;7;7m▌[0m[38;2;245;1;1;48;2;248;0;0m▏[38;2;251;0;0;48;2;247;0;0m▂▂▂▂▂▂▂▂▂[38;2;247;0;0;48;2;237;4;4m▉[0m[7m[38;2;181;5;5m▝[0m[38;2;197;4;4;48;2;80;6;5m▆[0m [38;2;79;3;2m▁[38;2;188;6;6m▂[38;2;227;3;3m▄[38;2;241;1;1;48;2;169;5;5m▇[38;2;251;0;0;48;2;247;0;0m▄[38;2;242;2;2;48;2;135;7;6m▊[0m  [38;2;192;4;4m▄[38;2;236;1;1;48;2;141;5;5m▇[0m[38;2;195;5;5m▊  [7m[38;2;115;5;5m▋[0m[38;2;113;5;4;48;2;231;4;4m▝[0m [0m
[38;2;60;2;2m▖    [0m [38;2;52;2;2m▝[7m[38;2;168;6;6m▖[0m[38;2;212;4;4m▅[38;2;107;4;4m▖   [38;2;80;5;5m▝[38;2;101;10;8;48;2;50;4;4m┈[38;2;20;0;0;48;2;187;8;7m▌[38;2;251;0;0;48;2;250;0;0m┊[38;2;98;2;2;48;2;227;4;4m▝[38;2;190;6;6;48;2;36;0;0m▉[38;2;70;3;2;48;2;220;5;5m▌[38;2;249;0;0;48;2;251;0;0m▏     [38;2;249;1;1m╷   [38;2;251;0;0;48;2;247;1;1m┈[38;2;211;5;5;48;2;250;0;0m▁[48;2;251;0;0m [38;2;249;0;0;48;2;148;9;9m▇[38;2;250;0;0;48;2;202;9;9m▇[48;2;251;0;0m   [48;2;231;8;8m▉[0m[38;2;156;4;3m▍[0m [7m[38;2;184;5;5m▍[0m[38;2;93;4;4;48;2;242;2;2m▂[0m[7m[38;2;196;4;4m▃[38;2;75;3;3m▇[0m[38;2;55;5;5m▖ [0m [38;2;77;3;3;48;2;229;4;4m▖[0m[38;2;202;5;5m▋[0m
[7m[38;2;163;6;6m▖[0m[38;2;182;6;5m▃[0m [38;2;129;8;7;48;2;50;2;2m▚[0m[38;2;144;7;7m▖[38;2;153;10;10m▗[0m  [7m[38;2;131;4;4m▖[0m[38;2;248;1;1;48;2;230;3;2m┈[0m[38;2;143;3;3m▅[38;2;35;4;3m▗[38;2;122;9;9m▖[0m [38;2;234;4;4;48;2;111;6;6m▗[38;2;119;5;5;48;2;36;1;1m▖[38;2;126;5;5;48;2;243;2;2m▖[48;2;251;0;0m [38;2;250;0;0;48;2;208;4;4m▇[38;2;251;0;0;48;2;250;0;0m┈[48;2;251;0;0m    [48;2;250;0;0m┈[38;2;112;4;4;48;2;242;1;1m▂[38;2;64;2;2;48;2;181;6;6m▅[38;2;143;4;3;48;2;235;3;2m▏[38;2;80;3;3;48;2;232;2;2m▗[38;2;73;3;3;48;2;228;4;3m▅[38;2;225;5;4;48;2;88;4;4m▃[38;2;104;4;4;48;2;222;6;6m▋[48;2;251;0;0m  [48;2;250;0;0m [38;2;12;0;0;48;2;180;4;4m▗[38;2;91;3;3;48;2;238;2;2m▖[48;2;251;0;0m [38;2;251;0;0;48;2;250;0;0m┈[0m[7m[38;2;200;4;4m▝[0m[38;2;207;8;7m▗[38;2;190;7;7m▊[0m  [7m[38;2;213;6;6m▍[38;2;226;3;3m▝[0m [38;2;55;2;2m [7m[38;2;135;8;8m▋[0m[38;2;149;6;5m▋[0m
 [7m[38;2;165;5;5m▅[38;2;92;5;4m▁[0m[38;2;18;0;0m▝[38;2;45;1;1;48;2;198;6;6m▖[38;2;244;2;2;48;2;110;4;4m▄[38;2;242;2;2;48;2;160;6;6m▇[38;2;223;4;4;48;2;63;3;3m▆[0m[38;2;153;6;6m▖[7m[38;2;135;4;4m▖[0m[38;2;250;0;0;48;2;238;2;2m┊[0m[38;2;119;5;5m▌[38;2;156;8;8m▝[38;2;169;5;5m▆[38;2;96;4;4;48;2;232;3;3m▘[38;2;251;0;0;48;2;232;2;2m┈[38;2;229;3;3;48;2;103;4;4m▃[38;2;156;7;6;48;2;241;3;3m▖[48;2;251;0;0m [38;2;87;4;4;48;2;238;3;3m▗[38;2;31;1;0;48;2;229;2;2m▂[38;2;154;7;7;48;2;238;3;3m▁[38;2;82;2;2;48;2;236;1;1m▂[38;2;251;0;0;48;2;247;1;1m┈[38;2;39;0;0;48;2;164;6;5m┏[38;2;226;3;3;48;2;79;3;3m▅[38;2;248;1;1;48;2;194;9;9m▇[38;2;97;3;3;48;2;185;9;9m▚[38;2;200;4;4;48;2;82;3;3m▄[38;2;251;0;0;48;2;243;1;1m┈[48;2;251;0;0m [38;2;82;0;0;48;2;194;9;8m┃[38;2;245;1;1;48;2;251;0;0m▏[38;2;250;0;0m▁[38;2;246;2;2;48;2;187;5;4m▉[38;2;239;3;2;48;2;39;1;1m▄[38;2;246;2;2;48;2;66;2;2m▄[38;2;218;10;10;48;2;239;2;2m╴[48;2;251;0;0m [38;2;251;0;0;48;2;242;2;2m╴[38;2;129;7;7;48;2;210;6;6m▚[38;2;181;4;4;48;2;225;3;3m▁[0m[38;2;213;5;5m▖[38;2;190;8;8;48;2;95;4;3m▚[38;2;73;2;2;48;2;238;3;3m▘[48;2;251;0;0m [0m[38;2;180;6;6m▌ [0m [38;2;0;0;0m [0m
[38;2;154;5;5m▗[38;2;77;2;2m▖  [38;2;88;4;4m▝[7m[38;2;209;3;3m▂[0m[38;2;101;4;4;48;2;249;0;0m▂[38;2;65;5;5;48;2;152;5;4m▁[38;2;16;127;126;48;2;74;11;11m▁[0m[38;2;26;158;157m▁[38;2;31;155;154;48;2;118;5;4m▃[38;2;114;16;16;48;2;15;62;62m▉[0m[38;2;18;233;232m▄[38;2;15;220;219;48;2;41;5;5m▄[38;2;37;60;60;48;2;204;4;3m▖[38;2;251;0;0;48;2;249;1;1m┈[48;2;251;0;0m [48;2;246;1;1m▇[48;2;251;0;0m [48;2;242;1;1m┈[38;2;233;2;2;48;2;51;2;2m▄[38;2;197;5;5;48;2;32;2;2m▂[38;2;47;2;2;48;2;161;11;10m▋[38;2;158;7;7;48;2;244;2;2m▘[38;2;152;6;6;48;2;236;3;3m▘[48;2;251;0;0m  [38;2;251;0;0;48;2;233;5;4m▇[48;2;250;0;0m┈[48;2;251;0;0m [38;2;143;6;6;48;2;245;2;2m▗[38;2;102;4;4;48;2;182;9;9m▌[38;2;104;4;3;48;2;224;3;3m▆[38;2;161;4;4;48;2;245;1;1m▘[48;2;251;0;0m    [38;2;200;10;9;48;2;250;0;0m▁[38;2;166;10;10m▁[38;2;251;0;0;48;2;242;2;2m┈[38;2;99;4;4;48;2;208;8;7m▋[38;2;212;5;4;48;2;41;0;0m▊[0m[7m[38;2;93;4;4m▊[0m[38;2;167;7;6;48;2;240;3;2m▏[0m[7m[38;2;226;3;2m▗[0m[38;2;89;4;4m▘   [0m
[38;2;55;1;1;48;2;214;2;1m▍[38;2;205;1;1;48;2;97;1;1m╴[0m  [38;2;213;8;8;48;2;68;5;4m▗[38;2;112;5;5;48;2;48;1;1m╴[0m [38;2;21;224;223m▗[38;2;6;250;249;48;2;13;201;200m┈[38;2;0;23;22;48;2;7;248;247m▂[38;2;0;21;21;48;2;8;242;241m▂[38;2;0;25;25;48;2;11;214;213m▂[38;2;8;59;58;48;2;4;249;248m▂[38;2;1;32;31;48;2;7;245;244m▁[38;2;1;49;48;48;2;15;207;206m▁[38;2;68;32;31;48;2;216;5;5m▌[38;2;246;2;2;48;2;202;10;9m▉[38;2;109;5;5;48;2;230;4;3m▖[38;2;151;6;6;48;2;240;3;3m▗[38;2;250;0;0;48;2;244;1;1m┊[48;2;251;0;0m [38;2;251;0;0;48;2;250;0;0m┈[38;2;104;4;4;48;2;225;3;3m╹[38;2;247;1;1;48;2;251;0;0m▏[38;2;212;5;5;48;2;249;0;0m▁[38;2;251;0;0m┊[38;2;147;6;5;48;2;246;1;1m▗[38;2;190;11;10;48;2;241;2;2m╴[48;2;251;0;0m [38;2;251;0;0;48;2;243;2;2m▉[38;2;206;6;6;48;2;61;2;2m▘[38;2;203;4;4;48;2;65;5;5m▄[38;2;243;1;1;48;2;181;4;4m▇[48;2;251;0;0m  [38;2;251;0;0;48;2;250;0;0m┈[38;2;64;3;3;48;2;226;2;2m▗[38;2;22;1;1;48;2;209;4;4m▆[38;2;0;0;0;48;2;10;0;0m┈[48;2;6;0;0m┈[38;2;228;5;5;48;2;77;3;3m▝[38;2;213;5;4;48;2;119;4;4m▌[0m[38;2;138;8;8m▊[38;2;60;2;2;48;2;211;4;4m▘[38;2;198;4;4;48;2;59;3;3m▉[0m[38;2;166;4;4m▃[38;2;231;5;5m▖   [0m
 [38;2;201;2;2;48;2;55;3;3m▚[0m[38;2;46;2;2m▁[0m [38;2;67;2;2;48;2;225;5;5m▍[38;2;229;7;6;48;2;89;1;1m▌[38;2;178;6;6;48;2;54;4;3m▅[38;2;23;148;147;48;2;3;9;9m▝[38;2;24;95;94;48;2;10;58;57m╻[38;2;32;222;221;48;2;7;56;56m╾[38;2;15;205;204;48;2;0;2;2m▄[38;2;18;237;236;48;2;8;60;59m▗[38;2;16;199;198;48;2;5;34;33m▇[38;2;34;227;226;48;2;22;111;110m▘[38;2;9;42;42;48;2;23;131;130m▂[38;2;17;44;44;48;2;75;3;3m▇[38;2;38;2;2;48;2;224;3;3m▄[38;2;187;7;7;48;2;67;4;4m▘[38;2;53;2;1;48;2;211;6;5m▖[38;2;210;3;2;48;2;246;1;1m▏[38;2;251;0;0;48;2;243;1;1m╴[38;2;250;0;0;48;2;238;2;2m┊[38;2;236;5;5;48;2;250;0;0m▁[38;2;249;0;0m┈[38;2;210;7;7;48;2;95;4;3m▍[38;2;208;14;13;48;2;240;3;3m▏[38;2;110;4;4;48;2;216;8;8m▊[48;2;250;0;0m [48;2;251;0;0m [38;2;251;0;0;48;2;250;0;0m┈[38;2;239;2;2;48;2;93;5;5m▅[38;2;222;7;6;48;2;247;1;1m▏[48;2;251;0;0m [38;2;251;0;0;48;2;250;0;0m┈[38;2;70;3;3;48;2;231;2;1m▂[38;2;197;5;5;48;2;29;1;1m▘[38;2;0;0;0;48;2;1;0;0m┈[48;2;0;0;0m   [38;2;8;0;0;48;2;133;5;5m▊[38;2;209;16;15;48;2;247;1;1m▏[38;2;227;3;3;48;2;127;9;9m▅[38;2;251;0;0;48;2;240;2;2m┊[38;2;214;8;8;48;2;120;5;4m▌[38;2;249;0;0;48;2;242;2;2m┊[0m[38;2;201;7;7m▋   [0m
  [38;2;69;4;4m▝[38;2;160;11;10;48;2;60;5;4m▆[38;2;159;6;6;48;2;248;1;1m▘[38;2;208;5;4;48;2;245;1;1m╵[38;2;251;0;0;48;2;243;2;1m╴[38;2;205;4;4;48;2;34;1;1m▖[38;2;3;12;12;48;2;25;103;102m▇[38;2;1;7;7;48;2;18;156;155m▃[38;2;0;17;16;48;2;18;194;193m▁[38;2;9;71;70;48;2;29;159;158m╿[38;2;15;95;94;48;2;35;160;159m▍[38;2;46;36;35;48;2;151;9;9m▍[38;2;42;2;2;48;2;165;9;8m▁[38;2;112;13;13;48;2;33;111;111m▎[38;2;25;153;152;48;2;12;57;57m▂[38;2;0;0;0;48;2;0;1;1m┈[38;2;123;5;4;48;2;2;0;0m▝[38;2;25;1;1;48;2;246;1;1m▅[38;2;40;0;0;48;2;140;8;7m┓[38;2;80;1;1;48;2;239;2;2m▂[38;2;205;4;4;48;2;133;5;5m▚[38;2;231;7;7;48;2;250;0;0m▎[38;2;39;1;1;48;2;223;3;3m▝[38;2;233;4;4;48;2;94;4;4m▝[38;2;49;2;1;48;2;160;6;5m▂[38;2;95;3;3;48;2;207;6;6m╸[38;2;214;15;14;48;2;248;1;1m▁[38;2;221;11;11;48;2;251;0;0m▁[38;2;146;9;9;48;2;250;0;0m▁[38;2;80;3;3;48;2;247;1;1m▂[38;2;19;0;0;48;2;220;2;2m▃[38;2;68;4;4;48;2;167;4;4m▆[38;2;192;7;7;48;2;63;4;4m▂[38;2;143;7;7;48;2;26;2;2m▖[48;2;0;0;0m    [38;2;215;6;5;48;2;54;2;2m▗[38;2;251;0;0;48;2;248;1;1m┊[38;2;160;9;8;48;2;229;4;4m╻[38;2;246;1;1;48;2;250;0;0m╶[38;2;218;6;6;48;2;120;5;4m▍[38;2;128;7;7;48;2;233;3;3m▁[0m[38;2;169;5;5m▘   [0m
 [38;2;0;0;0m [0m [7m[38;2;153;5;5m▖[0m[38;2;244;2;2;48;2;250;0;0m▏[48;2;251;0;0m [38;2;250;0;0;48;2;223;7;7m▉[38;2;209;5;5;48;2;51;2;2m▘[38;2;18;122;121;48;2;5;2;1m▗[38;2;15;223;222;48;2;3;13;12m▃[38;2;27;233;232;48;2;8;62;62m╺[38;2;30;216;215;48;2;3;30;29m╸[38;2;3;34;33;48;2;28;167;166m▖[38;2;10;89;88;48;2;30;161;160m╴[38;2;31;181;180;48;2;24;136;135m┳[38;2;23;164;163;48;2;23;127;127m▆[38;2;5;36;35;48;2;18;223;223m▂[38;2;19;90;90;48;2;1;20;19m▏[38;2;0;14;14;48;2;24;215;214m▃[38;2;30;115;115;48;2;6;11;11m▏[38;2;32;2;2;48;2;175;8;7m▃[38;2;57;3;3;48;2;212;7;7m▖[38;2;54;3;3;48;2;238;1;1m▁[38;2;124;6;6;48;2;247;1;1m▁[38;2;249;0;0;48;2;251;0;0m╴[38;2;251;0;0;48;2;247;1;1m┈[38;2;221;5;4;48;2;31;1;1m▇[38;2;179;8;8;48;2;13;0;0m▆[38;2;139;9;8;48;2;29;0;0m▅[38;2;153;9;8;48;2;20;0;0m▃[38;2;193;12;11;48;2;15;0;0m▁[38;2;56;0;0;48;2;0;0;0m▁ [38;2;2;0;0;48;2;81;3;3m▇[38;2;3;0;0;48;2;126;7;7m▇[38;2;0;0;0;48;2;1;0;0m┈[48;2;0;0;0m [38;2;110;5;4;48;2;2;0;0m▁[38;2;209;5;5;48;2;15;0;0m▂[38;2;207;4;4;48;2;42;2;2m▅[38;2;171;6;6;48;2;232;3;3m▃[38;2;163;5;5;48;2;223;4;4m┙[38;2;245;1;1;48;2;191;4;3m▇[38;2;251;0;0;48;2;249;0;0m┈[0m[7m[38;2;138;4;4m▗[0m [38;2;1;0;0m    [0m
 [38;2;0;0;0m  [0m [7m[38;2;184;4;4m▄[38;2;232;2;2m▂[0m[38;2;231;3;3;48;2;173;9;8m▉[38;2;114;3;3;48;2;17;1;1m▖[38;2;0;12;11;48;2;23;173;172m▍[38;2;16;102;101;48;2;12;240;239m╾[38;2;2;78;78;48;2;19;225;224m─[38;2;21;197;196;48;2;7;64;63m▇[38;2;21;203;202;48;2;0;18;17m▆[38;2;14;227;226;48;2;12;67;67m▅[38;2;10;239;238;48;2;13;103;102m▅[48;2;16;98;97m▅[38;2;8;245;244;48;2;3;24;23m▅[38;2;9;237;236;48;2;0;3;3m▆[38;2;14;224;223;48;2;0;0;0m▇[38;2;26;231;230;48;2;6;39;39m╸[38;2;19;211;211;48;2;3;24;24m▗[38;2;19;166;165;48;2;10;30;30m▖[38;2;172;10;10;48;2;46;2;2m┏[38;2;136;7;7;48;2;34;1;1m▝[38;2;97;4;4;48;2;246;2;1m▅[38;2;214;5;5;48;2;247;1;1m▏[38;2;243;1;1;48;2;170;7;6m▇[38;2;49;0;0;48;2;199;5;5m╺[38;2;77;3;3;48;2;182;6;5m▃[38;2;135;7;7;48;2;178;6;6m▝[38;2;73;1;1;48;2;168;7;7m╴[38;2;80;2;2;48;2;187;7;7m▁[38;2;208;5;5;48;2;95;2;2m▇[38;2;203;6;6;48;2;19;0;0m▇[38;2;206;5;4;48;2;5;0;0m▇[38;2;211;5;4;48;2;18;0;0m▇[38;2;214;4;4;48;2;104;3;3m▇[38;2;150;6;6;48;2;224;4;4m╸[38;2;190;6;6;48;2;216;4;4m╵[38;2;35;1;1;48;2;202;4;4m▁[38;2;82;3;3;48;2;234;3;3m▄[38;2;46;0;0;48;2;188;4;4m╸[38;2;167;5;4;48;2;225;3;3m▁[38;2;35;75;75;48;2;171;5;5m▃[0m[38;2;19;148;148m▆[38;2;15;214;213m▄[38;2;16;142;141m▂   [0m
 [38;2;0;0;0m  [0m [7m[38;2;111;6;6m▅[38;2;99;6;5m▃[0m[38;2;102;13;11;48;2;30;1;1m╴[38;2;4;0;0;48;2;136;9;8m▅[38;2;9;1;1;48;2;47;8;7m▉[38;2;107;8;8;48;2;18;137;137m▆[38;2;1;7;6;48;2;26;189;188m▅[38;2;0;7;7;48;2;21;145;144m▄[38;2;0;0;0;48;2;21;190;189m▃[38;2;0;2;1;48;2;24;192;191m▃[38;2;0;0;0;48;2;21;172;171m▃[38;2;0;7;7;48;2;32;175;174m▄[38;2;0;8;8;48;2;38;193;192m▇[38;2;0;0;0;48;2;26;125;124m▇[38;2;22;225;224;48;2;4;24;23m▗[38;2;12;224;223;48;2;3;18;18m▄[38;2;12;88;87;48;2;18;206;205m▅[38;2;10;84;83;48;2;14;223;222m▝[38;2;17;235;234;48;2;4;21;21m▂[38;2;14;15;15;48;2;129;8;8m▋[38;2;234;6;6;48;2;77;3;3m▘[38;2;153;6;5;48;2;243;3;3m▎[48;2;251;0;0m  [38;2;251;0;0;48;2;238;1;1m┈[38;2;229;2;2;48;2;66;2;2m▅[38;2;46;1;1;48;2;183;5;5m╾[38;2;108;4;4;48;2;196;4;4m▂[38;2;240;2;2;48;2;94;4;4m▄[38;2;27;1;1;48;2;185;4;4m━[38;2;4;0;0;48;2;172;4;4m━[38;2;6;0;0;48;2;170;3;3m━[38;2;4;0;0;48;2;186;4;4m━[38;2;67;2;2;48;2;184;3;3m┷[38;2;231;4;4;48;2;56;2;2m▄[38;2;239;3;3;48;2;93;7;7m━[38;2;25;76;75;48;2;212;4;4m▃[38;2;15;227;226;48;2;144;14;14m▃[38;2;12;231;230;48;2;46;6;5m▅[38;2;5;43;43;48;2;18;172;171m━[38;2;6;38;37;48;2;16;216;215m▃[38;2;13;213;212;48;2;15;108;107m▅[38;2;8;53;53;48;2;18;188;187m╾[0m[7m[38;2;16;186;185m▝[0m[38;2;15;120;120m▖ [0m
 [38;2;0;0;0m     [0m [38;2;132;7;7m▝[38;2;197;9;9;48;2;55;2;2m┓[38;2;18;1;1;48;2;102;8;8m▇[38;2;6;0;0;48;2;0;0;0m▏   [38;2;17;159;159;48;2;2;11;11m▗[38;2;11;223;222;48;2;0;5;5m▅[38;2;8;235;234;48;2;0;0;0m▆[38;2;7;233;232m▆[38;2;0;252;251;48;2;7;233;232m┈[38;2;12;71;70;48;2;3;250;249m▂[38;2;9;249;248;48;2;14;88;87m▘[38;2;19;141;141;48;2;8;241;240m▏[38;2;2;251;250;48;2;35;228;227m▉[38;2;21;137;136;48;2;1;7;7m▎[38;2;201;6;6;48;2;64;3;3m▝[38;2;85;3;3;48;2;187;4;3m┎[38;2;72;2;2;48;2;218;3;3m╸[38;2;251;0;0;48;2;246;1;1m┈[38;2;82;4;3m▂[38;2;62;2;2;48;2;242;2;2m▃[38;2;235;5;4;48;2;245;2;1m╴[38;2;178;7;7;48;2;22;0;0m▌[38;2;13;0;0;48;2;178;6;5m▆[38;2;34;1;1;48;2;232;3;2m▄[38;2;66;3;2;48;2;242;1;1m▂[38;2;251;0;0;48;2;243;1;1m┈[48;2;250;0;0m▇[38;2;57;7;7;48;2;233;3;3m▗[38;2;14;202;201;48;2;96;52;51m▅[38;2;0;252;251;48;2;8;241;240m╴[38;2;5;246;245;48;2;17;131;130m▅[38;2;8;76;75;48;2;15;211;210m╾[38;2;11;62;61;48;2;6;237;236m▂[38;2;17;108;107;48;2;16;222;221m┎[38;2;9;244;243;48;2;14;89;88m▄[38;2;10;240;239;48;2;7;44;43m▄[38;2;20;104;104;48;2;12;240;239m━[38;2;19;104;103;48;2;10;236;235m▘[0m[38;2;17;216;215m▋ [0m
 [38;2;0;0;0m       [7m[38;2;43;5;4m▆[0m [7m[38;2;0;0;0m┈[0m[38;2;147;12;11;48;2;26;2;2m▗[38;2;18;0;0;48;2;1;0;0m▏[38;2;2;9;9;48;2;22;99;98m▉[38;2;8;43;43;48;2;14;237;236m▂[38;2;16;220;219;48;2;12;119;118m▚[38;2;25;132;131;48;2;10;201;200m┉[38;2;11;77;76;48;2;14;228;227m━[38;2;12;65;64;48;2;17;232;231m▃[38;2;6;57;56;48;2;20;171;170m▍[38;2;16;105;104;48;2;12;220;220m▁[38;2;32;194;193;48;2;1;252;251m▁[38;2;26;203;202;48;2;7;249;248m▁[38;2;20;204;203;48;2;8;39;39m▖[38;2;149;9;9;48;2;75;9;8m┖[38;2;27;0;0;48;2;220;5;5m▂[38;2;55;0;0;48;2;246;2;2m▂[38;2;223;6;6;48;2;45;2;1m▘[38;2;105;6;6;48;2;11;0;0m╺[38;2;34;0;0;48;2;202;5;5m▃[38;2;61;2;2;48;2;211;4;3m▄[38;2;169;8;8;48;2;50;2;2m▃[38;2;24;160;159;48;2;106;10;9m▂[38;2;17;231;230;48;2;138;8;7m▃[38;2;30;135;134;48;2;149;6;6m▃[38;2;207;6;5;48;2;108;4;4m▄[38;2;125;4;4;48;2;211;6;6m▖[0m[38;2;143;8;8m▎[7m[38;2;15;119;118m▆[38;2;10;229;228m▄[0m[38;2;11;76;75;48;2;4;247;246m▂[38;2;31;133;132;48;2;6;237;236m▁[38;2;11;47;46;48;2;19;205;204m▝[38;2;14;236;235;48;2;3;23;23m▃[38;2;23;242;241;48;2;8;75;74m▂[38;2;0;6;6;48;2;17;202;201m━[38;2;12;102;101;48;2;10;240;239m━[38;2;17;112;111;48;2;21;206;205m▗[0m [38;2;6;42;42m [0m
 [38;2;0;0;0m          [7m[38;2;6;0;0m▇[38;2;0;0;0m╴[0m[38;2;20;154;153;48;2;1;7;7m▂[38;2;11;220;219;48;2;5;41;40m▅[38;2;0;252;251;48;2;3;248;247m┈[48;2;0;252;251m  [38;2;18;229;228;48;2;7;47;46m▋[38;2;13;89;89;48;2;16;220;219m▎[38;2;16;214;213;48;2;19;106;105m▊[38;2;11;79;78;48;2;18;182;181m▎[38;2;14;89;88;48;2;26;165;164m┇[38;2;22;200;199;48;2;21;104;103m▆[38;2;30;172;171;48;2;15;72;72m▄[38;2;0;20;19;48;2;1;1;1m╴[38;2;220;7;7;48;2;86;5;4m▗[38;2;245;2;2;48;2;46;2;2m▅[38;2;241;2;2;48;2;29;0;0m▅[38;2;223;4;4;48;2;53;2;2m▆[38;2;58;2;2;48;2;215;4;4m▃[38;2;57;23;23;48;2;24;194;193m▌[38;2;0;252;251;48;2;3;250;249m┈[48;2;0;252;251m [48;2;4;247;246m┈[38;2;11;229;228;48;2;94;55;54m▄[38;2;44;109;108;48;2;192;7;7m▂[0m[38;2;195;8;7m▖[0m [38;2;0;0;0m  [0m [7m[38;2;22;196;195m▆[38;2;15;234;233m▅[38;2;5;250;249m▅[38;2;11;244;243m▅[38;2;15;214;213m▆[0m [38;2;0;0;0m  [0m
 [38;2;0;0;0m       [0m [38;2;23;168;167m▂[38;2;13;229;228m▃[38;2;8;228;227m▅[38;2;4;248;247;48;2;14;108;107m▆[38;2;0;252;251;48;2;2;251;250m┈[48;2;0;252;251m [48;2;2;251;250m┈[38;2;19;111;110;48;2;3;250;249m▂[38;2;8;46;46;48;2;9;239;238m▄[38;2;21;120;119;48;2;5;26;26m▍[48;2;0;0;0m   [38;2;0;0;0;48;2;0;1;1m┈[48;2;0;25;25m▇[48;2;5;48;47m▇[48;2;0;0;0m [48;2;48;2;2m▇[38;2;7;0;0;48;2;192;16;15m▇[48;2;190;16;16m▇[38;2;0;0;0;48;2;52;1;1m▇[38;2;15;80;79;48;2;1;5;5m▁[38;2;16;126;126;48;2;6;44;44m╱[38;2;4;30;30;48;2;10;231;230m▃[38;2;20;129;128;48;2;3;248;247m▁[48;2;0;252;251m  [38;2;0;252;251;48;2;3;247;246m┈[38;2;7;237;236;48;2;57;47;46m▆[0m[38;2;10;221;220m▄[38;2;18;218;217m▂[38;2;23;124;123m▁         [0m
 [38;2;0;0;0m     [0m [7m[38;2;19;125;124m▄[38;2;24;230;229m▄[38;2;10;246;245m▄[38;2;8;247;246m▄[38;2;12;245;244m▄[38;2;13;229;228m▄[0m[38;2;155;9;8;48;2;13;128;128m▂[38;2;109;11;11;48;2;20;233;232m▆[38;2;180;5;5;48;2;20;30;30m▖[48;2;0;0;0m [38;2;0;2;2;48;2;10;83;82m▉[38;2;25;150;149;48;2;12;237;236m▏[38;2;7;230;229;48;2;8;38;38m▆[38;2;23;198;198;48;2;2;12;12m▖[38;2;32;119;118;48;2;3;19;19m▃[38;2;44;199;198;48;2;25;21;21m╴[38;2;166;6;6;48;2;1;0;0m▂[38;2;207;8;7;48;2;3;0;0m▂[38;2;178;7;6;48;2;2;0;0m▂[38;2;173;11;11;48;2;6;0;0m▁[38;2;19;93;93;48;2;8;23;23m┌[38;2;31;162;161;48;2;0;5;5m▃[38;2;12;231;230;48;2;7;37;36m▃[38;2;10;231;230;48;2;17;124;123m▇[38;2;20;168;167;48;2;2;14;13m▍[48;2;0;0;0m [38;2;108;5;5;48;2;1;5;5m▗[38;2;107;4;4;48;2;25;181;180m▆[38;2;84;10;9;48;2;14;231;230m▅[38;2;9;247;246;48;2;15;117;116m╵[0m[7m[38;2;9;235;234m▃[38;2;7;248;247m▃[38;2;6;248;247m▃[38;2;10;246;245m▃[38;2;17;199;198m▃[0m[38;2;14;157;156m━[0m [38;2;17;76;75m      [0m
 [38;2;0;0;0m            [38;2;94;4;4m▝[7m[38;2;227;2;2m▃[0m[38;2;251;0;0;48;2;232;3;2m╴[38;2;224;2;2;48;2;30;1;1m▅[38;2;244;3;3;48;2;20;0;0m▃[48;2;27;54;54m▃[38;2;171;12;11;48;2;21;236;235m▆[38;2;225;3;3;48;2;28;68;68m▆[38;2;228;4;3;48;2;98;4;4m▇[38;2;65;2;2;48;2;240;3;3m▂[38;2;69;3;3;48;2;239;3;3m▃[38;2;60;1;1;48;2;246;2;2m▄[38;2;59;2;2;48;2;237;3;3m▃[38;2;57;1;1;48;2;239;2;2m▂[38;2;233;3;3;48;2;147;7;7m▇[38;2;235;2;2;48;2;45;35;34m▆[38;2;211;3;3;48;2;19;200;199m▅[38;2;139;6;6;48;2;14;136;135m▆[38;2;244;3;3;48;2;23;1;1m▃[38;2;224;3;3;48;2;16;0;0m▅[38;2;234;2;2;48;2;130;4;4m▇[0m[7m[38;2;235;2;1m▂[38;2;204;4;3m▅[0m [38;2;0;0;0m             [0m
 [38;2;0;0;0m              [7m[38;2;75;3;2m▇[38;2;150;7;7m▆[38;2;134;6;6m▃[0m[38;2;68;3;3;48;2;188;5;5m▁[38;2;241;3;3;48;2;154;5;5m▅[38;2;204;5;5;48;2;130;5;5m▆[38;2;61;2;2;48;2;174;6;6m▝[38;2;244;1;1;48;2;122;5;5m▆[38;2;251;0;0;48;2;228;10;9m▇[48;2;218;10;10m▇[48;2;226;10;10m▇[38;2;121;4;4;48;2;237;2;2m▝[38;2;185;7;7;48;2;119;7;6m▇[38;2;240;3;3;48;2;166;7;6m▅[38;2;164;5;5;48;2;221;4;4m╺[0m[7m[38;2;193;6;6m▁[38;2;196;3;3m▄[38;2;179;4;4m▅[38;2;129;6;6m▇[0m[38;2;4;0;0m                [0m
 [38;2;0;0;0m                 [0m [7m[38;2;135;6;6m▇[0m[38;2;199;8;7m▝[38;2;144;5;5;48;2;244;1;1m▁[48;2;251;0;0m     [38;2;119;6;5;48;2;231;3;3m▁[0m[7m[38;2;147;6;5m▆[38;2;142;6;6m▇[0m[38;2;4;0;0m                    [0m
 [38;2;0;0;0m                    [0m [7m[38;2;179;5;5m▆[38;2;220;4;4m▆[38;2;205;5;5m▆[38;2;220;4;3m▆[38;2;164;6;5m▆[0m [38;2;0;0;0m                      [0m[u[0m [38;2;0;0;0m                               [0m [38;2;125;7;7m▂           [0m [38;2;134;7;6m▂   [0m
 [38;2;0;0;0m                         [38;2;124;5;4m▗[38;2;232;2;1m▄[38;2;246;1;1m▅[38;2;237;2;2m▆[38;2;243;2;2m▆[38;2;223;3;3m▆[7m[38;2;197;4;4m▂[0m[38;2;167;5;5m▘   [0m [38;2;63;5;5m▖     [38;2;59;2;1m▁[38;2;170;6;5m▄[38;2;208;7;7;48;2;242;3;2m▏[0m[38;2;118;5;5m▎  [0m
 [38;2;0;0;0m                         [7m[38;2;212;5;4m▎[0m[38;2;26;1;1;48;2;251;0;0m  [38;2;92;3;3;48;2;195;4;4m▁[0m[7m[38;2;130;7;7m▅[38;2;41;0;0m▇[0m[38;2;0;0;0m     [7m[38;2;132;6;6m▌[0m[38;2;83;3;3;48;2;237;4;3m▝[0m[38;2;174;5;4m▖   [0m [38;2;74;1;1;48;2;210;6;5m▎[38;2;144;3;3;48;2;240;1;1m▁[0m[7m[38;2;172;3;3m▄[0m [38;2;0;0;0m  [0m
   [38;2;0;0;0m                       [7m[38;2;177;6;6m▋[0m[38;2;9;0;0;48;2;251;0;0m [38;2;251;0;0;48;2;248;1;1m▉[0m[38;2;174;7;6m▍ [38;2;52;5;5m▂     [0m [7m[38;2;192;6;5m▖[0m[38;2;251;0;0;48;2;243;2;2m┈[0m[38;2;136;8;8m▎  [0m [38;2;76;8;7;48;2;188;7;6m▂[0m[38;2;86;4;3m▘    [0m
    [38;2;96;5;5;48;2;17;1;1m━[0m[38;2;134;3;3m▃[0m [38;2;0;0;0m       [7m[38;2;118;7;7m▘[0m[38;2;41;3;2m▎      [38;2;114;7;7m▗[38;2;179;12;12m▖  [7m[38;2;151;7;7m▋[0m[38;2;244;1;1;48;2;248;0;0m▏[38;2;246;0;0;48;2;251;0;0m▅[38;2;137;4;3;48;2;244;1;1m▝[0m[38;2;226;2;2m▅[38;2;94;5;4;48;2;227;3;3m▘[0m[38;2;213;4;4m▖[0m [38;2;0;0;0m [38;2;79;5;5m▁[0m [38;2;0;0;0m [38;2;208;9;9m▝[7m[38;2;140;4;4m▅[0m   [38;2;0;0;0m [0m [38;2;0;0;0m     [0m
 [38;2;0;0;0m   [38;2;126;4;4m▗[38;2;166;2;2;48;2;230;2;2m▏[0m[38;2;50;2;2m╴       [38;2;62;4;4;48;2;208;8;7m▍[0m[38;2;191;4;4m▅[38;2;90;3;3m▖     [7m[38;2;128;7;7m▋[0m[38;2;215;5;5;48;2;132;4;4m▉[0m[38;2;127;7;6m▖[0m [7m[38;2;185;6;6m▌[0m[38;2;40;2;2;48;2;244;0;0m     [38;2;244;0;0;48;2;242;1;1m┊[0m[38;2;225;2;2m▆[38;2;223;5;5m▅[38;2;208;5;4;48;2;131;5;4m▇[0m[38;2;94;5;5m▎ [0m [38;2;124;6;6m▄[0m [7m[38;2;124;6;6m▋[0m[38;2;193;9;9;48;2;34;1;0m▋[0m [38;2;1;0;0m      [0m
 [38;2;0;0;0m  [0m [38;2;19;0;0;48;2;199;4;4m▋[38;2;226;1;1;48;2;38;0;0m▊[0m [38;2;0;0;0m       [38;2;82;3;3m▝[38;2;123;5;5;48;2;222;4;4m▏[38;2;234;3;3;48;2;170;7;6m▇[0m[38;2;114;6;6m▖ [0m [7m[38;2;175;7;6m▝[0m[38;2;212;3;3m▄[38;2;233;1;1;48;2;141;4;3m▇[38;2;244;0;0;48;2;242;2;1m▆[48;2;237;1;1m┈[38;2;240;2;2;48;2;87;3;3m▇[38;2;244;0;0;48;2;243;1;1m┈[48;2;244;0;0m     [38;2;69;3;3;48;2;225;2;2m▗[0m[7m[38;2;163;5;5m▅[38;2;133;5;5m▂[0m[38;2;132;4;4m▘ [38;2;134;6;6m▗[38;2;91;4;4;48;2;233;3;3m▘[0m[7m[38;2;192;5;5m▝[0m [7m[38;2;140;10;9m▍[0m[38;2;94;5;5m▘[0m [38;2;165;8;7;48;2;65;6;5m▆[0m [38;2;0;0;0m  [38;2;165;10;10m▗[38;2;98;8;8m┛[0m
 [38;2;0;0;0m   [0m [38;2;18;0;0;48;2;96;2;2m╴[0m[38;2;55;3;2m▁[0m [38;2;0;0;0m     [0m  [7m[38;2;161;7;7m▍[0m[38;2;243;1;1;48;2;244;0;0m╴[38;2;161;7;7;48;2;11;0;0m▌[0m [7m[38;2;121;6;5m▋[0m[38;2;223;8;8;48;2;244;1;1m▏[38;2;247;0;0;48;2;244;0;0m▃▃▃▃▃▃▃▃▃[38;2;246;0;0m▃[0m[7m[38;2;191;5;5m╺[38;2;194;6;5m▘[0m[38;2;85;4;3m▎[0m [38;2;146;7;7m▂[38;2;216;3;3m▄[38;2;245;0;0;48;2;227;2;2m┈[38;2;247;0;0;48;2;244;0;0m▄[38;2;243;1;1;48;2;204;10;10m▉[0m[38;2;111;5;4m▎[0m [38;2;195;5;5m▗[38;2;97;4;4;48;2;236;2;2m▘[38;2;244;0;0;48;2;191;5;5m╴[0m[38;2;25;0;0m▏ [7m[38;2;98;4;4m▉[0m[38;2;212;6;6;48;2;122;6;5m▉[0m [0m
[38;2;49;3;3m▏    [0m [38;2;53;3;3m▝[38;2;24;1;1;48;2;166;7;7m▖[0m[38;2;202;4;4m▅[38;2;98;4;4m▖   [38;2;42;3;3m▝[38;2;109;9;8;48;2;56;5;4m┈[38;2;24;0;0;48;2;192;7;7m▌[38;2;245;0;0;48;2;248;0;0m▏[38;2;79;2;2;48;2;217;5;5m▝[38;2;184;7;6;48;2;35;0;0m▉[38;2;46;1;1;48;2;200;7;7m▌[38;2;246;1;1;48;2;248;0;0m▏[38;2;250;0;0;48;2;247;0;0m▃▃▃▃▃▃▃▃▃[38;2;247;0;0;48;2;244;1;1m┈[38;2;248;0;0;48;2;245;1;1m┊[38;2;247;0;0;48;2;248;0;0m┈[38;2;244;1;1;48;2;87;3;3m▇[38;2;246;1;1;48;2;131;6;6m▇[48;2;247;0;0m [38;2;250;0;0m▃▃[38;2;247;0;0;48;2;246;0;0m▊[0m[7m[38;2;163;4;4m▗[0m [7m[38;2;169;5;5m▋[0m[38;2;90;4;4;48;2;231;2;2m▁[0m[7m[38;2;208;3;3m▃[0m[38;2;96;3;3m▘[0m [38;2;41;3;3m [0m [38;2;78;4;4;48;2;227;4;4m▖[0m[38;2;192;5;5m▋[0m
[38;2;201;8;7;48;2;73;3;3m▚[0m[38;2;166;5;5m▖[38;2;63;4;3m▝[38;2;148;8;8;48;2;67;3;3m┯[0m[38;2;117;6;6m▖[38;2;134;11;11m▗[0m  [7m[38;2;145;4;4m▖[0m[38;2;240;2;2;48;2;174;5;5m▇[0m[38;2;124;3;3m▅[38;2;64;10;9m╺[38;2;115;8;8m▖[0m [38;2;175;7;7;48;2;46;4;4m▅[38;2;146;7;6;48;2;33;1;1m▝[38;2;249;1;1;48;2;231;2;2m┊[38;2;251;0;0;48;2;250;0;0m▇[38;2;246;1;1;48;2;195;3;3m▇[38;2;251;0;0;48;2;247;1;1m┈[48;2;251;0;0m     [38;2;138;5;4;48;2;246;1;1m▂[38;2;47;1;1;48;2;184;5;5m▄[38;2;156;5;5;48;2;239;2;2m▏[38;2;110;4;4;48;2;243;1;1m▃[38;2;74;3;3;48;2;235;3;3m▅[38;2;212;6;6;48;2;83;4;3m▃[38;2;98;3;3;48;2;218;5;5m▌[48;2;251;0;0m  [38;2;251;0;0;48;2;250;0;0m┈[38;2;26;0;0;48;2;201;5;4m▗[38;2;125;5;4;48;2;245;1;1m▖[48;2;251;0;0m [38;2;251;0;0;48;2;250;0;0m┈[0m[7m[38;2;190;4;4m▝[0m[38;2;192;7;7m▗[7m[38;2;179;7;7m▗[0m  [38;2;57;1;1;48;2;211;6;5m▎[0m[7m[38;2;204;4;4m▝[0m [38;2;41;2;2m [7m[38;2;128;7;7m▋[0m[38;2;167;6;6m▋[0m
 [7m[38;2;176;6;6m▄[38;2;94;5;5m▝[0m [38;2;56;2;2;48;2;198;6;6m▖[38;2;236;2;2;48;2;97;3;3m▄[38;2;236;3;3;48;2;116;5;5m▇[0m[38;2;214;5;5m▆[38;2;108;3;3m▖[7m[38;2;170;4;4m▖[0m[38;2;250;0;0;48;2;236;3;3m╴[0m[38;2;89;4;4m▌[38;2;177;9;9m▝[38;2;178;6;5m▅[38;2;114;3;3;48;2;233;3;3m▎[38;2;131;4;4;48;2;245;1;1m▝[38;2;54;1;1;48;2;176;5;5m▘[38;2;157;7;7;48;2;244;2;2m▖[48;2;251;0;0m [38;2;100;4;4;48;2;243;2;2m▗[38;2;66;2;2;48;2;240;2;1m▂[38;2;185;9;9;48;2;239;2;2m▁[38;2;116;4;4;48;2;246;1;1m▂[38;2;250;0;0;48;2;236;6;5m▉[38;2;35;0;0;48;2;161;6;5m┏[38;2;224;3;3;48;2;74;2;2m▅[38;2;244;2;2;48;2;160;10;10m▇[38;2;55;2;2;48;2;162;9;8m▗[38;2;200;4;4;48;2;78;3;3m▄[38;2;251;0;0;48;2;242;1;1m┈[48;2;251;0;0m [38;2;80;0;0;48;2;189;9;8m┃[38;2;245;2;1;48;2;251;0;0m▏ [38;2;246;2;2;48;2;187;6;6m▉[38;2;222;4;3;48;2;28;0;0m▄[38;2;233;4;3;48;2;63;2;2m▄[38;2;203;9;8;48;2;245;1;1m╴[48;2;251;0;0m [38;2;251;0;0;48;2;239;3;3m╴[38;2;127;6;6;48;2;207;6;6m▚[38;2;222;3;3;48;2;157;4;4m▇[0m[38;2;183;5;5m▖[38;2;171;6;6m▆[38;2;88;3;3;48;2;237;3;3m▘[48;2;251;0;0m [0m[38;2;183;6;5m▌ [0m [38;2;12;0;0m [0m
[38;2;142;6;6m▗[38;2;54;3;3m▖  [38;2;104;4;4m▝[7m[38;2;221;3;3m▂[0m[38;2;92;5;5;48;2;243;1;1m▁[38;2;48;4;4;48;2;171;6;5m▗[38;2;23;118;117;48;2;82;8;8m▁[0m[38;2;19;103;102m▁[38;2;43;105;104;48;2;163;4;4m▄[38;2;114;12;12;48;2;14;55;54m▉[0m[38;2;15;213;212m▄[38;2;13;233;232;48;2;49;20;20m▃[38;2;48;42;42;48;2;217;3;3m▖[38;2;251;0;0;48;2;250;0;0m┈[48;2;251;0;0m [48;2;234;6;5m▇[48;2;251;0;0m [48;2;237;1;1m┈[38;2;219;3;3;48;2;33;1;1m▄[38;2;160;6;5;48;2;37;2;2m▂[38;2;50;2;2;48;2;163;8;8m▋[38;2;185;4;4;48;2;231;4;3m▏[38;2;126;4;4;48;2;234;4;3m▘[48;2;251;0;0m  [38;2;250;0;0;48;2;214;5;5m▇[48;2;250;0;0m [48;2;251;0;0m [38;2;234;2;2;48;2;136;8;7m▉[38;2;102;4;4;48;2;189;9;9m▌[38;2;98;4;4;48;2;212;4;4m▅[38;2;237;4;4;48;2;224;3;2m┈[48;2;251;0;0m    [38;2;228;8;7m▁[38;2;210;12;12m▁[38;2;251;0;0;48;2;240;2;2m┊[38;2;103;4;4;48;2;213;7;7m▋[38;2;212;4;4;48;2;33;0;0m▊[0m[7m[38;2;100;4;4m▊[0m[38;2;176;7;7;48;2;242;2;2m▏[38;2;69;3;3;48;2;233;2;2m▗[0m[38;2;110;5;5m▘   [0m
[38;2;55;2;2;48;2;208;2;2m▍[38;2;205;1;1;48;2;94;1;1m╴[0m  [38;2;213;9;9;48;2;60;3;3m▗[38;2;87;5;4;48;2;42;1;1m╴[0m [38;2;23;206;205m▗[38;2;12;247;246;48;2;13;203;202m┈[38;2;0;2;2;48;2;12;233;232m▁[38;2;0;0;0;48;2;12;225;224m▁[38;2;0;1;1;48;2;16;198;197m▁[38;2;0;23;22;48;2;11;244;243m▁[38;2;1;70;69;48;2;4;250;249m▁[38;2;26;93;93;48;2;18;225;224m▝[38;2;27;52;52;48;2;193;5;5m▖[38;2;246;2;2;48;2;202;8;8m▉[38;2;124;4;4;48;2;237;3;3m▖[38;2;152;6;6;48;2;243;2;2m▗[38;2;250;0;0;48;2;245;1;1m┊[48;2;251;0;0m [38;2;251;0;0;48;2;248;1;1m┈[38;2;82;1;1;48;2;217;4;4m╹[38;2;248;0;0;48;2;251;0;0m▏[38;2;228;6;6;48;2;250;0;0m▁[38;2;251;0;0;48;2;249;0;0m┈[38;2;168;5;5;48;2;247;1;1m▗[38;2;210;12;12;48;2;240;2;2m╴[48;2;251;0;0m [38;2;251;0;0;48;2;243;2;2m▉[38;2;212;6;6;48;2;64;3;2m▘[38;2;208;4;4;48;2;80;5;4m▃[38;2;240;1;1;48;2;162;4;4m▇[48;2;251;0;0m  [38;2;251;0;0;48;2;250;0;0m┈[38;2;86;4;4;48;2;235;2;2m▗[38;2;15;1;1;48;2;194;4;4m▅[38;2;4;0;0;48;2;129;7;6m▇[38;2;1;0;0;48;2;90;2;2m▇[38;2;6;0;0;48;2;165;5;5m▖[38;2;221;6;5;48;2;124;4;4m▍[0m[38;2;142;8;8m▊[38;2;50;1;1;48;2;209;5;4m▘[38;2;203;4;4;48;2;66;4;3m▉[0m[38;2;188;5;5m▗[38;2;230;6;6m▖   [0m
[7m[38;2;59;1;1m╴[0m[38;2;202;3;3;48;2;65;2;2m▚[0m  [38;2;59;2;2;48;2;222;5;4m▍[38;2;229;6;6;48;2;81;1;1m▌[38;2;168;7;7;48;2;31;3;3m▅[38;2;24;180;179;48;2;4;13;13m▝[38;2;34;137;136;48;2;10;56;55m╺[38;2;31;204;203;48;2;7;45;44m▗[38;2;18;219;218;48;2;2;13;13m▃[38;2;19;240;239;48;2;8;47;46m▗[38;2;15;207;206;48;2;12;65;64m▆[38;2;6;44;43;48;2;28;149;148m╺[38;2;3;17;17;48;2;29;130;129m▁[38;2;22;37;37;48;2;86;3;3m▇[38;2;27;1;1;48;2;216;4;3m▃[38;2;164;6;6;48;2;66;2;2m▍[38;2;71;4;3;48;2;210;6;6m▖[38;2;202;3;3;48;2;246;1;1m▏[38;2;251;0;0m┈[48;2;239;2;2m┈[38;2;243;3;3;48;2;251;0;0m▁[38;2;249;0;0;48;2;250;0;0m┈[38;2;215;7;6;48;2;103;5;5m▍[38;2;208;15;14;48;2;241;3;3m▏[38;2;114;5;4;48;2;212;8;8m▊[38;2;250;0;0;48;2;249;1;0m┊[48;2;251;0;0m [38;2;251;0;0;48;2;245;2;2m▉[38;2;246;2;2;48;2;101;4;4m▄[38;2;250;0;0;48;2;242;2;2m┊[48;2;251;0;0m [38;2;251;0;0;48;2;250;0;0m┈[38;2;97;5;5;48;2;238;1;1m▂[38;2;23;1;1;48;2;186;5;5m▅[38;2;0;0;0;48;2;4;0;0m┈[48;2;0;0;0m   [38;2;8;0;0;48;2;135;6;6m▊[38;2;210;17;16;48;2;245;1;1m▏[38;2;222;5;5;48;2;115;10;9m▅[38;2;200;5;5;48;2;244;1;1m▏[38;2;214;8;8;48;2;108;4;4m▌[38;2;249;1;1;48;2;240;2;2m┊[0m[38;2;202;7;7m▋   [0m
  [38;2;62;4;4m▝[38;2;153;10;10;48;2;37;2;2m▆[38;2;158;7;7;48;2;246;1;1m▘[38;2;197;6;6;48;2;243;2;2m╵[38;2;246;1;1;48;2;204;5;5m▉[38;2;187;6;6;48;2;26;1;1m▖[38;2;4;18;18;48;2;26;106;105m▇[38;2;3;19;19;48;2;19;154;153m▃[38;2;5;54;53;48;2;21;203;203m▁[38;2;19;104;103;48;2;34;191;190m▚[38;2;12;92;91;48;2;38;167;166m▍[38;2;44;31;31;48;2;147;9;9m▍[38;2;46;0;0;48;2;164;8;8m╸[38;2;114;9;9;48;2;33;108;108m▎[38;2;29;144;143;48;2;9;45;44m▂[38;2;0;0;0;48;2;0;1;1m┈[38;2;145;6;6;48;2;3;0;0m▝[38;2;13;0;0;48;2;233;5;4m▄[38;2;87;5;5;48;2;176;5;5m▅[38;2;49;0;0;48;2;229;3;3m▁[38;2;117;4;4;48;2;187;4;4m┏[38;2;231;7;7;48;2;249;0;0m▎[38;2;34;0;0;48;2;211;5;4m▝[38;2;239;4;4;48;2;96;4;4m▝[38;2;40;0;0;48;2;154;6;6m▁[38;2;116;5;5;48;2;213;7;7m╸[38;2;232;8;8;48;2;248;1;1m▁[38;2;238;6;6;48;2;251;0;0m▁[38;2;206;13;13m▁[38;2;66;1;1;48;2;240;2;2m▁[38;2;39;1;1;48;2;232;2;2m▃[38;2;66;5;5;48;2;194;5;5m▆[38;2;166;8;7;48;2;57;4;4m▂[38;2;157;9;9;48;2;19;1;1m▖[48;2;0;0;0m    [38;2;32;1;1;48;2;172;6;6m▋[38;2;234;6;6;48;2;250;0;0m▏[38;2;157;9;8;48;2;232;4;4m╻[38;2;245;1;1;48;2;250;0;0m╶[38;2;215;6;6;48;2;118;5;5m▍[38;2;247;1;1;48;2;227;4;4m┊[0m[38;2;185;5;4m▘   [0m
 [38;2;0;0;0m [0m [7m[38;2;161;7;7m▖[0m[38;2;251;0;0;48;2;250;0;0m┊[48;2;251;0;0m [48;2;247;1;1m┊[38;2;221;4;4;48;2;60;3;3m▘[38;2;15;101;100;48;2;7;15;15m▁[38;2;19;198;197;48;2;0;5;4m▃[38;2;37;216;215;48;2;8;52;51m╺[38;2;20;145;144;48;2;4;24;24m▖[38;2;8;46;45;48;2;33;170;169m▖[38;2;47;184;183;48;2;28;135;134m┵[38;2;32;153;152;48;2;5;42;41m▇[38;2;41;229;228;48;2;25;128;127m━[38;2;7;53;53;48;2;20;229;228m▂[38;2;20;95;94;48;2;2;21;20m▏[38;2;0;1;1;48;2;19;185;184m▂[38;2;30;115;114;48;2;6;11;11m▏[38;2;17;1;1;48;2;165;9;9m▂[38;2;63;4;3;48;2;212;8;8m▖[38;2;102;4;4;48;2;243;2;2m▁[38;2;177;7;7;48;2;249;1;1m▁[38;2;250;0;0;48;2;251;0;0m╴[38;2;251;0;0;48;2;243;1;1m┈[38;2;231;5;5;48;2;54;2;2m▆[38;2;180;11;10;48;2;42;0;0m▅[38;2;149;11;10;48;2;54;2;2m▄[38;2;174;12;12;48;2;42;1;1m▂[38;2;136;7;7;48;2;16;0;0m▁[38;2;23;0;0;48;2;1;0;0m▁[48;2;0;0;0m [38;2;5;0;0;48;2;130;9;9m▇[38;2;9;0;0;48;2;184;16;15m▇[38;2;0;0;0;48;2;2;0;0m┈[48;2;0;0;0m [48;2;8;0;0m┈[38;2;178;7;6m▂[38;2;220;4;4;48;2;51;2;2m▄[38;2;171;6;6;48;2;231;4;3m▃[38;2;164;7;6;48;2;221;4;4m┙[38;2;243;1;1;48;2;188;4;4m▇[38;2;251;0;0;48;2;250;0;0m┈[0m[7m[38;2;149;4;4m▗[38;2;97;10;10m▇[0m[38;2;4;1;1m    [0m
 [38;2;0;0;0m  [0m [7m[38;2;203;4;3m▄[0m[38;2;72;3;3;48;2;241;1;1m▂[38;2;162;8;8;48;2;236;4;4m╺[38;2;120;7;6;48;2;23;1;1m▏[38;2;0;12;12;48;2;25;179;178m▍[38;2;22;118;117;48;2;11;237;236m╾[38;2;25;123;122;48;2;20;224;223m─[38;2;23;196;195;48;2;0;18;18m▇[38;2;21;200;199;48;2;8;49;48m▅[38;2;11;237;236;48;2;23;107;106m▄[38;2;13;116;115;48;2;9;191;190m╹[38;2;11;105;104;48;2;10;189;188m╹[38;2;10;228;227;48;2;5;25;24m▅[38;2;7;247;246;48;2;4;25;25m▅[38;2;13;241;240;48;2;0;24;23m▆[38;2;28;226;225;48;2;6;39;38m╸[38;2;21;193;192;48;2;3;16;16m▗[38;2;21;174;173;48;2;14;23;23m▖[38;2;165;10;9;48;2;48;2;2m┏[38;2;142;8;7;48;2;36;1;1m▝[38;2;81;3;3;48;2;236;3;3m▄[38;2;250;0;0;48;2;244;1;1m┊[38;2;246;1;1;48;2;179;8;8m▆[38;2;62;1;1;48;2;195;6;6m╺[38;2;75;3;3;48;2;185;7;6m▃[38;2;126;6;5;48;2;183;8;7m┗[38;2;133;5;5;48;2;176;9;9m▃[38;2;105;4;4;48;2;186;7;7m▁[38;2;203;7;6;48;2;39;0;0m▇[38;2;205;6;6;48;2;52;1;1m▆[38;2;209;6;6;48;2;32;0;0m▆[38;2;211;6;6;48;2;53;0;0m▆[38;2;206;5;5;48;2;41;0;0m▇[38;2;151;7;7;48;2;229;4;4m━[38;2;193;6;6;48;2;225;4;4m▘[38;2;81;3;3;48;2;206;5;5m▁[38;2;65;2;2;48;2;221;4;4m▃[38;2;80;2;2;48;2;200;5;4m━[38;2;248;1;1;48;2;223;4;4m┈[38;2;60;36;36;48;2;203;4;4m▄[0m[38;2;21;157;156m▅[38;2;16;198;197m▄[38;2;15;107;106m▂   [0m
 [38;2;0;0;0m  [0m [7m[38;2;85;6;5m▄[0m[38;2;139;8;8m━[38;2;136;20;17;48;2;39;1;1m╴[38;2;8;0;0;48;2;148;9;9m▅[38;2;1;0;0;48;2;15;4;4m┊[38;2;97;11;11;48;2;21;185;184m▆[38;2;3;17;17;48;2;27;184;183m▅[38;2;23;164;163;48;2;7;50;49m━[38;2;0;5;5;48;2;25;208;207m▃[38;2;0;9;9;48;2;28;202;201m▃[38;2;0;3;3;48;2;25;200;199m▃[38;2;4;25;24;48;2;35;200;199m▄[38;2;1;6;5;48;2;22;173;172m▆[38;2;0;2;2;48;2;39;211;210m▇[38;2;25;212;211;48;2;4;26;26m▗[38;2;12;238;237;48;2;5;27;27m▃[38;2;12;243;242;48;2;15;96;95m▝[38;2;10;61;61;48;2;14;222;221m▝[38;2;22;207;206;48;2;1;10;10m▂[38;2;13;9;9;48;2;134;8;8m▋[38;2;233;6;6;48;2;86;4;4m▘[38;2;147;6;6;48;2;242;3;3m▎[48;2;251;0;0m  [38;2;244;1;1;48;2;152;5;5m▇[38;2;237;2;2;48;2;82;3;3m▄[38;2;52;1;1;48;2;182;6;5m╾[38;2;188;4;4;48;2;79;2;2m▇[38;2;233;3;2;48;2;101;4;4m▄[38;2;13;0;0;48;2;189;4;4m━[38;2;77;3;3;48;2;223;4;4m▅[38;2;70;2;2;48;2;229;3;3m▅[38;2;12;0;0;48;2;184;4;4m━[38;2;25;0;0;48;2;191;4;4m━[38;2;225;4;4;48;2;63;2;2m▄[38;2;167;5;5;48;2;20;0;0m▆[38;2;41;59;59;48;2;214;4;4m▃[38;2;16;201;200;48;2;164;7;7m▃[38;2;11;243;242;48;2;55;25;24m▄[38;2;13;75;74;48;2;16;190;189m▚[38;2;7;53;52;48;2;15;213;212m▃[38;2;13;229;228;48;2;17;125;124m▄[38;2;11;80;79;48;2;17;189;188m▗[0m[7m[38;2;17;181;180m▝[0m [38;2;14;101;101m [0m
 [38;2;0;0;0m     [0m [7m[38;2;74;5;5m▖[0m[38;2;190;8;8;48;2;52;2;2m▖[38;2;109;9;8;48;2;11;0;0m▝[38;2;7;0;0;48;2;0;0;0m▏   [38;2;16;132;131;48;2;1;6;6m▗[38;2;10;236;235;48;2;3;18;18m▄[38;2;6;247;246;48;2;0;16;15m▅[38;2;7;246;245;48;2;0;10;10m▅[38;2;6;238;237;48;2;14;171;170m▇[38;2;3;28;27;48;2;5;245;244m▁[38;2;8;250;249;48;2;15;96;95m▘[38;2;18;127;126;48;2;8;238;237m▏[38;2;2;251;250;48;2;33;231;230m▉[38;2;23;148;147;48;2;1;9;8m▎[38;2;39;2;2;48;2;161;6;6m▌[38;2;111;4;4;48;2;234;2;2m▄[38;2;52;1;1;48;2;221;4;3m╸[38;2;251;0;0;48;2;249;0;0m┈[38;2;68;3;2;48;2;240;1;1m▁[38;2;77;3;3;48;2;248;1;1m▃[38;2;250;0;0;48;2;244;2;2m┊[38;2;172;7;7;48;2;25;0;0m▌[38;2;7;0;0;48;2;168;4;4m▅[38;2;20;0;0;48;2;223;3;3m▃[38;2;100;4;4;48;2;247;1;1m▂[38;2;251;0;0m┈[48;2;249;0;0m▇[38;2;73;7;7;48;2;239;2;2m▗[38;2;16;194;193;48;2;119;34;34m▅[38;2;5;248;247;48;2;27;102;101m▇[38;2;5;240;239;48;2;17;120;119m▅[38;2;12;81;80;48;2;13;211;210m╾[38;2;12;86;85;48;2;5;245;244m▂[38;2;19;123;122;48;2;15;229;228m┎[38;2;11;234;233;48;2;11;71;70m▄[38;2;7;249;248;48;2;10;65;65m▃[38;2;7;75;74;48;2;16;235;234m╾[38;2;17;98;98;48;2;11;230;229m▘[0m[38;2;15;221;220m▋ [0m
 [38;2;0;0;0m       [7m[38;2;63;6;5m▆[0m [7m[38;2;0;0;0m╴[0m[38;2;122;9;8;48;2;11;1;1m▃[38;2;18;0;0;48;2;1;0;0m▏[38;2;2;9;9;48;2;22;100;99m▉[38;2;0;10;10;48;2;15;228;227m▁[38;2;13;89;88;48;2;12;202;201m┏[38;2;16;75;74;48;2;11;234;233m━[38;2;2;47;47;48;2;14;223;223m╾[38;2;5;48;47;48;2;17;224;223m▂[38;2;6;58;57;48;2;17;164;163m▍[38;2;10;221;220;48;2;12;75;74m▇[38;2;15;240;239;48;2;1;252;251m▁[38;2;5;250;249;48;2;30;232;231m▉[38;2;18;191;190;48;2;7;29;29m▖[38;2;155;10;9;48;2;81;7;6m╹[38;2;62;1;1;48;2;222;4;4m▂[38;2;22;0;0;48;2;239;2;2m▁[38;2;226;6;5;48;2;59;2;2m▘[38;2;116;7;6;48;2;10;0;0m╺[38;2;11;0;0;48;2;187;5;5m▂[38;2;59;2;2;48;2;227;3;3m▄[38;2;166;8;8;48;2;46;2;2m▃[38;2;27;116;115;48;2;104;5;5m▂[38;2;14;200;199;48;2;141;6;6m▃[38;2;28;143;142;48;2;130;11;10m▂[38;2;202;5;5;48;2;112;4;4m▄[38;2;114;5;5;48;2;222;5;5m▖[0m[38;2;150;8;8m▎[7m[38;2;19;151;150m▆[38;2;10;219;218m▃[0m[38;2;14;63;62;48;2;5;242;241m▁[38;2;23;161;160m▁[38;2;9;45;44;48;2;19;188;187m▝[38;2;17;218;218;48;2;3;23;22m▃[38;2;0;1;1;48;2;15;155;154m━[38;2;2;26;26;48;2;14;194;193m━[38;2;17;99;98;48;2;8;242;241m━[38;2;19;204;203;48;2;22;108;108m▉[0m [38;2;9;59;59m [0m
 [38;2;0;0;0m          [0m [7m[38;2;0;0;0m╴[0m[38;2;14;114;114;48;2;0;3;3m▂[38;2;9;230;229;48;2;7;47;47m▄[38;2;0;252;251;48;2;3;244;243m┈[48;2;0;252;251m  [38;2;16;222;221;48;2;7;45;45m▋[38;2;12;90;89;48;2;17;227;226m▎[38;2;18;105;104;48;2;16;219;219m▝[38;2;11;92;91;48;2;20;192;191m▎[38;2;19;108;107;48;2;22;170;169m┃[38;2;17;200;199;48;2;22;120;119m▊[38;2;1;15;14;48;2;26;154;153m▝[38;2;0;12;12;48;2;1;1;1m╴[38;2;227;5;5;48;2;73;4;4m▗[38;2;239;2;2;48;2;19;0;0m▅[38;2;230;2;2;48;2;7;0;0m▅[38;2;223;3;3;48;2;24;0;0m▆[38;2;46;2;1;48;2;203;4;4m▂[38;2;72;23;23;48;2;27;182;181m▌[38;2;0;252;251;48;2;3;249;248m┊[48;2;0;252;251m [48;2;4;243;242m┈[38;2;13;215;214;48;2;115;41;41m▄[38;2;62;74;73;48;2;195;5;5m▂[0m[38;2;198;7;6m▖[0m [38;2;0;0;0m [0m  [7m[38;2;18;230;229m▆[38;2;11;214;213m▄[38;2;8;241;240m▄[38;2;10;228;227m▄[38;2;13;197;196m▅[0m [38;2;0;2;2m  [0m
 [38;2;0;0;0m       [0m [38;2;28;198;197m▁[38;2;13;204;203m▃[38;2;7;241;240m▄[38;2;5;243;242;48;2;8;61;61m▆[38;2;0;252;251;48;2;3;248;247m┈[48;2;0;252;251m  [38;2;19;102;101;48;2;4;246;245m▁[38;2;6;31;31;48;2;8;228;227m▃[38;2;16;139;139;48;2;5;30;30m▘[38;2;0;0;0;48;2;0;8;7m▇▇[48;2;0;5;5m▇[48;2;1;5;5m┈[48;2;24;106;105m▇[48;2;23;102;102m▇[48;2;0;0;0m [38;2;1;0;0;48;2;85;4;4m▇[38;2;15;0;0;48;2;240;3;3m▇[38;2;15;1;0;48;2;241;3;3m▇[38;2;2;0;0;48;2;108;5;4m▇[38;2;0;0;0;48;2;1;8;8m┈[38;2;20;146;145;48;2;6;30;30m▝[38;2;9;57;56;48;2;7;240;239m▃[38;2;0;252;251;48;2;4;241;240m┈[48;2;0;252;251m  [48;2;4;243;242m┈[38;2;5;247;246;48;2;63;58;57m▅[0m[38;2;9;239;238m▃[38;2;20;179;179m▂[0m [38;2;11;55;54m         [0m
 [38;2;0;0;0m     [0m [7m[38;2;16;128;127m▄[38;2;8;188;187m▃[38;2;8;228;227m▃[38;2;8;230;229m▃[38;2;2;220;219m▃[38;2;3;250;249m▄[0m[38;2;135;6;5;48;2;5;149;149m▂[38;2;108;3;3;48;2;11;211;210m▅[38;2;124;5;5;48;2;7;60;59m▃[38;2;0;0;0;48;2;0;2;2m┈[38;2;0;2;2;48;2;10;84;83m▉[38;2;27;154;153;48;2;12;235;234m▏[38;2;6;239;238;48;2;8;50;50m▅[38;2;16;176;175;48;2;1;8;7m▖[38;2;29;139;138;48;2;1;8;8m▃[38;2;33;125;124;48;2;9;3;3m▖[38;2;204;13;13;48;2;3;0;0m▁[38;2;228;9;9;48;2;10;0;0m▁[38;2;211;11;11;48;2;6;0;0m▁[38;2;109;5;5;48;2;0;0;0m▁[38;2;21;105;105;48;2;1;6;6m▗[38;2;29;170;169;48;2;0;0;0m▃[38;2;14;216;215;48;2;4;23;23m▃[38;2;16;118;117;48;2;8;242;241m▘[38;2;23;175;174;48;2;2;14;14m▍[48;2;0;0;0m [38;2;17;7;7;48;2;78;36;35m▉[38;2;90;9;9;48;2;12;213;212m▆[38;2;63;23;23;48;2;7;248;247m▅[38;2;14;87;86;48;2;10;142;141m┈[0m[7m[38;2;4;250;249m▃[38;2;4;231;230m▂[38;2;6;234;233m▂[38;2;9;225;224m▂[38;2;7;188;187m▃[0m[38;2;23;225;224m━[38;2;21;107;107m╸      [0m
 [38;2;0;0;0m            [38;2;122;5;5m▝[7m[38;2;221;2;2m▂[0m[38;2;251;0;0;48;2;233;2;2m╴[38;2;237;2;2;48;2;37;1;1m▄[38;2;234;4;4;48;2;4;0;0m▃[38;2;15;152;152;48;2;121;12;12m▝[38;2;184;4;4;48;2;13;219;218m▅[38;2;186;13;13;48;2;15;130;129m▇[38;2;231;3;3;48;2;39;3;3m▇[38;2;42;1;1;48;2;229;3;3m▁[38;2;60;2;2;48;2;248;1;1m▃[38;2;23;0;0;48;2;242;3;3m▃[38;2;48;1;1;48;2;248;1;1m▃[38;2;83;3;3;48;2;244;2;2m▂[38;2;236;2;2;48;2;90;5;5m▇[38;2;245;1;1;48;2;55;31;31m▅[38;2;189;8;8;48;2;15;236;235m▅[38;2;145;4;4;48;2;13;134;133m▅[38;2;236;4;4;48;2;6;0;0m▃[38;2;237;2;2;48;2;24;1;1m▄[38;2;243;1;1;48;2;129;4;4m▆[38;2;95;3;3;48;2;243;1;1m▂[0m[7m[38;2;197;3;3m▄[0m [38;2;3;0;0m             [0m
 [38;2;0;0;0m              [7m[38;2;140;6;6m▇[38;2;203;5;5m▆[38;2;149;4;4m▃[0m[38;2;123;5;5;48;2;198;4;3m▁[38;2;180;8;7;48;2;214;3;3m╵[38;2;216;4;4;48;2;156;5;5m▅[38;2;55;2;2;48;2;168;6;6m▝[38;2;239;2;2;48;2;84;4;3m▆[38;2;250;0;0;48;2;205;12;12m▇[48;2;181;12;11m▇[48;2;201;13;12m▇[38;2;230;2;2;48;2;96;4;3m▆[38;2;182;7;7;48;2;109;4;4m▇[38;2;184;5;5;48;2;219;3;3m╹[38;2;152;7;6;48;2;232;2;2m╍[38;2;74;4;4;48;2;203;4;4m▁[0m[7m[38;2;221;2;2m▄[38;2;215;3;3m▅[38;2;191;4;4m▇[0m [38;2;0;0;0m               [0m
 [38;2;0;0;0m                 [0m [7m[38;2;125;7;7m▆[38;2;127;4;4m▃[0m[38;2;251;0;0;48;2;239;1;1m┈[48;2;251;0;0m     [38;2;160;5;5;48;2;232;3;3m▁[0m[7m[38;2;141;5;5m▅[38;2;130;5;4m▆[0m [38;2;0;0;0m                   [0m
 [38;2;0;0;0m                    [7m[38;2;90;5;5m▇[38;2;221;5;4m▆[38;2;247;1;1m▆[38;2;237;6;6m▆[38;2;247;1;1m▆[38;2;211;4;4m▆[38;2;74;3;3m▇[0m[38;2;1;0;0m                      [0m[u[0m [38;2;0;0;0m                               [0m [38;2;122;9;8m▁[0m [38;2;0;0;0m          [0m [38;2;126;11;10m▂[0m [38;2;0;0;0m  [0m
 [38;2;0;0;0m                         [0m [38;2;224;2;2m▃[38;2;229;2;1m▅[38;2;224;3;2m▆[38;2;205;4;4m▆[38;2;163;3;3m▇[7m[38;2;184;4;4m▂[38;2;161;6;5m▄[0m [38;2;0;0;0m  [0m [38;2;61;9;8m▁    [0m [38;2;179;6;5m▄[38;2;83;4;3;48;2;229;4;4m▘[38;2;251;0;0;48;2;245;2;2m┈[0m[38;2;144;9;8m▍  [0m
 [38;2;0;0;0m                        [38;2;121;6;6m▗[38;2;241;2;2;48;2;156;3;3m▇[48;2;251;0;0m [38;2;249;1;1;48;2;189;9;8m▊[0m[38;2;117;5;5m▘[0m [38;2;0;0;0m      [7m[38;2;179;5;4m▍[38;2;176;6;6m▝[0m [38;2;0;0;0m   [7m[38;2;166;7;6m▍[0m[38;2;248;2;1;48;2;251;0;0m▏[38;2;92;4;4;48;2;235;2;2m▗[0m[7m[38;2;169;4;3m▄[0m [38;2;0;0;0m  [0m
   [38;2;0;0;0m                      [0m [7m[38;2;205;4;4m▖[0m[38;2;16;1;1;48;2;251;0;0m [38;2;250;1;1;48;2;220;5;5m▉[0m[38;2;133;6;6m▎[0m [38;2;61;7;6m▁    [0m [7m[38;2;195;5;5m▎[0m[38;2;251;0;0;48;2;249;0;0m┊[0m[7m[38;2;203;5;5m▝[0m [38;2;0;0;0m  [7m[38;2;90;5;4m▊[38;2;193;8;7m▗[0m [38;2;0;0;0m    [0m
   [38;2;55;2;2;48;2;15;1;1m┈[0m[38;2;146;4;4m▃[0m [38;2;0;0;0m        [38;2;176;8;8m▗[38;2;34;3;2m▎      [38;2;191;14;14m▗[38;2;56;4;4m▏  [7m[38;2;159;8;8m▊[0m[38;2;237;6;5;48;2;250;0;0m▏[48;2;251;0;0m [38;2;87;3;3;48;2;245;1;1m▝[0m[38;2;225;2;2m▅[7m[38;2;212;5;4m▝[0m [38;2;0;0;0m  [0m [38;2;0;0;0m [38;2;100;5;4m▝[7m[38;2;224;6;5m▃[38;2;135;4;4m▅[0m   [38;2;0;0;0m [0m [38;2;0;0;0m     [0m
 [38;2;0;0;0m  [0m [38;2;9;0;0;48;2;163;6;6m▋[38;2;241;1;1;48;2;159;2;2m▇[0m[38;2;66;0;0m╴       [38;2;43;1;1;48;2;206;6;6m▎[0m[38;2;135;4;4m▄[0m [38;2;0;0;0m     [7m[38;2;139;7;7m▋[38;2;221;4;4m▝[0m[38;2;85;3;3m▖ [7m[38;2;163;5;5m▋[0m[38;2;240;3;3;48;2;248;0;0m▏[38;2;247;0;0;48;2;251;0;0m▄▄▄▄[38;2;239;1;1;48;2;118;5;5m▇[0m[38;2;226;2;2m▅[38;2;233;3;3m▄[38;2;218;4;3;48;2;110;7;6m▇[0m[38;2;107;5;5m▎ [0m [38;2;129;7;7m▃[38;2;64;12;10m╴[7m[38;2;119;4;4m▊[0m[38;2;179;8;8m▋       [0m
 [38;2;0;0;0m  [0m [38;2;185;3;3;48;2;17;1;1m▝[38;2;239;1;1;48;2;181;4;4m▉[0m [38;2;0;0;0m       [38;2;139;7;6m▝[38;2;145;4;4;48;2;224;3;3m▁[38;2;88;4;4;48;2;227;3;3m▝[0m[38;2;123;6;5m▖  [38;2;229;6;6m▗[38;2;210;3;3m▃[7m[38;2;234;2;1m▘[0m[38;2;74;3;3;48;2;244;0;0m [38;2;242;1;1;48;2;160;4;4m▇[0m[38;2;232;2;2m▇[38;2;244;0;0;48;2;241;1;1m┈[48;2;247;0;0m▇▇▇▇▇[38;2;120;4;4;48;2;232;1;1m▁[0m[7m[38;2;200;3;3m▄[38;2;133;7;6m▍[0m[38;2;223;5;5m▘ [38;2;111;5;5m▗[7m[38;2;223;3;3m▘[0m[38;2;197;5;5;48;2;42;1;1m▋[0m [7m[38;2;143;8;8m▍[0m[38;2;116;5;5m▘[7m[38;2;63;2;2m▊[38;2;162;9;8m▝[0m [38;2;0;0;0m  [0m [7m[38;2;102;7;7m▚[0m
 [38;2;0;0;0m   [0m [38;2;0;0;0;48;2;93;2;2m╴[38;2;88;5;5;48;2;12;1;1m▏[0m [38;2;0;0;0m      [0m [7m[38;2;149;7;7m▋[0m[38;2;227;7;7;48;2;243;1;1m▏[38;2;157;5;5;48;2;5;0;0m▊[0m [7m[38;2;62;2;2m▉[0m[38;2;122;5;5;48;2;230;3;3m▏[48;2;244;0;0m          [38;2;84;4;4;48;2;211;4;4m╺[38;2;212;4;3;48;2;63;3;3m▄[0m[38;2;117;8;7m▌[0m [38;2;142;7;6m▁[38;2;197;4;4m▄[38;2;233;2;2;48;2;157;5;5m▇[48;2;244;0;0m [38;2;244;0;0;48;2;239;2;2m╴[0m[38;2;123;7;6m▍[0m [38;2;122;5;4m▗[7m[38;2;215;3;3m▘[0m[38;2;244;0;0;48;2;220;5;4m╴[0m[38;2;67;3;3m▎ [0m [38;2;67;3;3;48;2;212;6;6m▘[0m[38;2;126;6;6m▎[0m
[38;2;74;7;6m▖    [0m [38;2;36;1;1m▝[38;2;21;1;1;48;2;163;7;7m▖[0m[38;2;197;4;4m▅[38;2;88;4;3m▖   [0m [38;2;98;8;7;48;2;32;2;2m▚[0m[7m[38;2;173;8;8m▋[0m[38;2;237;5;4;48;2;246;0;0m▏[38;2;65;2;1;48;2;212;6;5m▝[38;2;177;7;7;48;2;36;0;0m▉[38;2;32;1;1;48;2;171;6;6m▌[38;2;246;0;0;48;2;245;1;1m┊[38;2;247;0;0;48;2;244;0;0m▆▆▆▆▆▆▆▆▆[38;2;232;5;5;48;2;246;0;0m▁[38;2;247;0;0;48;2;245;0;0m┈[48;2;246;0;0m┈[38;2;239;2;2;48;2;83;4;4m▇[38;2;240;1;1;48;2;64;3;3m▇[38;2;247;0;0;48;2;243;1;1m┈[48;2;244;0;0m▆▆[38;2;246;0;0m▆[0m[7m[38;2;204;5;4m▗[0m [38;2;129;5;5m▗[38;2;155;5;5;48;2;219;4;4m▁[0m[7m[38;2;228;2;2m▃[0m[38;2;145;5;4m▘[0m [38;2;0;0;0m [0m [38;2;72;3;3;48;2;218;5;4m▖[0m[38;2;199;5;5m▋[0m
[38;2;202;9;8;48;2;79;3;3m▚[0m[38;2;119;4;4m▖[38;2;70;2;2m╺[38;2;161;10;10;48;2;62;3;3m┱[0m [38;2;125;10;10m▗[0m  [7m[38;2;144;4;4m▖[0m[38;2;236;2;2;48;2;161;4;4m▇[0m[38;2;205;6;6m▖[38;2;44;5;4m▗[38;2;97;7;7m▖[0m [38;2;176;7;7;48;2;46;4;3m▄[38;2;170;9;8;48;2;36;1;1m▝[38;2;248;0;0;48;2;241;2;2m┊[38;2;251;0;0;48;2;247;0;0m▄[38;2;240;1;1;48;2;176;3;3m▇[38;2;248;0;0;48;2;241;1;1m┈[38;2;251;0;0;48;2;247;0;0m▃▃▃▃[38;2;249;0;0;48;2;248;0;0m┈[38;2;137;5;4;48;2;240;1;1m▁[38;2;51;2;2;48;2;198;4;4m▄[38;2;148;5;5;48;2;237;2;2m▏[38;2;94;4;4;48;2;233;2;1m▗[38;2;79;3;3;48;2;239;2;2m▅[38;2;20;0;0;48;2;155;7;6m━[38;2;97;4;3;48;2;221;5;4m▍[38;2;249;0;0;48;2;247;0;0m▃[38;2;251;0;0m▃[38;2;249;0;0;48;2;248;0;0m┈[38;2;39;1;1;48;2;220;4;3m▗[38;2;143;4;3;48;2;229;2;2m▁[38;2;250;0;0;48;2;247;0;0m▄[38;2;251;0;0m▂[0m[7m[38;2;188;5;5m▝[0m[38;2;156;6;6m▗[7m[38;2;175;7;7m▗[0m  [38;2;92;4;3;48;2;217;6;5m▘[0m[7m[38;2;170;4;4m▝[0m [38;2;0;0;0m [7m[38;2;114;7;6m▋[0m[38;2;187;7;7m▋[0m
[7m[38;2;70;5;5m▇[38;2;194;5;5m▄[38;2;83;4;4m▝[0m [38;2;74;3;3;48;2;196;6;6m▖[38;2;224;3;2;48;2;86;3;3m▄[38;2;229;3;3;48;2;88;3;3m▇[0m[38;2;208;4;3m▆[38;2;80;3;2m▖[38;2;26;0;0;48;2;193;5;5m▖[38;2;239;2;2;48;2;162;8;8m▉[0m[38;2;76;3;3m▍[7m[38;2;99;5;5m▖[0m[38;2;189;6;6m▄[38;2;120;4;3;48;2;237;4;3m▎[38;2;79;3;3;48;2;234;2;2m▝[38;2;96;3;3;48;2;200;5;5m▚[38;2;170;6;6;48;2;247;1;1m▖[38;2;250;0;0;48;2;251;0;0m╵[38;2;119;5;5;48;2;245;1;1m▗[38;2;106;4;4;48;2;246;1;1m▂[38;2;251;0;0;48;2;237;2;2m╴[38;2;124;4;4;48;2;242;1;1m▁[38;2;250;0;0;48;2;231;6;6m▉[38;2;35;0;0;48;2;163;5;5m┏[38;2;219;3;3;48;2;68;2;2m▅[38;2;238;2;2;48;2;122;6;6m▇[38;2;46;3;2;48;2;159;8;7m▗[38;2;245;2;2;48;2;97;4;4m▗[38;2;251;0;0;48;2;239;2;2m┈[48;2;249;0;0m┈[38;2;90;1;1;48;2;177;9;9m┃[38;2;245;1;1;48;2;251;0;0m▏ [38;2;247;1;1;48;2;195;8;8m▉[38;2;232;4;4;48;2;45;1;1m▃[38;2;240;3;3;48;2;75;2;2m▃[38;2;200;7;7;48;2;246;1;1m╴[48;2;251;0;0m [38;2;180;10;9;48;2;244;2;2m╺[38;2;228;7;7;48;2;142;7;6m▝[38;2;117;4;4;48;2;238;3;3m▝[0m[38;2;142;5;5m▖[38;2;187;6;6m▅[38;2;124;5;5;48;2;234;2;2m▘[48;2;250;0;0m [0m[38;2;164;6;6m▌ [0m  [0m
[38;2;123;4;4m▗[0m  [38;2;0;0;0m [38;2;130;6;5m▝[38;2;57;2;2;48;2;231;2;2m▂[38;2;142;6;6;48;2;249;1;1m▁[38;2;57;5;5;48;2;173;6;6m▗[38;2;14;76;75;48;2;88;5;5m▁[0m[38;2;51;27;26m▖[38;2;43;115;114;48;2;172;4;4m▃[0m[38;2;106;11;10m▉[38;2;18;238;237m▃[38;2;16;215;214;48;2;64;7;7m▃[38;2;65;27;27;48;2;228;3;2m▖[48;2;251;0;0m  [38;2;250;0;0;48;2;211;10;9m▇[48;2;251;0;0m [38;2;241;1;1;48;2;184;3;3m▇[38;2;226;3;3;48;2;40;1;1m▃[38;2;162;7;7;48;2;52;3;3m▁[38;2;199;8;8;48;2;63;4;4m▗[38;2;193;7;7;48;2;231;3;3m╸[38;2;113;3;3;48;2;235;3;3m▘[48;2;251;0;0m  [38;2;248;1;1;48;2;186;4;4m▇[38;2;251;0;0;48;2;249;0;0m┈[48;2;251;0;0m [38;2;236;2;2;48;2;141;9;8m▉[38;2;104;4;4;48;2;198;8;8m▌[38;2;52;1;1;48;2;179;4;4m┏[38;2;173;4;3;48;2;242;2;2m▘[48;2;251;0;0m    [38;2;247;1;1m▁[38;2;243;2;2m▁[38;2;251;0;0;48;2;234;2;2m╴[38;2;106;4;4;48;2;219;6;6m▋[38;2;212;5;5;48;2;30;0;0m▊[0m[7m[38;2;105;4;4m▊[0m[38;2;181;8;8;48;2;239;2;2m╴[38;2;90;4;4m▗[0m[38;2;125;5;5m▘   [0m
[38;2;47;2;1;48;2;201;1;1m▍[38;2;209;4;4;48;2;92;1;1m╴[0m  [38;2;213;9;9;48;2;53;3;3m▗[0m[38;2;56;1;1m╴[0m [38;2;18;184;183m▗[38;2;19;108;107;48;2;10;243;242m▘[38;2;0;20;19;48;2;8;237;236m▁[38;2;0;10;9;48;2;9;237;236m▁[38;2;0;20;19;48;2;14;193;192m▁[38;2;10;90;89;48;2;6;249;248m▁[38;2;0;252;251;48;2;8;245;244m┈[38;2;31;73;73;48;2;13;233;232m▝[38;2;34;52;52;48;2;205;5;5m▖[38;2;246;2;2;48;2;202;7;6m▉[38;2;134;6;6;48;2;243;2;2m▖[38;2;169;7;7;48;2;244;2;2m▗[38;2;251;0;0;48;2;247;1;1m┊[48;2;251;0;0m [48;2;246;1;1m┈[38;2;111;5;5;48;2;220;3;3m▘[38;2;249;0;0;48;2;251;0;0m▏[38;2;251;0;0;48;2;249;0;0m┈[48;2;250;0;0m┈[38;2;173;3;3;48;2;242;1;1m▁[38;2;210;4;4;48;2;243;2;2m▏[48;2;251;0;0m [38;2;251;0;0;48;2;244;2;2m▉[38;2;190;6;6;48;2;51;1;1m▍[38;2;226;4;4;48;2;86;6;5m▗[38;2;236;2;1;48;2;152;4;4m▇[48;2;251;0;0m   [38;2;110;4;3;48;2;242;1;1m▗[38;2;23;1;1;48;2;215;3;3m▅[38;2;8;0;0;48;2;191;9;9m▇[38;2;4;0;0;48;2;166;10;10m▇[38;2;6;0;0;48;2;178;4;4m▖[38;2;216;6;6;48;2;120;4;4m▍[0m[38;2;147;7;7m▊[7m[38;2;202;5;5m▘[0m[38;2;68;3;3;48;2;230;4;4m▗[0m[38;2;175;4;4m▗[38;2;229;7;7m▖   [0m
[7m[38;2;72;1;1m╴[0m[38;2;15;1;1;48;2;177;2;2m▝[0m  [38;2;54;2;1;48;2;220;5;5m▍[38;2;230;6;6;48;2;76;1;1m▌[38;2;159;7;7;48;2;20;2;2m▅[38;2;26;210;209;48;2;4;16;16m▝[38;2;39;169;168;48;2;7;49;48m╺[38;2;19;156;155;48;2;0;5;5m▄[38;2;14;192;191;48;2;0;1;1m▃[38;2;16;242;241;48;2;5;32;32m▗[38;2;13;209;208;48;2;2;21;21m▆[38;2;24;149;148;48;2;0;30;29m▇[38;2;27;166;165;48;2;14;96;95m┗[38;2;24;28;27;48;2;93;4;4m▇[38;2;45;2;2;48;2;228;3;3m▃[38;2;175;9;8;48;2;77;3;3m▍[38;2;87;3;3;48;2;211;5;5m▖[38;2;197;4;3;48;2;246;2;2m▏[38;2;251;0;0;48;2;247;1;1m┈[48;2;242;1;1m┈[38;2;249;0;0;48;2;251;0;0m▁[38;2;247;0;0m╺[38;2;82;2;2;48;2;176;6;6m┏[38;2;210;14;14;48;2;241;3;3m▏[38;2;93;2;2;48;2;164;7;6m┫[38;2;250;0;0;48;2;248;1;1m┊[48;2;251;0;0m [38;2;251;0;0;48;2;244;2;2m▉[38;2;240;2;2;48;2;87;4;4m▄[38;2;216;9;8;48;2;247;1;1m╸[48;2;251;0;0m  [38;2;131;4;3;48;2;245;1;1m▂[38;2;34;1;1;48;2;211;4;3m▅[38;2;0;0;0;48;2;7;0;0m┈[48;2;0;0;0m   [38;2;8;0;0;48;2;136;6;6m▊[38;2;211;15;15;48;2;245;2;2m▏[38;2;214;5;4;48;2;103;9;8m▅[38;2;191;5;5;48;2;244;2;2m▏[38;2;214;9;9;48;2;107;4;4m▌[38;2;249;1;1;48;2;237;3;3m┊[0m[38;2;202;7;7m▋   [0m
 [7m[38;2;34;1;1m▇[38;2;72;4;4m▊[0m[38;2;159;11;10;48;2;45;3;3m▅[38;2;156;4;4;48;2;242;2;2m▎[38;2;242;2;2;48;2;192;6;6m▇[38;2;246;1;1;48;2;195;6;6m▉[38;2;172;7;7;48;2;17;0;0m▖[38;2;26;117;116;48;2;1;7;7m▝[38;2;18;210;209;48;2;10;72;71m━[38;2;23;127;126;48;2;16;212;211m▁[38;2;14;87;86;48;2;33;184;183m┩[38;2;10;92;91;48;2;36;163;162m▍[38;2;46;37;36;48;2;150;10;10m▍[38;2;169;8;8;48;2;12;4;4m▇[38;2;149;7;6;48;2;41;97;96m╸[38;2;29;127;127;48;2;7;38;38m▎[48;2;0;0;0m [38;2;171;6;6;48;2;5;0;0m▝[38;2;29;1;1;48;2;247;1;1m▄[38;2;34;5;4;48;2;159;5;5m▖[38;2;74;1;1;48;2;235;3;3m▁[38;2;118;3;3;48;2;191;4;4m┏[38;2;230;8;8;48;2;250;0;0m▎[38;2;27;0;0;48;2;202;5;5m▝[38;2;70;3;3;48;2;205;5;5m▄[38;2;81;2;2;48;2;168;6;6m┗[38;2;106;5;5;48;2;215;5;4m╴[38;2;251;0;0;48;2;248;1;1m┈[48;2;251;0;0m [48;2;250;0;0m┈[38;2;126;7;6;48;2;248;1;1m▁[38;2;60;2;2;48;2;243;1;1m▃[38;2;63;4;3;48;2;222;3;3m▆[38;2;154;6;5;48;2;48;3;3m▗[38;2;169;9;9;48;2;14;1;1m▖[48;2;0;0;0m    [38;2;24;1;1;48;2;167;6;5m▋[38;2;234;7;7;48;2;250;0;0m▏[38;2;167;9;9;48;2;236;4;4m╻[38;2;246;1;1;48;2;250;0;0m╶[38;2;213;7;7;48;2;120;5;4m▍[38;2;249;0;0;48;2;233;3;3m┊[0m[38;2;198;5;5m▘   [0m
 [38;2;0;0;0m [0m [7m[38;2;169;6;6m▖[0m[38;2;251;0;0;48;2;250;0;0m┊[48;2;251;0;0m [48;2;248;1;1m┈[38;2;233;4;4;48;2;70;3;3m▘[38;2;13;84;84;48;2;6;10;10m▁[38;2;18;211;210;48;2;3;12;12m▂[38;2;27;186;185;48;2;2;24;24m▗[38;2;25;173;172m▖[38;2;12;63;63;48;2;25;165;164m▖[38;2;28;149;148;48;2;21;83;82m▇[38;2;27;144;143;48;2;31;2;2m▇[38;2;21;208;207;48;2;25;127;126m┲[38;2;2;24;24;48;2;19;217;216m▁[38;2;19;96;95;48;2;2;21;20m▏[38;2;0;18;18;48;2;23;186;186m▂[38;2;30;115;115;48;2;6;11;11m▏[38;2;43;3;3;48;2;167;10;9m▂[38;2;83;5;5;48;2;201;5;5m▖[38;2;168;8;8;48;2;243;1;1m▁[38;2;251;0;0;48;2;247;1;1m┈[48;2;251;0;0m [38;2;248;1;1;48;2;168;5;5m▇[38;2;224;4;4;48;2;23;1;1m▆[38;2;175;9;9;48;2;48;3;3m▅[38;2;146;9;9;48;2;71;3;3m▄[38;2;60;3;3;48;2;219;13;12m▇[38;2;15;0;0;48;2;139;9;8m▇[38;2;0;0;0;48;2;21;0;0m▇[48;2;0;0;0m [38;2;1;0;0;48;2;121;8;7m▆[38;2;3;0;0;48;2;170;11;10m▆[38;2;0;0;0;48;2;4;0;0m┈[48;2;0;0;0m [48;2;2;0;0m┈[38;2;191;7;7;48;2;14;1;1m▁[38;2;215;4;3;48;2;35;1;1m▄[38;2;158;6;6;48;2;226;3;3m▂[38;2;155;8;7;48;2;221;4;4m╼[38;2;239;1;1;48;2;186;6;6m▇[38;2;251;0;0;48;2;250;0;0m┈[0m[7m[38;2;160;4;4m▗[38;2;93;8;7m▆[0m[38;2;1;0;0m    [0m
 [38;2;0;0;0m  [0m [7m[38;2;196;3;3m▃[0m[38;2;63;3;3;48;2;234;1;1m▁[38;2;164;10;10;48;2;240;3;3m╺[38;2;116;6;6;48;2;18;0;0m▏[38;2;0;14;13;48;2;22;185;184m▍[38;2;8;76;75;48;2;12;223;222m╴[38;2;26;189;188;48;2;18;209;208m╷[38;2;20;209;208;48;2;6;38;38m▆[38;2;19;202;201;48;2;7;41;40m▅[38;2;14;240;239;48;2;18;104;103m▄[38;2;7;237;236;48;2;16;130;129m▄[38;2;7;238;237;48;2;17;116;115m▄[38;2;10;244;243;48;2;5;30;29m▄[38;2;8;238;237;48;2;0;3;3m▅[38;2;10;235;234;48;2;0;0;0m▆[38;2;23;176;175;48;2;4;25;25m▖[38;2;20;170;169;48;2;1;9;9m▗[38;2;28;185;184;48;2;20;18;18m▖[38;2;174;9;9;48;2;50;3;3m▗[38;2;150;7;7;48;2;44;2;2m▝[38;2;84;3;3;48;2;246;2;2m▄[38;2;250;0;0;48;2;246;1;1m┊[38;2;199;8;8;48;2;231;3;3m╵[38;2;113;5;5;48;2;199;6;6m▗[38;2;60;2;2;48;2;176;7;6m▂[38;2;121;6;6;48;2;182;7;7m┖[38;2;124;5;5;48;2;182;9;9m▃[38;2;190;7;6;48;2;61;1;1m▇[38;2;207;5;5;48;2;52;2;2m▆[38;2;200;6;6;48;2;12;0;0m▆[38;2;204;5;5;48;2;3;0;0m▆[38;2;206;5;5;48;2;10;0;0m▆[38;2;210;5;5;48;2;56;2;2m▆[38;2;128;4;3;48;2;212;5;5m─[38;2;152;6;6;48;2;228;4;3m╸[38;2;130;7;7;48;2;210;4;4m▁[38;2;71;2;2;48;2;227;4;4m▃[38;2;80;3;3;48;2;201;4;4m━[38;2;186;4;4;48;2;234;3;3m▏[38;2;23;41;41;48;2;187;5;5m▗[0m[38;2;21;159;158m▅[38;2;14;217;216m▃[38;2;17;108;107m▁   [0m
 [38;2;0;0;0m  [0m [38;2;74;4;3m╺[38;2;178;11;10m━[38;2;135;15;13;48;2;53;2;2m╴[38;2;17;2;2;48;2;153;8;7m▅[38;2;34;2;2;48;2;15;9;9m┈[38;2;89;19;19;48;2;16;221;220m▆[38;2;1;6;5;48;2;25;180;179m▄[38;2;31;211;210;48;2;8;53;52m━[38;2;0;0;0;48;2;22;195;194m▂[38;2;0;1;1;48;2;23;191;190m▂[38;2;6;34;34;48;2;21;205;204m▃[38;2;0;5;4;48;2;27;191;190m▃[38;2;1;8;8;48;2;21;219;218m▆[38;2;0;0;0;48;2;18;183;182m▆[38;2;24;189;188;48;2;7;38;37m▗[38;2;15;219;218;48;2;3;15;15m▃[38;2;9;249;248;48;2;16;97;96m▝[38;2;5;39;39;48;2;15;219;218m▝[38;2;23;166;165;48;2;3;5;5m▂[38;2;12;3;3;48;2;138;9;8m▋[38;2;231;7;7;48;2;97;4;4m▘[38;2;144;6;6;48;2;242;3;3m▎[48;2;251;0;0m  [38;2;239;1;1;48;2;114;5;4m▇[38;2;226;2;2;48;2;82;3;3m▄[38;2;70;3;3;48;2;179;5;5m┑[38;2;202;4;4;48;2;90;3;3m▆[38;2;219;3;3;48;2;112;4;4m▄[38;2;18;0;0;48;2;188;4;4m━[38;2;66;2;2;48;2;243;3;3m▅[38;2;62;2;2;48;2;247;2;1m▅[38;2;86;3;2;48;2;236;4;4m▅[38;2;11;0;0;48;2;198;4;4m━[38;2;239;4;4;48;2;87;3;3m▃[38;2;189;5;5;48;2;35;1;1m▅[38;2;28;49;48;48;2;197;4;4m▂[38;2;18;168;167;48;2;189;4;4m▃[38;2;15;229;228;48;2;73;6;6m▄[38;2;12;67;67;48;2;18;186;185m▚[38;2;7;40;40;48;2;15;197;196m▂[38;2;19;110;108;48;2;15;198;197m┕[38;2;14;107;106;48;2;18;212;211m▄[0m[38;2;16;193;192m▅[0m [38;2;13;83;83m [0m
 [38;2;0;0;0m     [0m [38;2;131;8;8;48;2;30;2;2m┗[38;2;200;9;9;48;2;40;2;2m▖[38;2;127;11;10;48;2;18;1;1m▝[38;2;8;0;0;48;2;0;0;0m▏   [38;2;16;130;129;48;2;2;12;12m▁[38;2;13;218;217;48;2;1;5;5m▄[38;2;5;233;232;48;2;0;0;0m▅[38;2;6;234;233m▅[38;2;19;144;143;48;2;3;251;250m▘[38;2;16;116;115m▁[38;2;18;190;190;48;2;6;55;54m▋[38;2;17;114;113;48;2;9;237;236m▏[38;2;2;251;250;48;2;32;232;231m▉[38;2;27;157;156;48;2;1;10;9m▎[38;2;42;2;2;48;2;167;7;6m▌[38;2;101;4;4;48;2;228;3;3m▃[38;2;50;0;0;48;2;222;4;4m╸[38;2;251;0;0;48;2;250;0;0m┈[38;2;123;6;6;48;2;246;1;1m▁[38;2;60;2;2;48;2;241;2;2m▂[38;2;251;0;0;48;2;242;2;2m┈[38;2;213;9;8;48;2;60;2;2m▖[38;2;14;0;0;48;2;195;5;4m▅[38;2;40;2;2;48;2;235;2;2m▃[38;2;98;5;5;48;2;242;2;2m▁[38;2;251;0;0;48;2;248;1;1m┈[48;2;248;1;0m▇[38;2;97;8;8;48;2;244;2;2m▗[38;2;19;181;180;48;2;148;21;20m▅[38;2;8;242;241;48;2;19;23;22m▇[38;2;8;230;229;48;2;17;125;124m▅[38;2;12;76;75;48;2;13;202;201m╸[38;2;15;79;78;48;2;6;239;238m▁[38;2;22;155;154;48;2;16;226;225m╻[38;2;10;243;242;48;2;11;77;76m▃[38;2;11;238;237;48;2;9;68;67m▃[38;2;12;66;65;48;2;16;214;213m╴[38;2;16;94;93;48;2;12;223;222m▘[0m[38;2;15;224;223m▋ [0m
 [38;2;0;0;0m       [7m[38;2;62;5;5m▅[38;2;0;0;0m┈[0m[38;2;0;0;0;48;2;0;0;0m┊[38;2;121;10;9;48;2;4;0;0m▃[38;2;0;0;0;48;2;3;0;0m┈[38;2;2;9;9;48;2;22;100;100m▉[38;2;17;86;85;48;2;15;230;229m▁[38;2;12;80;79;48;2;12;211;210m┏[38;2;0;44;43;48;2;16;242;241m━[38;2;10;65;64;48;2;13;209;208m─[38;2;11;65;64;48;2;16;233;232m▂[38;2;21;219;218;48;2;11;90;89m┏[38;2;10;235;234;48;2;13;88;87m▆[38;2;0;252;251;48;2;2;251;250m┈[38;2;4;251;250;48;2;35;228;227m▉[38;2;20;172;171;48;2;5;19;18m▖[38;2;125;12;10;48;2;79;6;5m┛[38;2;50;0;0;48;2;211;5;5m▁[38;2;90;0;0;48;2;246;2;2m▁[38;2;186;6;5;48;2;44;2;2m▌[38;2;109;6;5;48;2;14;1;1m╺[38;2;45;0;0;48;2;180;6;5m▂[38;2;40;1;1;48;2;219;3;3m▃[38;2;181;11;10;48;2;59;2;2m▂[38;2;186;11;10;48;2;48;27;26m━[38;2;25;225;224;48;2;116;7;6m▂[38;2;38;115;114;48;2;129;5;5m▂[38;2;88;3;3;48;2;182;6;6m┗[38;2;117;5;5;48;2;231;5;5m▖[0m[38;2;161;8;8m▎[7m[38;2;18;142;141m▅[38;2;8;231;230m▃[0m[38;2;23;126;126;48;2;3;248;247m▁[38;2;0;252;251;48;2;8;237;236m╴[38;2;8;39;39;48;2;18;173;172m▝[38;2;20;236;235;48;2;6;39;38m▂[38;2;13;75;74;48;2;11;243;242m▆[38;2;12;78;78;48;2;13;227;226m▄[38;2;6;70;69m─[38;2;18;212;211;48;2;21;125;124m▉[0m[38;2;11;74;74m▏ [0m
 [38;2;0;0;0m          [7m[38;2;38;5;4m▆[38;2;1;0;0m╴[0m[38;2;15;112;112;48;2;1;7;7m▁[38;2;12;214;213;48;2;4;31;30m▄[38;2;0;252;251;48;2;4;238;237m┈[48;2;0;252;251m [48;2;1;252;251m┈[38;2;19;216;215;48;2;8;45;45m▋[38;2;1;38;38;48;2;18;207;206m▏[38;2;19;106;105;48;2;16;214;213m▝[38;2;13;103;102;48;2;21;194;193m▎[38;2;17;112;112;48;2;26;178;177m╏[38;2;20;209;208;48;2;20;139;138m▅[38;2;28;169;168;48;2;10;45;45m▄[38;2;0;3;3;48;2;2;1;1m┈[38;2;230;6;5;48;2;67;4;4m▗[38;2;223;3;3;48;2;5;0;0m▅[38;2;242;3;3;48;2;22;0;0m▄[38;2;235;3;3;48;2;38;1;1m▅[38;2;71;3;3;48;2;200;5;5m▂[38;2;22;233;232;48;2;69;48;48m▗[38;2;1;252;251;48;2;5;244;243m┈[48;2;0;252;251m [38;2;0;252;251;48;2;6;239;238m┈[38;2;20;198;197;48;2;134;29;28m▄[38;2;56;72;72;48;2;185;8;7m▁[0m[38;2;187;7;7m▖  [0m [7m[38;2;31;132;131m▇[38;2;17;211;210m▅[38;2;11;237;236m▄[38;2;5;250;249m▄[38;2;10;245;244m▄[38;2;11;222;221m▅[0m [38;2;1;5;5m  [0m
 [38;2;0;0;0m        [38;2;27;117;116m▁[38;2;18;221;220m▂[38;2;10;225;224m▄[38;2;7;234;233m▆[38;2;0;252;251;48;2;5;244;243m┈[48;2;0;252;251m  [38;2;26;162;161;48;2;3;250;249m▁[38;2;9;50;49;48;2;8;240;239m▃[38;2;22;172;171;48;2;4;22;21m▘[38;2;0;0;0;48;2;10;71;70m▇[48;2;16;84;84m▇[48;2;0;29;28m▇[38;2;0;1;0;48;2;23;93;92m▇[38;2;0;2;2;48;2;37;166;165m▇[38;2;0;5;5;48;2;29;131;130m▇[48;2;0;0;0m [38;2;6;0;0;48;2;107;5;5m▇[48;2;215;9;8m▆[48;2;217;10;9m▆[38;2;8;0;0;48;2;163;9;8m▇[38;2;0;0;0;48;2;1;5;5m┈[38;2;20;164;164;48;2;3;23;22m▝[38;2;8;44;44;48;2;8;232;231m▂[38;2;0;252;251;48;2;5;248;247m┈[48;2;0;252;251m  [38;2;4;248;247;48;2;21;152;151m▇[38;2;8;238;237;48;2;93;38;37m▅[0m[38;2;13;213;213m▃[38;2;31;194;193m▁[0m [38;2;0;2;2m         [0m
 [38;2;0;0;0m     [0m [38;2;21;138;138m━[7m[38;2;21;199;198m▃[38;2;12;245;244m▃[38;2;7;248;247m▃[38;2;11;246;245m▃[38;2;9;233;232m▃[0m[38;2;166;14;13;48;2;11;144;144m▁[38;2;85;12;12;48;2;14;239;238m▅[38;2;49;5;5;48;2;23;197;196m▆[38;2;0;0;0;48;2;1;6;6m┈[38;2;0;3;3;48;2;15;100;99m▉[38;2;14;232;231;48;2;28;160;159m▇[38;2;9;226;225;48;2;5;31;30m▅[38;2;17;144;143;48;2;1;7;7m▖[38;2;36;152;151;48;2;0;1;1m▃[38;2;26;116;115;48;2;4;4;4m▖[38;2;119;5;5;48;2;2;0;0m▁[38;2;190;20;19;48;2;4;0;0m▁[38;2;141;9;8;48;2;2;0;0m▁[38;2;49;0;0;48;2;0;0;0m▁[38;2;22;95;94;48;2;5;27;26m╷[38;2;44;207;206;48;2;0;5;5m▂[38;2;17;193;192;48;2;2;14;14m▃[38;2;11;88;88;48;2;10;239;238m▘[38;2;24;192;191;48;2;2;16;15m▍[48;2;0;0;0m [38;2;20;4;4;48;2;24;126;125m▇[38;2;85;5;5;48;2;17;200;199m▅[38;2;47;9;9;48;2;11;234;233m▄[38;2;32;221;220;48;2;3;139;138m╾[38;2;0;1;1;48;2;8;237;236m▂[38;2;0;12;11;48;2;7;248;247m▂[0m[7m[38;2;7;248;247m▂[38;2;17;224;223m▂[38;2;16;171;170m▂[0m[38;2;24;236;235m━[38;2;30;131;130m╸      [0m
 [38;2;0;0;0m            [38;2;148;5;5m▝[7m[38;2;230;2;2m▂[0m[38;2;240;2;2;48;2;173;4;4m▇[38;2;220;3;3;48;2;23;1;1m▄[38;2;242;4;4;48;2;19;0;0m▂[38;2;17;181;180;48;2;101;15;15m▝[38;2;161;14;13;48;2;13;242;241m▅[38;2;194;8;8;48;2;18;122;121m▆[38;2;241;3;3;48;2;64;15;14m▆[38;2;95;4;4;48;2;226;4;4m▁[38;2;37;0;0;48;2;237;4;3m▂[38;2;7;0;0;48;2;227;2;2m▂[38;2;26;0;0;48;2;235;3;3m▂[38;2;74;2;2;48;2;230;3;3m▁[38;2;231;3;3;48;2;37;0;0m▇[38;2;235;2;2;48;2;35;46;45m▅[38;2;207;4;4;48;2;16;211;210m▄[38;2;120;7;7;48;2;16;163;162m▅[38;2;201;4;4;48;2;2;1;1m▃[38;2;220;4;3;48;2;14;0;0m▄[38;2;104;4;3;48;2;240;2;2m▘[38;2;94;4;4;48;2;237;1;1m▁[0m[7m[38;2;210;4;4m▄[0m [38;2;5;1;1m             [0m
 [38;2;0;0;0m             [0m [7m[38;2;131;5;5m▆[38;2;180;4;4m▅[38;2;154;5;5m▂[0m[38;2;129;7;7;48;2;212;4;4m╍[38;2;153;5;5;48;2;219;3;3m╸[38;2;203;5;5;48;2;165;6;6m▉[38;2;58;1;1;48;2;163;7;7m▝[38;2;231;2;2;48;2;59;2;2m▆[38;2;248;1;1;48;2;134;8;8m▇[38;2;247;1;1;48;2;90;1;1m▇[38;2;248;1;1;48;2;118;6;6m▇[38;2;222;3;3;48;2;63;2;2m▆[38;2;185;7;7;48;2;146;8;7m▆[38;2;162;7;6;48;2;222;3;3m╺[38;2;139;6;6;48;2;243;3;2m━[38;2;117;7;7;48;2;209;6;5m▁[0m[7m[38;2;204;3;3m▃[38;2;235;3;3m▅[38;2;174;7;7m▆[0m [38;2;0;0;0m               [0m
 [38;2;0;0;0m                 [7m[38;2;64;3;3m▇[38;2;181;7;7m▆[0m[38;2;51;2;2;48;2;149;5;5m▌[38;2;251;0;0;48;2;243;2;1m┈[48;2;251;0;0m     [38;2;234;2;2;48;2;159;8;8m▉[0m[7m[38;2;173;5;5m▅[38;2;177;6;6m▆[0m [38;2;0;0;0m                   [0m
 [38;2;0;0;0m                    [7m[38;2;138;5;4m▇[38;2;200;3;3m▅[38;2;230;2;2m▅[38;2;216;4;4m▅[38;2;229;2;2m▅[38;2;189;4;4m▅[38;2;119;5;4m▇[0m[38;2;5;0;0m                      [0m[u[0m [38;2;0;0;0m                                [0m  [38;2;0;0;0m          [0m [38;2;117;8;7m▁   [0m
 [38;2;0;0;0m                         [0m [38;2;158;4;4m▂[38;2;239;1;1m▃[38;2;213;3;2m▅[38;2;184;3;3m▅[38;2;145;4;4m▆[7m[38;2;149;4;4m▂[38;2;163;9;9m▄[0m [38;2;34;1;1m   [0m [38;2;4;0;0m    [0m [38;2;177;5;4m▃[7m[38;2;224;3;2m▘[0m[38;2;232;5;5;48;2;158;12;11m▊[0m[38;2;78;4;4m▎  [0m
 [38;2;0;0;0m                       [0m [38;2;177;4;3m▄[38;2;246;1;1;48;2;105;3;3m▆[48;2;251;0;0m [38;2;102;5;5;48;2;238;2;2m▗[0m[38;2;102;3;3m▘[0m [38;2;0;0;0m      [38;2;210;4;4m▗[38;2;162;7;7m▋    [7m[38;2;179;5;5m▎[0m[38;2;251;0;0;48;2;237;2;2m╴[0m[7m[38;2;188;5;4m▃[38;2;105;7;7m▆[0m[38;2;3;0;0m   [0m
  [38;2;0;0;0m                      [0m [7m[38;2;199;5;4m▖[0m[38;2;251;0;0;48;2;247;1;1m┈[48;2;251;0;0m [38;2;238;2;1;48;2;161;2;2m▉[0m[38;2;109;3;3m▖[0m  [38;2;41;2;2m    [7m[38;2;67;2;2m▉[0m[38;2;134;7;6;48;2;241;2;2m▏[38;2;49;2;2;48;2;220;5;5m▝[0m [38;2;42;1;1m   [38;2;167;6;6m▝[38;2;176;7;7m▋     [0m
   [38;2;131;4;3;48;2;16;1;1m▗[0m[38;2;0;0;0m╴[0m [38;2;0;0;0m        [38;2;177;10;10m▗[38;2;45;4;3m▍     [0m [38;2;164;11;11m▖  [0m [7m[38;2;186;6;5m▋[0m[38;2;251;1;0;48;2;250;0;0m╴[48;2;251;0;0m [38;2;104;3;3;48;2;248;1;1m▝[0m[38;2;230;2;1m▅[38;2;177;5;5m▌    [0m [7m[38;2;207;3;3m▃[38;2;184;4;4m▃[0m [38;2;0;0;0m  [0m [38;2;0;0;0m [0m [38;2;0;0;0m     [0m
 [38;2;0;0;0m  [7m[38;2;24;3;3m▉[0m[38;2;104;5;5;48;2;238;2;2m▎[38;2;16;1;1;48;2;195;1;1m▝[0m[38;2;0;0;0m╴       [7m[38;2;205;6;6m▎[0m[38;2;102;3;3m▍[0m [38;2;0;0;0m     [38;2;195;8;7m▝[7m[38;2;182;4;4m▝[0m [38;2;0;0;0m [7m[38;2;146;5;5m▋[0m[38;2;236;5;5;48;2;250;0;0m▏[48;2;251;0;0m   [38;2;251;0;0;48;2;240;1;1m┈[0m[38;2;240;1;1m▅[38;2;220;2;2m▄[38;2;205;3;3m▄[38;2;225;3;3;48;2;49;5;4m▇[0m[38;2;87;4;4m▎ [0m [38;2;121;7;7m▂[0m  [38;2;177;10;10m▋       [0m
 [38;2;0;0;0m  [0m [38;2;1;0;0;48;2;136;3;3m▖[38;2;249;0;0;48;2;241;1;1m┊[38;2;64;1;1;48;2;27;1;1m╴[0m[38;2;64;1;1m       [38;2;178;6;6m▝[38;2;149;4;3;48;2;225;3;3m▁[0m[38;2;211;3;3m▅[38;2;76;4;4m▁  [38;2;194;7;7m▗[38;2;211;5;5m▂[7m[38;2;198;2;2m▘[0m[38;2;247;0;0;48;2;248;0;0m╴[38;2;237;1;1;48;2;105;4;4m▇[0m[38;2;243;1;1m▆[38;2;247;1;0;48;2;243;1;1m┊[38;2;247;0;0;48;2;251;0;0m▄▄▄▄▄[38;2;166;4;4;48;2;243;1;1m▁[0m[7m[38;2;200;3;3m▃[38;2;125;5;5m▖[38;2;182;4;4m▗[0m  [7m[38;2;207;3;3m▘[0m[38;2;178;7;7m▋ [7m[38;2;149;9;9m▍[0m[38;2;149;7;6m▘[7m[38;2;90;5;4m▊[0m[38;2;158;7;7m▄[0m [38;2;0;0;0m  [0m [38;2;141;9;8m┏[0m
 [38;2;0;0;0m   [0m [38;2;0;0;0;48;2;74;1;1m╴[38;2;122;4;4;48;2;6;0;0m▍[0m[38;2;66;4;4m▁       [38;2;134;6;5m▝[38;2;185;8;7;48;2;240;2;2m▏[38;2;168;5;4;48;2;8;0;0m▉[0m  [38;2;51;2;2;48;2;209;4;4m▘[38;2;244;0;0;48;2;247;0;0m▄▄▄▄▄▄▄▄▄▄[38;2;129;6;6;48;2;219;3;3m╶[38;2;211;3;3;48;2;71;3;3m▃[0m[38;2;135;7;6m▋[0m [38;2;68;3;3m▁[38;2;186;4;4m▃[38;2;107;5;4;48;2;240;2;1m▘[38;2;245;0;0;48;2;247;0;0m▁[38;2;247;0;0;48;2;230;3;3m╴[0m[38;2;120;6;5m▎[0m  [7m[38;2;181;4;4m▘[0m[38;2;241;2;2;48;2;204;11;11m▉[0m[38;2;100;5;5m▍  [7m[38;2;172;5;5m▍[0m[38;2;178;6;6m▌[0m
[38;2;73;6;5m▖    [0m [7m[38;2;26;1;1m▉[38;2;158;7;7m▖[0m[38;2;192;6;5m▅[38;2;85;3;3m▖    [7m[38;2;70;5;5m▎[38;2;131;7;7m▉[0m[38;2;190;9;9;48;2;241;2;1m▏[38;2;92;4;4;48;2;216;5;4m▝[38;2;168;7;6;48;2;48;3;3m▇[38;2;200;7;7;48;2;38;2;2m▗[38;2;245;0;0;48;2;241;2;1m┊[38;2;247;0;0;48;2;244;0;0m▃▃▃▃▃▃▃▃▃[38;2;239;3;3;48;2;245;0;0m▁[48;2;244;0;0m [38;2;247;0;0m▃[38;2;233;2;1;48;2;109;4;3m▇[0m[38;2;226;2;2m▇[38;2;244;1;1;48;2;169;8;8m▇[38;2;244;0;0;48;2;245;0;0m┈[38;2;247;0;0;48;2;244;0;0m▃[38;2;246;0;0m▃[38;2;47;1;1;48;2;220;4;4m▗[0m  [38;2;71;3;2;48;2;221;5;5m▘[0m[7m[38;2;229;2;2m▂[0m[38;2;207;4;4m▘[0m [38;2;0;0;0m [0m [38;2;40;1;1;48;2;204;5;5m▎[0m[38;2;219;5;5m▋[0m
[38;2;197;8;8;48;2;87;4;3m▚[0m[38;2;94;3;3m▖[38;2;110;7;7m╺[38;2;134;8;7m▅[0m [38;2;116;13;12m┒[0m  [7m[38;2;134;4;4m▖[0m[38;2;235;2;2;48;2;160;5;4m▇[0m[38;2;123;4;4m▄[38;2;44;3;3m▗[38;2;86;9;8m▖[0m [38;2;158;7;7;48;2;32;2;2m▄[38;2;25;0;0;48;2;172;9;9m▊[38;2;247;0;0;48;2;242;2;1m┊[38;2;246;0;0;48;2;247;0;0m╵[38;2;231;2;2;48;2;172;4;4m▇[38;2;246;0;0;48;2;236;1;1m┈[48;2;247;0;0m     [38;2;175;5;5;48;2;244;1;1m▁[38;2;46;2;2;48;2;199;3;3m▃[38;2;148;6;6;48;2;239;2;2m▎[38;2;126;4;4;48;2;241;1;1m▂[38;2;60;2;2;48;2;231;3;3m▄[38;2;16;0;0;48;2;153;6;6m━[38;2;88;3;3;48;2;222;4;4m▎[48;2;247;0;0m   [38;2;69;2;2;48;2;232;3;3m▗[38;2;143;6;5;48;2;244;1;1m▖[48;2;247;0;0m [38;2;247;0;0;48;2;246;0;0m▇[0m[7m[38;2;189;5;5m▝[0m[38;2;109;5;5m▗[38;2;66;3;3;48;2;201;8;8m▚[0m[38;2;116;5;4m▘[0m [38;2;61;3;3;48;2;212;5;5m▘[0m[7m[38;2;140;4;4m▝[0m [38;2;0;0;0m [7m[38;2;99;5;5m▋[0m[38;2;186;7;7m▊[0m
[7m[38;2;90;5;5m▇[38;2;181;6;5m▃[0m[38;2;82;5;4m▅[38;2;94;4;4m▝[38;2;218;7;7;48;2;111;5;5m▚[38;2;35;1;1;48;2;180;4;4m▘[0m[38;2;217;4;4m▇[38;2;198;3;3m▆[38;2;66;3;3m▖[38;2;37;1;1;48;2;201;5;4m▖[38;2;234;3;2;48;2;142;8;7m▉[0m[38;2;52;1;1m▍[7m[38;2;117;6;6m▖[0m[38;2;182;6;6m▄[38;2;113;4;4;48;2;237;4;4m▎[38;2;47;2;2;48;2;221;3;2m▝[38;2;66;2;1;48;2;170;5;5m┑[38;2;183;5;5;48;2;241;1;1m▁[38;2;250;0;0;48;2;247;0;0m▅[38;2;139;5;5;48;2;243;1;1m▗[38;2;106;5;5;48;2;240;1;1m▁[38;2;251;0;0;48;2;239;2;2m╴[38;2;164;4;4;48;2;245;1;1m▁[38;2;251;0;0;48;2;244;1;1m╴[38;2;94;3;3;48;2;212;4;3m▅[38;2;228;3;3;48;2;86;3;3m▄[38;2;238;3;2;48;2;121;7;7m▆[38;2;49;5;4;48;2;155;7;7m▗[38;2;242;2;2;48;2;93;3;3m▗[38;2;244;1;1;48;2;161;7;7m▇[38;2;248;0;0;48;2;244;1;1m┈[38;2;125;4;4;48;2;220;9;9m▋[38;2;250;0;0;48;2;247;0;0m▅[38;2;251;0;0m▅[38;2;246;1;1;48;2;207;9;9m▉[38;2;237;4;4;48;2;64;3;3m▂[38;2;219;4;4;48;2;65;2;2m▃[38;2;211;6;6;48;2;245;1;1m▏[38;2;251;0;0;48;2;247;0;0m▅[38;2;171;12;12;48;2;240;2;2m╺[38;2;228;7;7;48;2;140;7;6m▝[38;2;93;4;4;48;2;236;3;3m▝[0m[38;2;105;4;4m▖[38;2;202;6;6m▄[38;2;109;5;5;48;2;226;3;3m╸[38;2;251;0;0;48;2;245;1;1m╴[0m[38;2;135;5;5m▌ [0m  [0m
[38;2;103;7;6m▗[0m [7m[38;2;8;0;0m▇[0m[38;2;0;0;0m [38;2;153;7;6m▝[38;2;97;5;5;48;2;238;2;2m▂[38;2;194;8;8;48;2;250;0;0m▁[38;2;61;2;2;48;2;164;6;6m▁[38;2;2;34;34;48;2;95;5;5m▁[0m[38;2;68;2;2m╴[38;2;41;123;122;48;2;179;5;4m▂[38;2;179;8;8;48;2;77;18;17m╴[0m[38;2;16;210;210m▃[38;2;18;226;225;48;2;75;17;17m▂[38;2;91;17;17;48;2;236;2;2m▖[48;2;251;0;0m [38;2;251;0;0;48;2;250;0;0m┈[38;2;247;1;1;48;2;187;8;7m▇[48;2;251;0;0m [38;2;237;2;1;48;2;172;3;3m▉[38;2;204;4;4;48;2;30;1;1m▃[38;2;37;2;2;48;2;149;9;9m▆[38;2;203;9;9;48;2;65;4;3m▗[38;2;169;9;8;48;2;232;3;3m╸[38;2;98;3;3;48;2;231;4;4m▘[48;2;251;0;0m  [38;2;244;1;1;48;2;159;4;4m▇[38;2;251;0;0;48;2;248;1;1m┈[48;2;251;0;0m [38;2;237;2;2;48;2;152;8;7m▉[38;2;102;4;4;48;2;200;8;8m▌[38;2;104;4;3;48;2;241;2;2m▅[38;2;133;6;6;48;2;239;2;2m╸[48;2;251;0;0m     [38;2;251;0;0;48;2;250;0;0m▇[38;2;164;7;7;48;2;247;1;1m▝[38;2;113;4;4;48;2;225;5;5m▋[0m[38;2;209;5;5m▊[38;2;130;5;4m▝[38;2;186;6;6;48;2;244;2;2m▏[38;2;111;5;4;48;2;242;2;2m▗[0m[38;2;129;6;5m▘   [0m
[38;2;57;1;1;48;2;210;3;3m▌[38;2;210;3;3;48;2;91;1;1m╴[0m  [38;2;210;11;11;48;2;46;3;2m▗[0m[38;2;34;0;0m╴[7m[38;2;86;5;5m▇[0m[38;2;20;157;156m▗[38;2;16;98;97;48;2;11;243;242m▘[38;2;12;230;229;48;2;18;99;98m▇[38;2;37;138;138;48;2;11;237;236m▁[38;2;16;228;227;48;2;30;94;93m▅[38;2;53;217;216;48;2;4;249;248m▁[38;2;32;231;230;48;2;0;252;251m▁[38;2;36;52;51;48;2;15;227;226m▝[38;2;37;45;44;48;2;213;5;5m▖[38;2;245;2;2;48;2;203;6;6m▉[38;2;154;6;6;48;2;247;1;1m▖[38;2;177;6;6;48;2;244;2;2m▗[38;2;250;0;0;48;2;248;1;1m┊[48;2;251;0;0m [38;2;251;0;0;48;2;240;2;2m┈[38;2;91;4;4;48;2;218;4;4m▘[38;2;250;0;0;48;2;251;0;0m╴[38;2;247;1;1m▁ [38;2;192;3;3;48;2;245;1;1m▁[38;2;212;4;3;48;2;243;2;2m▏[48;2;251;0;0m [38;2;251;0;0;48;2;245;2;2m▉[38;2;199;7;6;48;2;56;2;2m▍[38;2;211;5;5;48;2;84;6;5m▗[38;2;137;6;5;48;2;247;1;1m▘[48;2;251;0;0m   [38;2;137;5;5;48;2;245;1;1m▗[38;2;35;1;1;48;2;227;3;3m▅[38;2;3;0;0;48;2;169;7;7m▆[38;2;14;0;0;48;2;214;10;10m▇[48;2;194;4;4m▖[38;2;230;5;5;48;2;126;5;5m▖[0m[38;2;153;7;7m▊[7m[38;2;193;5;4m▘[0m[38;2;226;3;3;48;2;104;4;4m▊[0m[38;2;146;6;6m▗[38;2;222;7;7m▖   [0m
[7m[38;2;83;2;2m╴[0m[38;2;8;1;1;48;2;180;3;3m▝[0m  [38;2;47;1;1;48;2;216;5;5m▍[38;2;228;6;6;48;2;67;1;0m▌[38;2;213;8;8;48;2;53;4;3m▖[38;2;26;227;226;48;2;5;26;25m▝[38;2;11;58;57;48;2;18;163;163m▇[38;2;26;176;175;48;2;2;13;13m▃[38;2;19;209;208;48;2;2;11;11m▂[38;2;21;237;236;48;2;2;21;21m▗[38;2;13;221;220;48;2;8;47;46m▅[38;2;10;66;65;48;2;25;143;142m┍[38;2;21;101;100;48;2;32;143;142m▎[38;2;128;5;5;48;2;6;21;21m▝[38;2;71;3;3;48;2;234;3;3m▃[38;2;175;7;7;48;2;87;3;3m▍[38;2;106;5;5;48;2;209;5;5m▖[38;2;194;5;4;48;2;246;1;1m▏[38;2;251;0;0;48;2;248;1;1m┈[38;2;216;6;6;48;2;249;0;0m▁[38;2;249;0;0;48;2;251;0;0m▁[38;2;248;0;0m╺[38;2;82;3;3;48;2;186;6;6m▗[38;2;211;15;14;48;2;242;3;3m▏[38;2;178;7;7;48;2;104;4;3m▚[38;2;250;0;0;48;2;247;1;1m┊[48;2;251;0;0m [38;2;251;0;0;48;2;243;2;2m▉[38;2;244;2;2;48;2;96;4;4m▃[38;2;204;7;7;48;2;245;2;2m╴[48;2;251;0;0m  [38;2;128;4;4;48;2;240;1;1m▁[38;2;28;1;1;48;2;200;4;3m▄[38;2;4;0;0;48;2;65;4;4m▇[48;2;0;0;0m   [38;2;8;0;0;48;2;141;7;7m▊[38;2;249;1;1;48;2;238;4;3m┊[38;2;216;6;5;48;2;111;8;7m▄[38;2;182;5;4;48;2;243;2;2m▏[38;2;214;8;8;48;2;98;3;3m▌[38;2;248;1;1;48;2;235;3;3m┊[0m[38;2;203;6;6m▋   [0m
  [38;2;70;5;5;48;2;23;1;1m╺[38;2;149;11;10;48;2;26;1;1m▅[38;2;141;5;5;48;2;241;2;2m▎[38;2;239;2;2;48;2;185;6;6m▇[38;2;243;2;2;48;2;187;6;5m▉[38;2;150;6;6;48;2;13;0;0m▖[38;2;33;132;131;48;2;3;14;14m▝[38;2;22;229;228;48;2;12;72;71m━[38;2;23;138;137;48;2;19;217;216m╺[38;2;6;57;56;48;2;32;178;177m┑[38;2;15;103;102;48;2;36;162;161m▍[38;2;48;45;44;48;2;144;15;15m▍[38;2;170;9;9;48;2;47;8;7m▆[38;2;116;21;20;48;2;34;110;109m▎[38;2;29;126;125;48;2;4;27;26m▎[48;2;0;0;0m [38;2;186;8;7;48;2;10;0;0m▝[38;2;15;0;0;48;2;235;3;3m▃[38;2;37;0;0;48;2;172;5;5m▖[38;2;164;10;9;48;2;234;2;2m▁[38;2;123;4;4;48;2;197;4;4m┏[38;2;229;8;8;48;2;249;0;0m▎[38;2;32;0;0;48;2;188;5;5m▝[38;2;55;2;2;48;2;199;5;5m▃[38;2;78;2;2;48;2;176;7;7m┗[38;2;149;7;7;48;2;229;4;4m▖[38;2;251;0;0;48;2;248;1;1m┈[48;2;251;0;0m  [38;2;178;9;9;48;2;249;1;1m▁[38;2;51;2;2;48;2;235;2;2m▂[38;2;44;3;2;48;2;209;4;4m▅[38;2;152;9;8;48;2;41;2;2m▗[38;2;159;9;9;48;2;10;1;1m▖[48;2;0;0;0m    [38;2;17;0;0;48;2;155;6;6m▋[38;2;229;8;8;48;2;250;0;0m▏[38;2;181;10;9;48;2;238;3;3m╻[38;2;250;0;0;48;2;246;2;2m▉[38;2;212;7;7;48;2;120;6;6m▍[38;2;249;0;0;48;2;238;3;3m┊[0m[38;2;204;5;4m▘   [0m
 [38;2;0;0;0m [0m [7m[38;2;176;7;7m▖[0m[38;2;251;0;0;48;2;250;0;0m┊[48;2;251;0;0m [48;2;248;1;1m┈[38;2;238;3;3;48;2;79;4;4m▘[38;2;0;0;0;48;2;7;14;14m┈[38;2;24;175;174;48;2;0;4;4m▂[38;2;34;203;202;48;2;2;23;22m▗[38;2;29;182;181;48;2;4;31;30m▖[38;2;15;78;77;48;2;32;166;165m▖[38;2;33;148;147;48;2;33;42;41m▇[38;2;32;148;147;48;2;44;27;27m▆[38;2;33;188;187;48;2;28;129;129m╊[38;2;7;71;70;48;2;21;218;217m▁[38;2;18;94;93;48;2;2;20;20m▏[38;2;18;178;178;48;2;0;19;19m▆[38;2;30;115;114;48;2;6;11;11m▏[38;2;26;2;2;48;2;154;9;8m▁[38;2;181;7;6;48;2;51;0;0m▇[38;2;243;2;2;48;2;165;5;5m▇[38;2;251;0;0;48;2;249;1;1m┈[48;2;251;0;0m [38;2;243;1;1;48;2;121;6;6m▇[38;2;229;5;4;48;2;52;1;1m▅[38;2;178;12;11;48;2;79;4;3m▄[38;2;32;3;2;48;2;140;7;6m━[38;2;49;3;3;48;2;190;5;5m▆[38;2;15;0;0;48;2;203;13;12m▇[38;2;1;0;0;48;2;64;1;1m▇[48;2;0;0;0m [38;2;5;0;0;48;2;146;12;11m▆[38;2;9;0;0;48;2;193;12;12m▆[38;2;0;0;0;48;2;8;0;0m┈[48;2;0;0;0m [48;2;1;0;0m┈[38;2;145;7;7;48;2;8;0;0m▁[38;2;197;4;4;48;2;23;1;1m▄[38;2;156;7;6;48;2;216;4;4m▁[38;2;152;7;7;48;2;222;4;4m╼[38;2;175;7;7;48;2;246;1;1m▘[38;2;251;0;0;48;2;250;0;0m┈[0m[7m[38;2;168;4;4m▗[38;2;125;9;8m▆[0m[38;2;5;1;1m    [0m
 [38;2;0;0;0m  [0m [7m[38;2;211;3;3m▃[0m[38;2;107;6;6;48;2;242;1;1m▁[38;2;147;10;10;48;2;235;3;3m╶[38;2;105;7;6;48;2;13;0;0m▏[38;2;0;12;12;48;2;24;183;182m▍[38;2;27;139;138;48;2;12;219;219m╴[38;2;20;213;212;48;2;19;109;108m▇[38;2;21;199;198;48;2;0;13;12m▆[38;2;18;206;205;48;2;12;71;71m▄[38;2;17;226;225;48;2;21;105;104m▄[38;2;0;38;38;48;2;16;220;219m━[38;2;0;32;31;48;2;16;208;207m━[38;2;12;225;224;48;2;5;26;26m▄[38;2;7;247;246;48;2;4;22;21m▄[38;2;9;246;245;48;2;0;18;18m▅[38;2;26;194;193;48;2;3;17;17m▖[38;2;21;143;142;48;2;0;4;3m▗[38;2;32;191;190;48;2;29;8;8m▖[38;2;181;10;9;48;2;51;2;2m▗[38;2;154;7;7;48;2;56;2;2m▝[38;2;62;2;1;48;2;238;3;2m▃[38;2;250;0;0;48;2;246;1;1m┊[38;2;201;8;8;48;2;231;3;3m╵[38;2;97;5;4;48;2;197;7;7m▗[38;2;72;2;2;48;2;176;8;7m▂[38;2;115;4;4;48;2;182;8;8m╾[38;2;109;4;4;48;2;172;9;9m▂[38;2;187;7;7;48;2;25;0;0m▇[38;2;198;7;6;48;2;20;0;0m▆[38;2;182;6;6;48;2;4;0;0m▆[38;2;201;6;6;48;2;27;0;0m▅[38;2;204;6;6;48;2;39;1;1m▅[38;2;200;6;6;48;2;24;0;0m▆[38;2;205;6;6;48;2;58;1;1m▇[38;2;157;7;7;48;2;236;4;4m━[38;2;182;7;6;48;2;211;5;4m╹[38;2;55;1;1;48;2;213;5;4m▂[38;2;64;1;1;48;2;195;5;5m╼[38;2;247;2;2;48;2;230;3;3m┊[38;2;26;12;12;48;2;201;4;4m▗[0m[38;2;26;183;182m▄[38;2;17;192;191m▃[0m [38;2;13;69;68m   [0m
 [38;2;0;0;0m  [0m [38;2;126;8;8m╺[38;2;184;11;11m━[38;2;101;6;6;48;2;70;3;3m╴[38;2;10;1;1;48;2;137;8;7m▄[38;2;16;3;3;48;2;19;92;91m▇[38;2;88;11;11;48;2;18;203;202m▅[38;2;3;19;19;48;2;27;191;190m▄[38;2;36;222;221;48;2;10;62;62m━[38;2;0;5;4;48;2;25;204;203m▂[38;2;0;13;13;48;2;25;201;200m▂[38;2;0;3;2;48;2;22;207;206m▂[38;2;6;30;30;48;2;29;209;209m▃[38;2;3;22;22;48;2;15;245;244m▆[38;2;0;2;2;48;2;22;229;228m▆[38;2;8;61;61;48;2;31;223;222m▇[38;2;19;194;193;48;2;0;7;7m▃[38;2;11;71;70;48;2;15;204;203m▄[38;2;5;26;26;48;2;16;214;213m▝[38;2;23;172;171;48;2;8;12;11m▁[38;2;24;1;1;48;2;165;13;12m▊[38;2;180;7;7;48;2;62;1;1m▋[38;2;143;6;6;48;2;242;3;3m▎[48;2;251;0;0m [38;2;251;0;0;48;2;250;0;0m┈[38;2;244;1;1;48;2;121;4;4m▆[38;2;233;2;2;48;2;100;3;3m▃[38;2;103;4;4;48;2;205;6;5m▄[38;2;213;4;4;48;2;110;4;4m▅[38;2;66;3;3;48;2;198;3;3m━[38;2;90;3;3;48;2;237;3;3m▅[38;2;36;1;1;48;2;229;3;3m▄[38;2;35;0;0;48;2;233;3;3m▄[38;2;79;3;3;48;2;244;2;2m▅[38;2;24;1;1;48;2;193;4;4m━[38;2;28;0;0;48;2;182;5;5m━[38;2;208;5;5;48;2;55;2;2m▄[38;2;40;21;21;48;2;192;4;4m▂[38;2;21;179;178;48;2;178;7;7m▂[38;2;15;240;240;48;2;80;21;21m▃[38;2;24;233;232;48;2;13;84;83m▝[38;2;11;73;73;48;2;15;189;188m▂[38;2;10;57;57;48;2;16;201;200m╺[38;2;11;82;81;48;2;17;162;161m╷[0m[38;2;16;186;185m▅[0m [38;2;0;0;0m [0m
 [38;2;0;0;0m     [0m [38;2;198;14;14;48;2;35;2;2m╺[38;2;201;10;9;48;2;29;1;1m▖[38;2;137;11;10;48;2;25;1;1m▝[38;2;9;0;0;48;2;1;0;0m▏[48;2;0;0;0m   [38;2;18;103;102;48;2;1;7;7m▁[38;2;13;232;231;48;2;3;17;16m▃[38;2;8;248;247;48;2;0;14;13m▄[38;2;7;248;247;48;2;0;11;11m▄[38;2;19;121;120;48;2;4;251;250m▘[38;2;29;203;202;48;2;1;252;251m▁[38;2;20;203;202;48;2;5;49;48m▋[38;2;17;138;137;48;2;7;246;245m▎[38;2;3;251;250;48;2;32;232;231m▉[38;2;27;162;161;48;2;2;10;10m▎[38;2;41;2;2;48;2;167;7;6m▌[38;2;108;4;4;48;2;235;2;2m▃[38;2;67;1;1;48;2;219;4;3m╸[48;2;251;0;0m [38;2;180;7;7;48;2;249;0;0m▁[38;2;91;3;3;48;2;248;1;1m▂[38;2;251;0;0;48;2;239;2;2m╴[38;2;211;8;8;48;2;60;2;2m▖[38;2;25;1;1;48;2;216;4;4m▅[38;2;26;1;1;48;2;225;2;2m▂[38;2;147;6;6;48;2;245;2;2m▁[38;2;250;0;0;48;2;226;10;10m▇[38;2;251;0;0;48;2;243;2;2m▇[38;2;118;7;7;48;2;247;1;1m▗[38;2;16;187;186;48;2;147;28;27m▄[38;2;6;248;247;48;2;38;62;62m▆[38;2;15;106;106;48;2;13;208;207m▘[38;2;17;101;99;48;2;12;206;205m┒[38;2;19;120;119;48;2;5;245;244m▁[38;2;16;158;157;48;2;15;222;221m╷[38;2;14;230;229;48;2;8;60;60m▃[38;2;7;249;248;48;2;12;89;88m▂[38;2;21;129;128;48;2;16;203;202m╴[38;2;15;90;89;48;2;13;217;216m▘[0m[38;2;16;223;223m▋ [0m
 [38;2;0;0;0m       [7m[38;2;81;6;6m▅[38;2;0;0;0m╴[0m[38;2;0;0;0;48;2;0;0;0m┈[38;2;130;10;9;48;2;11;1;1m▂[38;2;0;0;0;48;2;2;0;0m┈[38;2;1;9;9;48;2;22;100;99m▉[38;2;23;143;142;48;2;14;227;226m▏[38;2;7;69;68;48;2;12;209;208m┎[38;2;7;48;47;48;2;13;229;228m╾[38;2;12;101;100;48;2;10;209;208m┒[38;2;0;33;32;48;2;17;227;226m▁[38;2;16;237;236;48;2;12;84;83m▗[38;2;9;239;238;48;2;9;58;58m▆[38;2;0;252;251;48;2;2;252;251m┈[38;2;3;251;250;48;2;37;226;225m▉[38;2;20;148;147;48;2;4;13;12m▖[38;2;149;12;11;48;2;76;5;5m┙[38;2;103;3;3;48;2;208;4;4m▁[38;2;171;11;10;48;2;249;0;0m▁[38;2;200;5;5;48;2;58;1;1m▌[38;2;117;6;6;48;2;26;1;1m╶[38;2;15;0;0;48;2;168;5;5m▁[38;2;47;2;2;48;2;230;3;2m▃[38;2;168;9;9;48;2;58;2;2m▂[38;2;203;11;10;48;2;54;13;13m╼[38;2;21;176;175;48;2;119;5;4m▂[38;2;41;128;127;48;2;118;10;10m▁[38;2;55;1;1;48;2;174;6;5m╺[38;2;122;5;4;48;2;237;4;4m▖[0m[38;2;169;8;8m▎[7m[38;2;16;169;168m▅[38;2;6;242;241m▃[0m[38;2;0;252;251;48;2;5;242;241m┈[48;2;7;240;239m╴[38;2;6;37;36;48;2;18;159;158m▝[38;2;22;204;203;48;2;7;44;44m▂[38;2;9;46;46;48;2;13;232;231m▅[38;2;8;57;56;48;2;10;245;244m▄[38;2;16;104;103;48;2;12;222;221m─[38;2;24;124;123;48;2;17;213;212m╴[0m[38;2;10;81;81m▘ [0m
 [38;2;0;0;0m          [0m [7m[38;2;1;0;0m╴[0m[38;2;14;75;74;48;2;0;3;3m▁[38;2;11;222;221;48;2;5;39;38m▃[38;2;3;243;242;48;2;15;170;169m▇[48;2;0;252;251m [38;2;0;252;251;48;2;1;252;251m┈[38;2;16;204;203;48;2;7;42;41m▋[38;2;13;213;212;48;2;11;73;72m▆[38;2;16;205;204;48;2;19;116;115m▆[38;2;12;119;118;48;2;16;197;196m▎[38;2;19;116;115;48;2;22;195;194m┣[38;2;16;199;198;48;2;24;127;127m▊[38;2;30;186;185;48;2;10;50;49m▃[38;2;0;0;0;48;2;3;1;1m╴[38;2;231;5;5;48;2;57;3;3m▗[38;2;238;3;3;48;2;16;0;0m▄[38;2;229;3;3;48;2;7;0;0m▄[38;2;226;2;2;48;2;17;0;0m▅[38;2;68;4;3;48;2;186;4;4m▁[38;2;20;232;231;48;2;81;39;38m▗[38;2;3;248;247;48;2;21;165;164m▇[48;2;0;252;251m [38;2;4;243;242;48;2;16;166;166m▇[38;2;25;179;178;48;2;152;18;18m▄[38;2;89;45;45;48;2;187;6;5m▁[0m[38;2;167;6;5m▖  [0m [7m[38;2;19;107;106m▆[38;2;17;235;234m▅[38;2;5;249;248m▄[38;2;8;243;242m▃[38;2;11;231;230m▃[38;2;8;242;241m▅[38;2;12;99;99m▆[0m[38;2;0;2;2m  [0m
 [38;2;0;0;0m        [0m [38;2;20;183;182m▂[38;2;7;239;238m▃[38;2;4;242;241m▅[38;2;3;250;249;48;2;17;160;159m▇[48;2;0;252;251m  [38;2;0;252;251;48;2;4;246;245m┈[38;2;6;36;35;48;2;7;232;231m▂[38;2;19;196;195;48;2;2;17;17m▘[38;2;0;1;1;48;2;26;147;146m▇[48;2;34;184;183m▇[38;2;0;0;0;48;2;33;129;128m▇[38;2;0;3;3;48;2;26;153;152m▇[38;2;0;0;0;48;2;20;141;140m▆[48;2;26;129;129m▆[48;2;0;0;0m [38;2;13;1;1;48;2;113;5;4m▇[38;2;17;0;0;48;2;243;2;2m▆[38;2;17;1;1;48;2;244;2;2m▆[38;2;1;0;0;48;2;151;6;5m▆[38;2;0;0;0;48;2;2;2;2m┈[38;2;21;180;180;48;2;4;21;21m▝[38;2;10;76;75;48;2;7;241;240m▂[38;2;0;252;251;48;2;2;251;250m┈[48;2;0;252;251m  [38;2;4;242;241;48;2;32;112;111m▇[38;2;8;225;224;48;2;115;19;18m▅[0m[38;2;10;233;232m▂[38;2;17;117;116m▁          [0m
 [38;2;0;0;0m     [0m [38;2;19;200;199m━[7m[38;2;9;182;181m▃[38;2;11;223;222m▂[38;2;7;234;233m▂[38;2;0;252;251m▃[38;2;4;250;249m▃[0m[38;2;112;5;5;48;2;5;162;161m▁[38;2;74;4;4;48;2;9;220;219m▄[38;2;41;14;14;48;2;13;229;228m▆[38;2;0;1;1;48;2;16;91;90m▇[38;2;0;3;3;48;2;15;103;102m▉[38;2;14;230;229;48;2;22;124;123m▇[38;2;7;237;236;48;2;6;41;41m▄[38;2;13;122;122;48;2;0;4;4m▖[38;2;37;159;158;48;2;1;7;6m▂[38;2;30;125;124;48;2;0;3;2m▖[38;2;30;0;0;48;2;0;0;0m▁[38;2;75;0;0m▁[38;2;47;0;0m▁ [38;2;22;115;114;48;2;0;1;1m▂[38;2;27;183;182;48;2;0;0;0m▂[38;2;17;203;203;48;2;3;21;20m▂[38;2;9;61;60;48;2;8;233;232m▘[38;2;27;199;198;48;2;2;17;16m▍[48;2;0;0;0m [38;2;16;11;11;48;2;22;176;175m▇[38;2;61;11;10;48;2;9;226;225m▅[38;2;25;26;25;48;2;5;249;248m▄[38;2;7;34;33;48;2;2;251;250m▃[38;2;1;18;17;48;2;3;250;249m▂[0m[7m[38;2;3;233;232m▁[38;2;8;236;235m▁[38;2;7;198;197m▁[0m[38;2;7;167;166m▆[38;2;17;211;210m━[38;2;41;191;190m╴      [0m
 [38;2;0;0;0m            [38;2;174;5;5m▝[38;2;109;4;4;48;2;238;2;1m▂[38;2;237;2;1;48;2;164;3;3m▇[38;2;234;2;2;48;2;31;1;1m▃[38;2;228;6;6;48;2;5;0;0m▂[38;2;17;207;206;48;2;84;22;22m▝[38;2;170;4;4;48;2;10;227;226m▄[38;2;22;156;155;48;2;173;8;7m▘[38;2;236;2;2;48;2;31;41;40m▆[38;2;229;3;3;48;2;62;2;2m▇[38;2;66;3;2;48;2;241;2;2m▂[38;2;25;0;0;48;2;239;5;4m▂[38;2;50;2;2;48;2;243;3;3m▂[38;2;228;2;2;48;2;121;7;6m▇[38;2;241;1;1;48;2;52;5;5m▆[38;2;223;3;3;48;2;23;77;76m▅[38;2;180;10;10;48;2;14;239;238m▄[38;2;99;16;15;48;2;15;188;187m▅[38;2;230;6;6;48;2;7;2;2m▂[38;2;235;3;2;48;2;21;1;1m▃[38;2;77;3;2;48;2;235;2;2m▘[38;2;134;5;5;48;2;243;1;1m▁[0m[7m[38;2;200;4;4m▃[0m [38;2;61;3;3m             [0m
 [38;2;0;0;0m             [0m [7m[38;2;182;6;5m▆[38;2;216;3;3m▅[38;2;172;4;4m▖[0m[38;2;102;3;3;48;2;238;4;3m━[38;2;129;5;5;48;2;231;3;3m╍[38;2;176;2;2;48;2;212;4;4m▘[38;2;75;5;4;48;2;158;5;5m▝[38;2;238;2;2;48;2;72;3;3m▅[38;2;245;2;2;48;2;52;0;0m▇[38;2;241;2;2;48;2;19;0;0m▇[38;2;243;2;2;48;2;40;0;0m▇[38;2;229;3;2;48;2;75;2;2m▅[38;2;149;8;8;48;2;192;6;6m▍[38;2;136;6;6;48;2;227;3;3m╺[38;2;115;4;4;48;2;241;2;2m╾[38;2;129;5;4;48;2;212;4;4m╴[0m[7m[38;2;225;2;2m▃[38;2;221;3;3m▄[38;2;212;4;4m▆[0m [38;2;0;0;0m               [0m
 [38;2;0;0;0m                 [7m[38;2;122;6;6m▇[38;2;224;6;6m▆[38;2;141;5;5m▖[0m[38;2;251;0;0;48;2;243;2;1m┈[48;2;251;0;0m     [38;2;233;2;2;48;2;171;9;9m▉[0m[7m[38;2;197;6;6m▅[38;2;214;5;5m▆[0m [38;2;0;0;0m                   [0m
 [38;2;0;0;0m                   [0m [7m[38;2;132;5;4m▆[38;2;228;3;3m▅[38;2;248;1;1m▅[38;2;238;4;4m▅[38;2;247;1;1m▅[38;2;219;4;4m▅[38;2;112;4;4m▆[0m[38;2;1;0;0m                      [0m[u[0m [38;2;0;0;0m                                             [0m  [38;2;0;0;0m  [0m
 [38;2;0;0;0m                          [0m [38;2;168;5;5m▂[38;2;224;4;3m▃[38;2;211;5;5m▄[38;2;149;6;5m▅[38;2;203;8;7m━[7m[38;2;119;7;7m▄[0m [38;2;30;2;2m         [38;2;93;4;4m▁[38;2;198;4;4m▄[38;2;66;5;5;48;2;181;8;8m▗[0m [38;2;22;1;1m  [0m
 [38;2;0;0;0m                        [38;2;160;3;3m▃[38;2;239;1;1m▅[38;2;246;1;1;48;2;136;5;5m▇[38;2;248;0;0;48;2;198;3;3m╴[0m[7m[38;2;171;4;4m▅[38;2;54;2;2m▇[0m[38;2;0;0;0m      [0m [7m[38;2;137;6;6m▘[0m [38;2;0;0;0m   [38;2;227;7;7m▗[38;2;250;0;0;48;2;210;3;3m╴[0m[7m[38;2;181;5;5m▄[0m [38;2;1;0;0m   [0m
  [38;2;0;0;0m                      [7m[38;2;117;5;4m▋[0m[38;2;224;7;7;48;2;249;0;0m▏[48;2;251;0;0m  [38;2;61;2;2;48;2;234;3;2m▝[0m[38;2;82;3;3m▖[0m  [38;2;50;5;5m    [0m [7m[38;2;232;2;2m▘[0m[38;2;182;6;5m▋    [38;2;202;8;7m▝[38;2;190;9;9m▌     [0m
   [38;2;134;4;4;48;2;29;1;1m╻[0m [38;2;0;0;0m         [38;2;182;8;8m▗[38;2;74;5;4m▍     [0m [38;2;117;9;9m▖ [0m [7m[38;2;173;5;5m▅[0m[38;2;119;5;4;48;2;245;1;1m▖[48;2;251;0;0m  [38;2;235;1;1;48;2;134;4;3m▇[0m[38;2;236;2;2m▅[38;2;201;6;6m▍    [7m[38;2;82;3;3m▊[0m[38;2;40;3;3;48;2;214;5;4m▁[0m[38;2;142;7;7m▘     [0m [38;2;0;0;0m     [0m
 [38;2;0;0;0m  [38;2;4;0;0;48;2;178;5;5m▋[38;2;55;1;1;48;2;233;1;1m▝[38;2;21;0;0;48;2;31;1;1m╴[0m [38;2;0;0;0m       [7m[38;2;204;6;6m▎[0m[38;2;111;3;3m▍     [0m [7m[38;2;137;5;5m▖[0m[38;2;189;4;4m▄[0m [38;2;0;0;0m [7m[38;2;180;6;6m▌[0m[38;2;251;1;0;48;2;251;0;0m▏   [38;2;123;3;3;48;2;249;0;0m▝[0m[38;2;226;2;2m▄[38;2;223;4;4m▃[7m[38;2;185;4;3m▘[0m[38;2;217;3;3m▆[0m [38;2;54;3;3m  [38;2;88;8;8m▂[0m  [38;2;168;7;6m▋       [0m
 [38;2;0;0;0m  [0m [38;2;45;2;2;48;2;223;1;1m▖[38;2;113;1;1;48;2;244;1;1m▝[0m[38;2;17;3;2m╴       [38;2;209;5;5m▝[38;2;228;2;2;48;2;159;3;3m▇[0m[38;2;198;3;3m▄[0m [38;2;0;0;0m  [38;2;181;9;9m▗[38;2;154;6;5m▂[38;2;204;2;2m▃[38;2;251;0;0;48;2;248;1;1m┈[38;2;244;1;1;48;2;103;3;3m▆[0m[38;2;230;1;1m▆[38;2;251;0;0;48;2;243;1;1m┈[48;2;251;0;0m     [38;2;164;4;4;48;2;242;2;2m▁[0m[7m[38;2;215;4;3m▄[38;2;203;4;4m▅[38;2;219;4;4m▗[0m[38;2;59;3;3m▏[0m [7m[38;2;168;4;3m▘[0m[38;2;164;6;6m▋[0m [7m[38;2;141;7;7m▘[0m[38;2;179;6;6m▘[7m[38;2;104;6;6m▊[0m[38;2;190;8;8m▖   [0m [38;2;113;6;6m▄[0m
 [38;2;0;0;0m   [0m [38;2;0;0;0;48;2;82;1;1m╴[38;2;204;5;5;48;2;65;2;2m╴[0m[38;2;43;4;4m▁       [38;2;147;5;5m▝[38;2;142;3;3;48;2;232;2;2m▏[38;2;40;1;1;48;2;198;4;4m▝[0m [38;2;6;0;0m [7m[38;2;190;6;5m▍[0m[38;2;249;0;0;48;2;247;1;1m▇[38;2;248;0;0;48;2;251;0;0m▄▄▄▄▄▄▄▄▄[38;2;238;2;2;48;2;173;4;4m▉[0m[7m[38;2;140;4;4m▝[0m[38;2;133;6;6m▊[7m[38;2;38;2;2m▇[0m [38;2;161;4;4m▂[7m[38;2;219;3;3m▘[0m[38;2;251;0;0;48;2;250;0;0m┈[38;2;223;3;3;48;2;122;6;5m▉[0m[38;2;57;4;4m▎[7m[38;2;58;5;4m▇[0m [38;2;192;4;4m▃[38;2;250;0;0;48;2;238;2;2m╴[0m[38;2;110;5;5m▌  [38;2;196;7;7m▗[38;2;192;5;5m▊[0m
[38;2;52;7;6m▂    [0m  [7m[38;2;149;7;6m▖[0m[38;2;196;4;4m▅[38;2;88;4;4m▖    [7m[38;2;60;3;3m▍[0m[38;2;74;4;4m▃[38;2;107;5;5;48;2;233;3;3m▎[38;2;231;4;4;48;2;136;5;4m▊[38;2;175;6;6;48;2;48;2;2m▆[38;2;175;7;7;48;2;22;1;1m▗[38;2;246;0;0;48;2;233;2;2m┊[48;2;247;0;0m          [38;2;242;2;2;48;2;246;0;0m▁[48;2;247;0;0m [38;2;234;1;1;48;2;136;4;4m▇[0m[38;2;240;2;2m▆[38;2;241;1;1;48;2;99;4;4m▇[38;2;247;0;0;48;2;246;0;0m┈[48;2;247;0;0m [48;2;246;0;0m▊[38;2;64;2;2;48;2;225;4;4m▗[0m[38;2;53;2;2m▏[0m [7m[38;2;186;5;5m▘[0m[38;2;85;4;4;48;2;233;2;2m▁[0m[7m[38;2;201;3;3m▄[0m [38;2;32;3;2m  [7m[38;2;185;5;5m▎[0m[38;2;225;4;3m▊[0m
[7m[38;2;165;8;7m▎[0m[38;2;95;5;5m▖[38;2;107;12;10m╺[38;2;127;7;7m▅[0m [38;2;79;6;5m▄[0m  [7m[38;2;124;4;4m▖[0m[38;2;234;3;2;48;2;166;5;5m▇[0m[38;2;118;4;4m▅[38;2;30;1;1m▗[38;2;83;9;8m▖[0m [38;2;142;7;7;48;2;26;2;2m▄[38;2;15;0;0;48;2;114;5;5m▊[38;2;204;11;11;48;2;244;1;1m▏[38;2;246;0;0;48;2;247;0;0m╵[38;2;150;7;7;48;2;244;1;1m▝[38;2;246;0;0;48;2;232;2;2m┈[48;2;247;0;0m     [38;2;211;6;6;48;2;246;0;0m▁[38;2;39;1;1;48;2;199;4;3m▗[38;2;129;3;3;48;2;234;3;3m▎[38;2;134;5;5;48;2;238;1;1m▁[38;2;43;1;1;48;2;222;3;2m▃[38;2;11;0;0;48;2;155;7;6m╼[38;2;101;4;4;48;2;233;4;4m▍[48;2;247;0;0m   [38;2;90;3;3;48;2;238;2;2m▗[38;2;144;5;5;48;2;243;1;1m▖[48;2;247;0;0m [38;2;245;0;0m▝[0m[7m[38;2;192;5;5m▝[0m[38;2;85;4;4m▁[7m[38;2;158;7;7m▘[38;2;149;6;6m▅[0m [7m[38;2;184;5;5m▘[0m[38;2;175;7;6m▌  [7m[38;2;101;5;5m▋[0m[38;2;196;8;8m▊[0m
[38;2;99;4;4m▝[7m[38;2;171;6;5m▖[0m[38;2;163;10;10m▖[38;2;133;7;6m▝[38;2;187;6;6m▆[38;2;29;0;0;48;2;172;6;5m▘[0m[38;2;223;5;5m▆[38;2;186;3;3m▆[38;2;64;3;3m▖[38;2;34;1;1;48;2;195;5;4m▖[38;2;235;2;2;48;2;143;8;7m▉[0m[38;2;46;1;1m▍[7m[38;2;126;7;6m▖[0m[38;2;191;6;6m▃[38;2;106;2;2;48;2;235;5;4m▎[38;2;34;1;1;48;2;209;3;3m▝[38;2;77;3;3;48;2;175;5;5m┓[38;2;247;0;0;48;2;238;1;1m┊[48;2;247;0;0m [38;2;149;4;4;48;2;232;2;2m▁[38;2;159;6;6;48;2;244;1;1m▁[38;2;247;0;0;48;2;242;1;1m┈[38;2;193;4;4;48;2;246;0;0m▁[38;2;247;0;0;48;2;245;1;0m┊[38;2;94;4;4;48;2;212;4;3m▄[38;2;213;3;3;48;2;90;3;3m▄[38;2;232;4;4;48;2;87;4;4m▆[38;2;202;9;8;48;2;102;5;5m▝[38;2;236;3;3;48;2;87;3;3m▗[38;2;237;2;2;48;2;129;6;6m▇[38;2;247;0;0;48;2;241;2;1m╴[38;2;119;4;4;48;2;228;8;7m▋[38;2;248;0;0;48;2;247;0;0m╷ [38;2;245;1;1;48;2;219;9;8m▉[38;2;215;6;6;48;2;61;2;2m▂[38;2;231;5;5;48;2;64;2;2m▂[38;2;197;6;6;48;2;242;2;2m▏[48;2;247;0;0m [38;2;148;15;14;48;2;235;3;3m╶[38;2;124;7;7;48;2;217;7;7m▋[38;2;91;4;4;48;2;233;3;3m▝[0m[38;2;61;3;3m╺[38;2;196;6;6m▄[38;2;137;4;4;48;2;232;3;3m▎[38;2;247;0;0;48;2;238;2;2m╴[0m[38;2;131;5;5m▍ [0m  [0m
[38;2;94;4;4m▁[0m [7m[38;2;34;0;0m▇[0m[38;2;0;0;0m [38;2;174;7;7m▝[38;2;107;6;6;48;2;234;2;2m▁[38;2;233;5;5;48;2;249;0;0m▁[38;2;70;3;3;48;2;177;6;6m▁[0m[7m[38;2;116;6;6m▂[38;2;49;3;3m▚[0m[38;2;61;82;82;48;2;195;4;4m▂[38;2;143;6;6;48;2;65;16;16m╴[0m[38;2;14;178;177m▃[38;2;20;191;190;48;2;97;8;8m▂[38;2;123;9;8;48;2;241;2;2m▖[38;2;251;0;0;48;2;247;0;0m▇[48;2;246;1;1m┈[38;2;242;2;2;48;2;185;4;4m▇[38;2;251;0;0;48;2;247;0;0m▇[38;2;229;2;2;48;2;150;2;2m▉[38;2;210;4;4;48;2;41;1;1m▂[38;2;33;2;2;48;2;181;8;7m▆[38;2;201;11;10;48;2;68;3;3m▗[38;2;157;7;7;48;2;232;4;4m╸[38;2;88;3;2;48;2;225;4;4m▘[38;2;251;0;0;48;2;249;0;0m▅[48;2;248;0;0m▅[38;2;247;1;1;48;2;158;5;5m▆[38;2;251;0;0;48;2;247;1;1m┈[48;2;248;0;0m▇[38;2;239;2;2;48;2;157;7;6m▉[38;2;103;3;3;48;2;206;9;8m▌[38;2;90;3;3;48;2;231;2;2m▄[38;2;113;4;4;48;2;241;2;2m╸[38;2;250;0;0;48;2;249;0;0m▆[38;2;251;0;0m▆[48;2;247;0;0m▇▇▇[38;2;250;0;0m▇[38;2;137;6;6;48;2;239;2;2m▝[38;2;74;1;1;48;2;199;5;5m▖[0m[38;2;196;5;5m▊[38;2;162;5;4m▝[38;2;190;6;5;48;2;244;2;2m▏[38;2;125;4;4;48;2;230;2;2m▁[0m[38;2;127;6;5m▘   [0m
[38;2;50;2;2;48;2;207;2;2m▌[38;2;221;2;2;48;2;20;1;1m▍[0m  [38;2;135;7;6m▄[38;2;86;3;3m▖[7m[38;2;94;4;3m▆[0m[38;2;16;121;120m▂[38;2;11;77;76;48;2;9;237;236m▘[38;2;8;246;245;48;2;13;101;100m▆[38;2;10;237;236;48;2;30;182;181m▇[38;2;12;234;233;48;2;38;79;78m▅[38;2;19;238;237;48;2;3;251;250m▏[38;2;0;252;251;48;2;2;251;250m┈[38;2;48;33;33;48;2;14;217;216m▝[38;2;46;40;40;48;2;219;4;4m▖[38;2;246;2;2;48;2;207;5;5m▉[38;2;176;5;4;48;2;237;2;2m▁[38;2;179;7;7;48;2;236;2;2m╷[38;2;250;0;0;48;2;249;0;0m┈[48;2;251;0;0m [38;2;245;1;1;48;2;157;5;5m▇[38;2;70;2;2;48;2;212;4;4m▘[48;2;251;0;0m [38;2;249;0;0m▂ [38;2;251;0;0;48;2;241;1;1m┈[38;2;248;1;0;48;2;241;2;2m┊[48;2;251;0;0m [38;2;251;0;0;48;2;246;2;2m▉[38;2;188;6;6;48;2;45;1;1m▌[38;2;195;5;5;48;2;79;6;5m▗[38;2;119;5;5;48;2;244;2;1m▘[48;2;251;0;0m  [38;2;249;0;0m▁[38;2;138;5;5;48;2;239;1;1m▁[38;2;27;1;1;48;2;219;3;2m▄[38;2;8;0;0;48;2;214;6;6m▆[38;2;6;0;0;48;2;208;6;6m▆[38;2;21;0;0;48;2;209;5;5m▖[38;2;74;1;1;48;2;170;6;6m┗[0m[38;2;157;7;7m▊[7m[38;2;182;5;5m▘[0m[38;2;216;3;3;48;2;100;4;4m▉[0m[38;2;116;4;4m▂[38;2;208;8;8m▖   [0m
[7m[38;2;96;1;1m╴[0m[38;2;4;0;0;48;2;181;3;2m▝[0m  [38;2;43;1;1;48;2;215;5;5m▍[38;2;226;6;6;48;2;60;0;0m▌[38;2;151;7;7;48;2;15;1;1m▄[38;2;22;238;237;48;2;6;34;34m▝[38;2;9;60;59;48;2;25;209;208m▇[38;2;22;179;178;48;2;0;8;8m▃[38;2;16;169;168;48;2;0;4;3m▂[38;2;16;220;219;48;2;2;17;17m▗[38;2;14;224;223;48;2;3;41;40m▅[38;2;2;39;38;48;2;26;149;148m╺[38;2;29;185;184;48;2;21;116;115m┗[38;2;143;7;6;48;2;7;17;17m▝[38;2;61;3;3;48;2;229;3;2m▂[38;2;51;0;0;48;2;156;8;7m▗[38;2;143;4;4;48;2;194;5;5m▁[38;2;190;6;6;48;2;246;2;2m▏[38;2;251;0;0;48;2;250;0;0m┈[48;2;247;1;1m┈[38;2;249;0;0;48;2;251;0;0m▁▗[38;2;87;3;3;48;2;194;6;6m▗[38;2;215;15;14;48;2;243;3;2m▏[38;2;186;7;7;48;2;102;3;3m▚[38;2;250;0;0;48;2;246;1;1m┊[48;2;251;0;0m [38;2;251;0;0;48;2;243;3;3m▉[38;2;237;3;3;48;2;85;4;4m▃[38;2;217;9;9;48;2;246;2;1m▏[48;2;251;0;0m  [38;2;162;3;3;48;2;245;1;1m▁[38;2;40;2;2;48;2;216;3;3m▄[38;2;7;0;0;48;2;79;4;3m▇[48;2;0;0;0m   [38;2;9;0;0;48;2;142;7;7m▊[38;2;247;1;1;48;2;237;4;4m┊[38;2;205;6;6;48;2;100;8;7m▄[38;2;169;5;5;48;2;241;2;2m▏[38;2;214;9;9;48;2;91;3;3m▌[38;2;247;1;1;48;2;230;3;3m┊[0m[38;2;203;6;6m▋   [0m
 [38;2;59;2;2m▝[38;2;68;5;5;48;2;24;1;1m╺[38;2;145;11;10;48;2;16;0;0m▅[38;2;134;4;4;48;2;240;3;3m▎[38;2;174;6;5;48;2;245;2;2m▝[38;2;241;2;2;48;2;174;5;5m▉[38;2;135;6;6;48;2;8;0;0m▖[38;2;29;131;130;48;2;3;19;18m▝[38;2;25;233;232;48;2;11;80;79m━[38;2;17;117;116;48;2;15;228;227m╺[38;2;12;80;79;48;2;30;178;177m┦[38;2;41;179;178;48;2;19;123;122m┏[38;2;146;8;8;48;2;40;82;81m▅[38;2;171;7;7;48;2;17;36;35m▆[38;2;124;6;5;48;2;32;118;117m▖[38;2;28;123;122;48;2;4;22;21m▎[38;2;0;0;0;48;2;11;0;0m▇[38;2;203;7;7;48;2;15;0;0m▝[38;2;34;1;1;48;2;246;2;2m▃[38;2;46;1;1;48;2;184;5;5m▖[38;2;186;5;5;48;2;239;3;3m▏[38;2;113;3;3;48;2;208;4;4m▗[38;2;229;8;8;48;2;249;0;0m▎[38;2;34;1;1;48;2;177;5;5m▝[38;2;65;2;2;48;2;210;5;5m▃[38;2;69;1;1;48;2;181;7;6m┗[38;2;155;6;6;48;2;241;2;2m▃[38;2;251;0;0;48;2;248;1;1m┈[48;2;251;0;0m  [48;2;247;1;1m┈[38;2;83;3;3;48;2;243;1;1m▂[38;2;27;1;1;48;2;202;3;3m▄[38;2;143;8;8;48;2;39;2;1m▗[38;2;153;9;8;48;2;8;1;1m▖[48;2;0;0;0m    [38;2;13;0;0;48;2;149;5;5m▋[38;2;228;9;9;48;2;250;0;0m▏[38;2;189;9;9;48;2;240;3;3m╻[38;2;251;0;0;48;2;249;0;0m┊[38;2;213;7;7;48;2;123;5;5m▍[38;2;249;0;0;48;2;241;2;2m┊[0m[38;2;150;5;5m▌   [0m
 [38;2;0;0;0m [0m [7m[38;2;181;7;7m▖[0m[38;2;251;0;0;48;2;250;0;0m┊[48;2;251;0;0m [48;2;249;1;1m┈[38;2;9;0;0;48;2;165;5;4m▗[38;2;1;0;0;48;2;6;10;10m┈[38;2;19;134;133;48;2;0;0;0m▂[38;2;27;191;190;48;2;5;30;29m▗[38;2;31;179;178;48;2;6;45;44m▖[38;2;12;88;88;48;2;28;160;159m▂[38;2;30;154;153;48;2;38;59;59m▆[38;2;27;143;142;48;2;89;7;7m▆[38;2;9;82;81;48;2;25;157;156m▁[38;2;19;214;213;48;2;26;139;138m▇[38;2;18;95;94;48;2;2;20;19m▏[38;2;21;192;191;48;2;0;0;0m▆[38;2;28;109;108;48;2;7;11;11m▏[38;2;206;6;6;48;2;118;10;9m┏[38;2;191;5;5;48;2;77;1;1m▆[38;2;242;1;1;48;2;132;4;3m▇[48;2;251;0;0m [38;2;251;0;0;48;2;250;0;0m┈[38;2;248;1;1;48;2;130;4;4m▆[38;2;220;4;4;48;2;45;1;1m▅[38;2;175;10;9;48;2;91;4;4m▄[38;2;9;0;0;48;2;155;8;7m━[38;2;41;2;2;48;2;228;7;7m▆[38;2;4;0;0;48;2;185;5;5m▆[38;2;3;0;0;48;2;118;6;5m▇[38;2;0;0;0;48;2;1;0;0m┈[38;2;13;0;0;48;2;154;9;9m▆[38;2;3;0;0;48;2;166;9;9m▅[38;2;4;0;0;48;2;69;4;4m▇[48;2;0;0;0m  [38;2;95;5;5;48;2;3;0;0m▁[38;2;209;4;4;48;2;29;1;1m▃[38;2;216;4;4;48;2;148;4;4m▇[38;2;140;7;7;48;2;221;4;4m╺[38;2;193;6;6;48;2;230;2;2m╹[48;2;251;0;0m [0m[7m[38;2;177;4;4m▗[38;2;120;9;8m▅[0m[38;2;1;0;0m    [0m
 [38;2;0;0;0m  [38;2;75;4;4m▝[7m[38;2;223;3;3m▃[0m[38;2;155;6;5;48;2;247;1;1m▁[38;2;170;14;13;48;2;234;3;3m╶[38;2;95;6;5;48;2;11;0;0m▏[38;2;0;13;13;48;2;24;179;178m▍[38;2;22;176;175;48;2;12;219;218m╻[38;2;19;202;201;48;2;11;85;84m▇[38;2;19;206;205;48;2;3;36;36m▅[38;2;19;219;218;48;2;11;70;69m▄[38;2;3;36;36;48;2;21;197;196m━[38;2;0;32;31;48;2;20;221;220m━[38;2;0;25;24;48;2;24;213;212m━[38;2;13;243;242;48;2;5;32;32m▃[38;2;9;236;235;48;2;0;4;4m▄[38;2;8;235;234;48;2;0;1;1m▅[38;2;30;206;205;48;2;2;11;11m▖[38;2;14;114;113;48;2;1;2;2m▗[38;2;33;185;184;48;2;41;7;7m▖[38;2;176;9;9;48;2;59;3;2m▗[38;2;76;3;3;48;2;216;7;6m▇[38;2;73;3;3;48;2;245;2;2m▃[38;2;251;0;0;48;2;248;1;1m┊[38;2;201;7;7;48;2;231;3;3m╵[38;2;92;4;3;48;2;195;7;6m▗[38;2;62;2;2;48;2;170;7;7m▁[38;2;115;5;5;48;2;179;8;8m╾[38;2;161;7;7;48;2;87;3;3m▇[38;2;196;7;7;48;2;33;1;1m▆[38;2;181;6;5;48;2;2;0;0m▆[38;2;188;7;7;48;2;10;0;0m▅[38;2;193;7;6;48;2;5;0;0m▅[38;2;197;6;6;48;2;11;0;0m▅[38;2;186;6;6;48;2;3;0;0m▆[38;2;206;5;5;48;2;69;2;2m▆[38;2;134;5;5;48;2;230;4;4m╼[38;2;191;7;7;48;2;216;4;4m╸[38;2;74;3;3;48;2;214;4;4m▂[38;2;94;4;4;48;2;197;3;3m▖[38;2;186;3;3;48;2;239;2;2m▏[38;2;39;6;5;48;2;214;3;3m▗[0m[38;2;24;178;177m▄[38;2;18;206;205m▂[0m [38;2;0;0;0m   [0m
 [38;2;0;0;0m  [0m [38;2;117;8;8m━[38;2;165;8;8m━[38;2;44;3;3;48;2;211;5;5m▆[38;2;186;8;8;48;2;42;3;3m▘[38;2;17;8;8;48;2;18;115;114m▇[38;2;77;19;19;48;2;14;227;226m▅[38;2;0;6;6;48;2;24;190;189m▃[38;2;0;10;10;48;2;24;154;153m▂[38;2;9;53;53;48;2;21;195;194m▂[38;2;0;0;0;48;2;22;196;195m▁[38;2;5;40;40;48;2;22;211;210m▂[38;2;0;5;5;48;2;25;198;197m▂[38;2;1;9;9;48;2;15;227;226m▅[38;2;4;19;18;48;2;9;248;247m▆[38;2;6;48;48;48;2;24;201;200m▆[38;2;22;206;205;48;2;4;20;19m▂[38;2;8;54;54;48;2;15;191;191m▃[38;2;2;13;13;48;2;17;206;205m▝[38;2;16;121;120;48;2;14;6;6m▁[38;2;23;0;0;48;2;165;13;12m▊[38;2;184;8;7;48;2;63;1;1m▋[38;2;142;6;6;48;2;242;3;3m▎[48;2;251;0;0m [38;2;251;0;0;48;2;249;1;1m┈[38;2;238;2;1;48;2;94;3;3m▆[38;2;218;4;3;48;2;105;3;3m▃[38;2;100;4;4;48;2;205;5;5m▄[38;2;216;4;4;48;2;110;4;4m▅[38;2;47;1;1;48;2;205;4;4m━[38;2;83;3;3;48;2;247;1;1m▅[38;2;36;0;0;48;2;243;2;2m▄[38;2;35;1;1;48;2;246;1;1m▄[38;2;52;1;1;48;2;237;3;3m▄[38;2;31;0;0;48;2;177;3;3m╼[38;2;11;0;0;48;2;186;4;4m━[38;2;212;5;5;48;2;58;2;2m▄[38;2;24;9;8;48;2;175;4;4m▁[38;2;30;90;90;48;2;223;3;3m▃[38;2;20;222;221;48;2;97;10;9m▃[38;2;25;221;220;48;2;15;79;79m▝[38;2;12;59;59;48;2;16;182;181m▁[38;2;6;48;47;48;2;16;204;203m╺[38;2;17;161;160;48;2;19;112;111m▇[0m[38;2;17;197;197m▄[0m [38;2;0;0;0m [0m
 [38;2;0;0;0m     [0m [38;2;178;11;10;48;2;36;2;2m╺[38;2;194;9;9;48;2;21;1;1m▖[38;2;24;1;1;48;2;128;8;8m▅[38;2;9;0;0;48;2;1;0;0m▏[48;2;0;0;0m   [38;2;14;75;74;48;2;0;3;3m▁[38;2;17;207;206;48;2;0;6;6m▃[38;2;8;230;229;48;2;0;1;1m▄[38;2;6;230;229m▄[38;2;15;101;100;48;2;5;249;248m▘[38;2;26;240;239;48;2;0;252;251m▁[38;2;21;209;208;48;2;4;46;45m▋[38;2;16;128;127;48;2;7;245;244m▎[38;2;0;252;251;48;2;8;246;245m╴[38;2;27;158;157;48;2;5;9;9m▎[38;2;214;8;8;48;2;68;3;3m▗[38;2;100;4;3;48;2;228;3;3m▂[38;2;105;4;4;48;2;233;3;3m▖[38;2;250;0;0;48;2;251;0;0m▁[38;2;215;8;7m▁[38;2;77;2;2;48;2;242;2;1m▁[38;2;251;0;0;48;2;235;2;2m╴[38;2;205;8;8;48;2;64;2;2m▖[38;2;17;1;0;48;2;205;4;3m▄[38;2;56;2;2;48;2;234;2;2m▂[38;2;190;7;7;48;2;240;2;2m▁[38;2;250;0;0;48;2;180;7;7m▇[48;2;228;7;7m▇[38;2;147;5;5;48;2;232;2;2m▁[38;2;22;171;170;48;2;170;15;15m▄[38;2;9;241;240;48;2;53;19;18m▆[38;2;9;75;74;48;2;15;202;201m▘[38;2;16;118;117;48;2;11;234;233m▃[38;2;1;252;251;48;2;6;239;238m┈[38;2;23;167;166;48;2;11;235;234m▗[38;2;14;240;239;48;2;10;68;67m▂[38;2;2;14;14;48;2;15;166;165m━[38;2;28;175;175;48;2;18;195;194m╴[38;2;13;91;90;48;2;15;211;210m▘[0m[38;2;16;219;218m▋ [0m
 [38;2;0;0;0m      [0m [7m[38;2;98;6;6m▅[0m[38;2;0;0;0;48;2;0;0;0m┈┈[38;2;118;11;10;48;2;4;0;0m▂[38;2;0;0;0;48;2;2;0;0m┈[38;2;2;9;9;48;2;22;101;100m▉[38;2;18;143;142;48;2;14;240;239m▘[38;2;13;84;83;48;2;11;211;210m┎[38;2;0;33;32;48;2;14;215;214m─[38;2;15;114;113;48;2;7;238;237m▃[38;2;21;101;100;48;2;15;236;235m▁[38;2;16;245;244;48;2;12;84;83m▗[38;2;9;249;248;48;2;9;74;73m▅[38;2;0;252;251;48;2;2;251;250m┈[38;2;3;251;250;48;2;42;223;222m▉[38;2;17;122;121;48;2;3;10;9m▖[38;2;154;13;12;48;2;72;4;4m┑[38;2;110;5;5;48;2;223;5;5m▘[38;2;211;13;12;48;2;249;0;0m▁[38;2;16;0;0;48;2;184;5;4m▗[38;2;30;1;1;48;2;115;6;6m▇[38;2;193;5;5;48;2;78;3;3m▅[38;2;32;1;1;48;2;221;3;3m▂[38;2;131;6;6;48;2;30;1;1m▚[38;2;178;8;8;48;2;58;8;8m╼[38;2;219;9;9;48;2;50;40;40m━[38;2;213;10;9;48;2;79;20;20m━[38;2;86;3;3;48;2;183;5;5m━[38;2;133;4;4;48;2;241;3;3m▖[0m[38;2;178;8;8m▎[7m[38;2;14;191;190m▅[38;2;7;234;233m▂[0m[38;2;0;252;251;48;2;4;246;245m┈[48;2;8;241;240m┈[38;2;16;243;242;48;2;16;104;103m╸[38;2;33;221;220;48;2;9;58;58m▁[38;2;6;42;41;48;2;8;246;245m▅[38;2;9;57;56;48;2;4;250;249m▄[38;2;25;130;129;48;2;9;232;231m▖[38;2;18;118;117;48;2;16;222;221m─[0m[38;2;17;105;104m▘ [0m
 [38;2;0;0;0m         [0m [7m[38;2;66;6;5m▅[0m[38;2;0;0;0;48;2;2;0;0m╴[48;2;1;7;7m┈[38;2;15;203;202;48;2;6;41;41m▃[38;2;5;239;238;48;2;15;155;154m▇[48;2;0;252;251m [38;2;1;252;251;48;2;3;251;250m┈[38;2;17;192;191;48;2;6;37;37m▋[38;2;14;207;206;48;2;11;81;81m▆[38;2;23;115;114;48;2;15;197;196m┕[38;2;12;72;70m╸[38;2;17;94;93;48;2;23;200;199m┏[38;2;22;123;122;48;2;19;198;197m━[38;2;28;170;169;48;2;13;37;37m▃[38;2;2;1;1;48;2;37;0;0m▇[38;2;228;8;8;48;2;62;3;2m▗[38;2;219;3;3;48;2;7;0;0m▄[38;2;240;4;4;48;2;20;0;0m▃[38;2;238;2;2;48;2;32;1;1m▄[38;2;185;5;5;48;2;54;2;2m▇[38;2;23;224;223;48;2;95;29;29m▗[38;2;6;244;243;48;2;26;127;126m▇[38;2;0;252;251;48;2;1;252;251m┈[38;2;6;238;237;48;2;23;150;149m▇[38;2;22;182;181;48;2;150;26;26m▃[38;2;128;8;7;48;2;192;8;8m▝[0m[38;2;145;5;5m▖  [7m[38;2;24;118;117m▇[38;2;21;141;140m▆[38;2;18;213;212m▄[38;2;10;236;235m▃[38;2;13;247;246m▃[38;2;15;240;239m▃[38;2;10;228;227m▄[0m[38;2;12;125;124m▘  [0m
 [38;2;0;0;0m        [0m [38;2;32;203;202m▁[38;2;13;216;215m▃[38;2;8;232;231m▅[38;2;5;244;243;48;2;15;119;118m▇[38;2;0;252;251;48;2;1;252;251m┈[48;2;0;252;251m [48;2;3;249;248m┈[38;2;12;63;62;48;2;7;238;237m▂[38;2;18;216;215;48;2;4;20;20m▘[38;2;1;8;7;48;2;26;181;180m▇[38;2;2;11;11;48;2;26;211;210m▇[38;2;0;4;4;48;2;34;170;169m▇[38;2;0;0;0;48;2;24;127;126m▆[38;2;0;3;3;48;2;28;175;174m▆[38;2;0;5;5;48;2;31;147;146m▆[48;2;0;0;0m [38;2;19;1;1;48;2;125;4;4m▇[38;2;7;0;0;48;2;223;5;4m▅▅[48;2;189;7;6m▆[38;2;0;0;0;48;2;6;1;1m┈[38;2;22;205;204;48;2;2;20;19m▝[38;2;17;113;112;48;2;5;245;244m▂[38;2;0;252;251;48;2;1;252;251m┈[48;2;0;252;251m [48;2;1;252;251m┈[38;2;3;247;246;48;2;39;114;114m▆[38;2;9;236;235;48;2;109;31;30m▄[0m[38;2;20;200;199m▂[0m [38;2;9;48;47m          [0m
 [38;2;0;0;0m     [38;2;20;82;81m╺[38;2;35;224;223m━[38;2;3;251;250m━[7m[38;2;17;223;222m▂[0m[38;2;1;15;14;48;2;12;246;245m▂[0m[7m[38;2;8;241;240m▂[38;2;6;231;230m▂[0m[38;2;49;0;0;48;2;7;178;178m▁[38;2;52;13;12;48;2;11;239;238m▄[38;2;32;3;3;48;2;16;211;210m▅[38;2;1;6;6;48;2;23;148;147m▇[38;2;0;3;3;48;2;17;112;111m▉[38;2;13;235;234;48;2;26;128;127m▆[38;2;10;222;221;48;2;4;24;24m▄[38;2;16;125;124;48;2;2;11;11m▁[38;2;35;158;157;48;2;0;1;1m▂[38;2;25;114;114;48;2;0;3;3m▖[38;2;10;0;0;48;2;0;0;0m▁[38;2;45;0;0m▁[38;2;17;0;0m▁ [38;2;25;112;111m▂[38;2;34;205;204;48;2;0;6;5m▁[38;2;20;173;172;48;2;2;12;12m▂[38;2;8;41;40;48;2;11;223;222m▘[38;2;29;210;209;48;2;2;18;18m▍[38;2;0;0;0;48;2;0;1;1m┈[38;2;11;3;3;48;2;22;159;159m▆[38;2;43;26;25;48;2;10;243;242m▅[38;2;12;9;9;48;2;8;234;233m▃[38;2;0;10;10;48;2;8;242;241m▂[38;2;14;70;70;48;2;1;251;250m▂[38;2;1;27;26;48;2;8;248;247m▁[0m[7m[38;2;13;240;239m▁[38;2;14;194;193m▁[0m[38;2;14;170;169m▆[38;2;24;206;205m╾[38;2;27;128;127m╴      [0m
 [38;2;0;0;0m            [38;2;186;7;7m▝[38;2;133;4;4;48;2;241;2;2m▖[38;2;135;6;6;48;2;248;1;1m▝[38;2;213;4;4;48;2;19;1;1m▃[38;2;183;5;5;48;2;2;0;0m▂[38;2;19;229;228;48;2;66;31;31m▝[38;2;142;16;15;48;2;11;244;243m▄[38;2;21;181;180;48;2;156;9;9m▘[38;2;244;2;2;48;2;56;50;50m▅[38;2;227;4;3;48;2;29;13;13m▇[38;2;55;1;0;48;2;220;4;3m▁[38;2;64;1;1;48;2;234;5;5m▂[38;2;30;0;0;48;2;222;4;3m▁[38;2;231;3;3;48;2;57;0;0m▇[38;2;232;2;2;48;2;25;17;17m▆[38;2;234;3;3;48;2;42;87;86m▄[38;2;194;5;4;48;2;16;217;216m▃[38;2;79;25;25;48;2;16;211;210m▅[38;2;185;6;5;48;2;2;4;4m▂[38;2;213;5;5;48;2;12;0;0m▃[38;2;52;2;1;48;2;229;3;3m▘[38;2;251;0;0;48;2;234;2;2m┈[0m[7m[38;2;201;6;5m▃[0m [38;2;62;5;4m             [0m
 [38;2;0;0;0m             [0m [7m[38;2;161;5;5m▅[38;2;192;3;3m▄[0m[38;2;35;4;3;48;2;189;4;4m▖[38;2;100;2;2;48;2;231;4;4m╼[38;2;117;3;3;48;2;242;3;3m━[38;2;134;8;8;48;2;217;4;4m╸[38;2;82;4;4;48;2;151;7;6m┕[38;2;228;2;2;48;2;68;3;2m▅[38;2;248;1;1;48;2;79;4;4m▆[38;2;247;1;1;48;2;57;1;1m▆[48;2;70;4;4m▆[38;2;218;3;3;48;2;66;3;3m▅[38;2;158;9;8;48;2;204;7;6m▌[38;2;141;6;6;48;2;239;2;2m━[38;2;134;5;5;48;2;228;3;3m─[38;2;168;8;8;48;2;241;2;2m▃[0m[7m[38;2;239;2;2m▃[38;2;237;2;2m▄[38;2;192;5;5m▅[38;2;92;4;4m▇[0m[38;2;2;0;0m               [0m
 [38;2;0;0;0m                [0m [7m[38;2;115;5;5m▆[38;2;200;5;5m▅[38;2;148;5;5m▖[0m[38;2;251;0;0;48;2;241;2;1m┈[48;2;251;0;0m     [38;2;230;3;3;48;2;176;6;6m▇[0m[7m[38;2;184;5;5m▄[38;2;196;4;4m▅[38;2;109;7;7m▇[0m[38;2;4;0;0m                   [0m
 [38;2;0;0;0m                   [0m [7m[38;2;172;5;5m▆[38;2;210;3;3m▄[38;2;233;3;3m▄[38;2;220;3;3m▄[38;2;232;3;3m▄[38;2;238;3;3m▅[38;2;149;5;5m▆[0m [38;2;0;0;0m                     [0m[u[0m [38;2;0;0;0m                                                 [0m
 [38;2;0;0;0m                           [0m [38;2;151;7;7m▂[38;2;202;6;6m▃[38;2;184;8;8m▄[38;2;126;6;6m▅[7m[38;2;104;6;6m▄[0m [38;2;0;0;0m          [38;2;105;5;5m▂[7m[38;2;157;7;7m▘[0m[38;2;108;8;7m▘  [0m
 [38;2;0;0;0m                        [38;2;88;3;3m▁[38;2;202;3;3m▄[38;2;229;3;2m▆[38;2;109;5;5;48;2;216;4;3m▁[0m[7m[38;2;188;5;5m▃[38;2;167;7;7m▆[0m [38;2;0;0;0m      [38;2;159;6;6m▗[38;2;152;9;8m╸   [38;2;112;5;5m▗[38;2;199;5;4m▆[7m[38;2;200;6;5m▃[0m[38;2;93;5;5m▘   [0m
  [38;2;0;0;0m                      [38;2;90;4;4m▗[38;2;232;2;2;48;2;138;3;3m▇[38;2;251;0;0;48;2;246;0;0m▄[38;2;248;0;0;48;2;237;5;5m▉[0m[7m[38;2;144;5;5m▝[0m  [38;2;69;7;6m▖    [0m [38;2;240;2;2m▗[7m[38;2;202;4;3m▗[0m [38;2;0;0;0m   [38;2;217;9;9m▝[38;2;192;8;8m▌     [0m
   [38;2;97;6;6;48;2;22;1;1m╻[0m [38;2;0;0;0m         [38;2;133;8;7m▆[38;2;33;0;0m▍     [38;2;117;9;9m▗[0m [38;2;30;0;0m [0m [7m[38;2;218;3;3m▖[0m[38;2;251;0;0;48;2;250;0;0m┈[48;2;251;0;0m  [38;2;246;1;1;48;2;123;4;4m▆[0m[38;2;243;2;2m▅[38;2;199;6;6m▌    [7m[38;2;112;6;6m▋[0m[38;2;64;3;3;48;2;222;5;4m▗[0m[38;2;97;4;4m▘     [7m[38;2;50;5;5m▇[0m[38;2;3;0;0m     [0m
 [38;2;0;0;0m  [38;2;8;0;0;48;2;215;4;4m▋[0m[7m[38;2;168;2;1m▝[0m [38;2;0;0;0m       [0m [7m[38;2;209;6;6m▏[0m[38;2;103;3;3m▍     [38;2;173;9;9m▝[38;2;173;6;5m▚[38;2;197;3;3m▂[0m  [7m[38;2;210;4;4m▎[0m[38;2;41;1;1;48;2;251;0;0m    [38;2;122;6;5;48;2;249;0;0m▝[0m[38;2;238;3;2m▃[38;2;200;3;3m▄[38;2;229;3;3m▇[38;2;204;5;5m▖ [0m [38;2;0;0;0m [38;2;79;9;7m▁[0m [7m[38;2;97;6;5m▊[0m[38;2;136;5;5m▆       [0m
 [38;2;0;0;0m  [7m[38;2;57;1;1m╴[0m[38;2;120;2;2;48;2;236;1;1m▁[0m[7m[38;2;147;2;1m▝[0m [38;2;0;0;0m       [7m[38;2;156;4;4m▍[0m[38;2;232;2;2;48;2;135;3;3m▇[0m[38;2;156;3;3m▄[0m [38;2;0;0;0m [0m [38;2;147;6;6m▃[38;2;109;3;3m▁[38;2;193;4;4m▗[38;2;231;7;7;48;2;250;0;0m▏[0m[38;2;234;1;1m▆[38;2;237;2;2m▅[38;2;251;0;0;48;2;242;1;1m┈[48;2;251;0;0m     [48;2;212;3;3m╴[0m[7m[38;2;217;4;3m▅[38;2;213;4;4m▖[0m[38;2;63;3;2;48;2;206;5;4m▗[0m [38;2;13;0;0m [38;2;228;4;3m▗[38;2;170;5;5m▋[0m [7m[38;2;158;8;7m▘[0m[38;2;190;5;5m▘[38;2;119;6;6m▗[38;2;138;7;6m▖   [0m [38;2;124;8;8m▄[0m
 [38;2;0;0;0m   [0m [38;2;0;0;0;48;2;111;1;1m╴[38;2;214;1;1;48;2;63;2;2m╴[0m[38;2;24;2;2m▁      [0m [38;2;187;4;4m▝[38;2;151;3;3;48;2;229;2;2m▏[0m[7m[38;2;198;4;4m▝[0m [38;2;19;0;0m [7m[38;2;187;7;7m▍[0m[38;2;251;0;0;48;2;213;7;7m▇[48;2;250;0;0m┈[48;2;251;0;0m        [38;2;246;1;1;48;2;190;6;6m▉[0m[38;2;142;4;4m▚[38;2;138;6;5m▆[7m[38;2;62;10;9m▇[0m [38;2;120;4;4m▁[38;2;208;3;3m▄[38;2;251;0;0;48;2;246;1;1m┈[38;2;93;5;5;48;2;235;3;3m▝[0m[38;2;44;1;1m▏[7m[38;2;75;7;6m▆[0m [7m[38;2;174;5;5m▋[0m[38;2;249;1;1;48;2;234;2;2m┈[0m[38;2;185;8;8m▖  [38;2;156;8;8m▗[38;2;199;5;5m▉[0m
[38;2;47;6;5m▂[0m [38;2;0;0;0m   [0m  [38;2;17;0;0;48;2;134;6;6m▖[0m[38;2;196;4;4m▅[38;2;89;4;4m▖    [0m [38;2;77;5;4m▄[38;2;50;1;1;48;2;222;5;4m▍[38;2;246;1;1;48;2;190;9;9m▊[38;2;183;7;7;48;2;62;4;3m▅[0m[38;2;130;5;5m▗[38;2;147;6;5;48;2;233;2;2m▏[38;2;247;0;0;48;2;251;0;0m▃▃▃▃▃▃▃▃▃▃[38;2;243;2;2;48;2;249;0;0m▁[38;2;249;0;0;48;2;246;1;1m▇[38;2;237;1;1;48;2;160;4;4m▇[0m[38;2;233;2;2m▆[38;2;232;2;2m▇[38;2;249;0;0;48;2;212;6;6m▇[38;2;247;0;0;48;2;251;0;0m▃[48;2;250;0;0m▃[38;2;246;1;1;48;2;189;4;3m╴[0m[38;2;46;2;2m▏ [7m[38;2;175;5;5m▍[0m[38;2;164;7;6;48;2;244;1;1m▁[0m[7m[38;2;225;2;2m▃[0m[38;2;77;5;4m▘  [7m[38;2;188;6;6m▍[0m[38;2;227;3;3;48;2;54;0;0m▉[0m
[7m[38;2;164;8;7m▎[0m[38;2;117;4;4m▖[38;2;72;6;5m╺[38;2;121;7;6m▅[0m [38;2;64;5;4m▄ [0m [7m[38;2;124;4;4m▖[0m[38;2;234;3;3;48;2;174;5;5m▇[0m[38;2;150;4;4m▄[38;2;16;0;0m╶[38;2;80;10;9m▖ [38;2;195;11;11m▗[38;2;67;2;2;48;2;18;0;0m▏[38;2;159;9;9;48;2;243;2;2m▎[48;2;247;0;0m [38;2;164;8;7;48;2;246;0;0m▝[38;2;235;1;1;48;2;149;4;4m▇[48;2;247;0;0m     [38;2;247;0;0;48;2;245;1;1m┈[38;2;62;3;3;48;2;218;3;3m▗[38;2;102;5;5;48;2;230;3;3m▖[38;2;171;5;5;48;2;243;1;1m▁[38;2;58;2;2;48;2;236;2;2m▃[38;2;35;0;0;48;2;166;6;5m╼[38;2;82;2;2;48;2;218;6;5m▍[48;2;247;0;0m   [38;2;106;4;4;48;2;239;2;2m▗[38;2;148;4;4;48;2;233;2;2m▁[48;2;247;0;0m [38;2;247;0;0;48;2;246;0;0m▉[0m[7m[38;2;197;5;4m▝[0m[38;2;65;3;2m▁[7m[38;2;144;7;7m▘[38;2;188;6;6m▅[38;2;72;3;3m▇[0m[38;2;234;4;4m▗[38;2;183;6;6m▋  [7m[38;2;114;5;5m▋[0m[38;2;203;7;7m▊[0m
[38;2;106;4;4m▝[38;2;53;3;2;48;2;179;5;5m▖[0m[38;2;160;8;7m▖[38;2;146;7;7m▝[7m[38;2;188;6;6m▝[0m[38;2;37;1;1;48;2;163;6;6m▘[0m[38;2;214;5;5m▆[38;2;202;4;3m▅[38;2;61;2;2m▖[38;2;27;0;0;48;2;184;5;5m▖[38;2;246;0;0;48;2;230;3;3m╴[0m[38;2;60;2;2m▍[7m[38;2;129;7;7m▖[0m[38;2;174;6;6m▃[38;2;90;2;2;48;2;233;4;4m▎[38;2;31;0;0;48;2;207;4;4m▝[38;2;70;2;2;48;2;170;5;5m┓[38;2;247;0;0;48;2;242;1;1m┊[48;2;247;0;0m [38;2;154;5;5;48;2;238;2;2m▁[38;2;201;7;7;48;2;246;0;0m▁[38;2;247;0;0;48;2;244;1;1m┈[38;2;217;7;7;48;2;247;0;0m▁[38;2;247;0;0;48;2;246;0;0m┈[38;2;52;1;1;48;2;206;4;3m▗[38;2;215;3;3;48;2;107;3;3m▃[38;2;226;4;4;48;2;60;4;4m▆[38;2;217;7;7;48;2;100;6;6m▝[38;2;227;4;4;48;2;88;3;3m▗[38;2;240;1;1;48;2;123;6;6m▆[38;2;245;1;1;48;2;224;8;8m▉[38;2;118;5;5;48;2;229;8;8m▋[38;2;246;0;0;48;2;247;0;0m▏ [38;2;244;1;1;48;2;209;10;9m▉[38;2;183;7;7;48;2;57;2;2m▂[38;2;208;8;7;48;2;54;2;1m▂[38;2;184;6;5;48;2;237;2;2m▏[48;2;247;0;0m [38;2;189;15;15;48;2;235;3;3m╶[38;2;115;6;6;48;2;215;8;8m▋[38;2;94;5;5;48;2;230;3;3m▝[0m[7m[38;2;51;3;3m▊[0m[38;2;185;7;7m▄[38;2;107;3;2;48;2;228;4;4m▎[38;2;247;0;0;48;2;236;2;2m╴[0m[38;2;114;4;4m▍ [0m [7m[38;2;68;6;5m▇[0m
[38;2;69;4;4m▂[0m [7m[38;2;34;3;3m▆[0m[38;2;0;0;0m [38;2;193;7;6m▝[38;2;146;7;6;48;2;239;1;1m▁[38;2;245;1;1;48;2;247;0;0m▁[38;2;86;5;5;48;2;202;5;5m▗[0m[7m[38;2;125;6;5m▂[0m[38;2;36;0;0m╴[38;2;51;35;35;48;2;208;8;7m▖[38;2;121;5;5;48;2;62;13;13m╴[0m[38;2;22;198;197m▂[38;2;22;141;140;48;2;122;4;4m▂[38;2;138;8;7;48;2;235;2;2m▁[38;2;251;0;0;48;2;247;0;0m▃[38;2;247;1;1;48;2;191;6;6m▇[38;2;237;2;2;48;2;189;5;5m▇[38;2;251;0;0;48;2;247;0;0m▃[38;2;108;4;4;48;2;243;1;1m▝[38;2;179;6;6;48;2;43;1;1m▂[38;2;22;1;1;48;2;173;7;7m▅[38;2;187;12;11;48;2;74;3;3m▗[38;2;155;6;6;48;2;231;5;4m╸[38;2;82;2;2;48;2;213;5;5m▘[38;2;247;0;0;48;2;248;0;0m┈[38;2;251;0;0;48;2;247;0;0m▃[38;2;242;1;1;48;2;131;4;4m▆[38;2;248;0;0;48;2;246;1;1m┊[38;2;251;0;0;48;2;247;0;0m▃[38;2;239;2;2;48;2;160;8;7m▉[38;2;101;3;3;48;2;210;9;8m▌[38;2;99;3;3;48;2;238;2;2m▄[38;2;123;6;6;48;2;239;2;2m╸[38;2;251;0;0;48;2;247;0;0m▃▃▃▃[38;2;249;0;0m▃▃[38;2;118;5;4;48;2;228;3;3m▝[38;2;75;2;2;48;2;214;5;5m▖[0m[38;2;184;5;5m▊[38;2;190;5;5m▝[38;2;196;5;5;48;2;243;2;1m▏[38;2;247;0;0;48;2;221;2;2m╴[0m[38;2;133;6;6m▘   [0m
[38;2;45;1;1;48;2;207;2;2m▌[38;2;207;3;3;48;2;20;1;1m▍[0m  [38;2;181;9;9;48;2;34;2;2m▗[0m [7m[38;2;100;5;5m▅[0m[38;2;16;124;123m▁[38;2;12;72;71;48;2;11;226;225m▘[38;2;7;243;242;48;2;10;63;63m▆[38;2;0;252;251;48;2;16;226;226m┈[38;2;10;242;241;48;2;44;94;93m▄[38;2;17;241;240;48;2;2;252;251m▏[38;2;0;252;251;48;2;3;250;249m┈[38;2;72;21;20;48;2;15;199;198m▝[38;2;52;31;31;48;2;226;4;3m▖[38;2;246;2;2;48;2;211;5;5m▉[38;2;184;5;5;48;2;241;1;1m▁[38;2;188;6;5;48;2;238;2;2m╷[38;2;248;0;0;48;2;249;0;0m╴[38;2;251;0;0;48;2;250;0;0m┈[38;2;238;2;2;48;2;110;5;5m▇[38;2;56;1;1;48;2;206;5;5m▘[38;2;249;0;0;48;2;251;0;0m╸▂ [38;2;251;0;0;48;2;244;1;1m┈[38;2;250;0;0;48;2;242;2;2m┈[48;2;251;0;0m [48;2;246;1;1m▉[38;2;197;5;5;48;2;52;1;1m▌[38;2;146;8;8;48;2;68;3;3m▚[38;2;100;3;3;48;2;240;2;2m▘[48;2;251;0;0m  [38;2;250;0;0m▁[38;2;156;4;4;48;2;243;1;1m▁[38;2;42;2;1;48;2;230;2;2m▄[38;2;19;1;1;48;2;232;5;5m▆[38;2;20;1;0;48;2;230;5;5m▆[38;2;44;1;1;48;2;221;5;4m▖[38;2;97;4;3;48;2;182;7;7m▚[0m[38;2;157;7;7m▊[7m[38;2;172;5;4m▘[0m[38;2;220;3;3;48;2;114;4;4m▉[0m[38;2;121;3;3m▁[38;2;188;7;7m▖   [0m
[7m[38;2;106;2;2m╴[0m[38;2;2;0;0;48;2;179;3;3m▝[0m  [38;2;40;1;1;48;2;212;6;5m▍[38;2;220;6;6;48;2;51;0;0m▌[38;2;135;9;8;48;2;8;0;0m▄[38;2;17;244;243;48;2;8;42;41m▝[38;2;11;55;55;48;2;21;189;188m▆[38;2;32;209;208;48;2;4;33;33m▂[38;2;22;184;183;48;2;3;26;26m▁[38;2;19;194;193;48;2;8;34;34m▗[38;2;14;238;237;48;2;19;85;84m▄[38;2;15;74;74;48;2;23;155;154m▗[38;2;20;101;100;48;2;28;157;156m▖[38;2;159;6;6;48;2;9;14;13m▝[38;2;93;5;5;48;2;234;3;3m▂[38;2;82;2;2;48;2;185;8;8m▚[38;2;142;5;5;48;2;205;5;5m▝[38;2;191;8;8;48;2;246;1;1m▏[38;2;251;0;0;48;2;250;0;0m┈[38;2;234;5;4;48;2;251;0;0m▁ [38;2;248;0;0m▗[38;2;90;3;3;48;2;204;6;6m▗[38;2;217;13;12;48;2;244;2;2m▏[38;2;189;7;7;48;2;104;4;4m▚[38;2;250;0;0;48;2;244;1;1m┊[48;2;251;0;0m [48;2;242;3;3m▉[38;2;217;4;4;48;2;78;4;4m▃[38;2;204;9;9;48;2;245;2;2m▏[48;2;251;0;0m  [38;2;251;0;0;48;2;239;1;1m┈[38;2;55;2;2;48;2;225;3;3m▄[38;2;11;0;0;48;2;105;4;3m▇[48;2;0;0;0m   [38;2;10;0;0;48;2;148;7;7m▊[38;2;245;2;2;48;2;233;4;4m┊[38;2;208;7;7;48;2;109;8;7m▃[38;2;158;5;5;48;2;240;2;2m▏[38;2;215;8;8;48;2;89;3;3m▌[38;2;235;3;3;48;2;166;4;4m▇[0m[38;2;203;6;6m▋   [0m
 [7m[38;2;85;3;3m▆[0m[38;2;68;5;5;48;2;23;2;1m╺[38;2;133;10;10;48;2;7;0;0m▅[38;2;121;5;4;48;2;239;3;3m▎[38;2;136;3;3;48;2;229;3;3m╵[38;2;238;3;3;48;2;167;6;6m▉[38;2;116;4;4;48;2;22;1;1m▏[38;2;27;117;116;48;2;5;25;25m▝[38;2;31;222;221;48;2;12;99;98m╾[38;2;16;117;116;48;2;18;236;235m╾[38;2;11;71;70;48;2;28;172;171m┒[38;2;46;191;190;48;2;20;125;124m┏[38;2;143;10;10;48;2;38;109;109m▅[38;2;156;7;7;48;2;19;82;81m▆[38;2;135;42;42;48;2;42;96;95m▏[38;2;27;115;114;48;2;2;11;11m▎[38;2;0;0;0;48;2;31;1;1m▇[38;2;210;7;7;48;2;22;0;0m▝[38;2;17;0;0;48;2;233;2;2m▂[38;2;67;4;4;48;2;191;5;5m▖[38;2;187;8;7;48;2;247;1;1m▘[38;2;114;3;3;48;2;219;4;3m▗[38;2;229;8;8;48;2;249;0;0m▎[38;2;212;6;6;48;2;84;3;3m▍[38;2;81;2;2;48;2;216;5;5m▃[38;2;77;2;2;48;2;175;7;7m┗[38;2;147;6;5;48;2;235;2;2m▂[48;2;250;0;0m [48;2;251;0;0m  [38;2;251;0;0;48;2;249;1;1m┈[38;2;118;6;5;48;2;247;1;1m▂[38;2;34;1;1;48;2;218;3;3m▄[38;2;117;7;7;48;2;22;0;0m▚[38;2;140;9;9;48;2;5;0;0m▖[48;2;0;0;0m    [38;2;8;0;0;48;2;141;6;5m▋[38;2;224;11;10;48;2;249;0;0m▏[38;2;197;9;8;48;2;240;3;3m╷[38;2;251;0;0;48;2;249;0;0m┊[38;2;107;6;5;48;2;177;7;7m┢[38;2;231;6;6;48;2;246;1;1m▁[0m[38;2;160;5;5m▌   [0m
 [38;2;0;0;0m [0m [7m[38;2;184;8;8m▖[0m[38;2;251;0;0;48;2;250;0;0m┊[48;2;251;0;0m [48;2;250;0;0m┈[38;2;18;0;0;48;2;168;5;5m▗[38;2;0;0;0;48;2;5;6;6m┊[38;2;27;133;132;48;2;1;6;6m▁[38;2;26;174;173;48;2;6;43;42m▗[38;2;25;163;162;48;2;8;57;57m▖[38;2;17;84;83;48;2;31;162;161m▂[38;2;31;144;143;48;2;62;38;37m▆[38;2;35;156;155;48;2;65;76;76m┳[38;2;1;60;59;48;2;31;156;155m▁[38;2;21;227;226;48;2;27;152;151m▆[38;2;18;93;92;48;2;2;20;20m▏[38;2;21;211;210;48;2;1;27;26m▅[38;2;28;110;109;48;2;6;11;11m▏[38;2;162;9;8;48;2;75;7;6m▆[38;2;190;7;6;48;2;102;5;5m▆[38;2;247;1;1;48;2;149;5;5m▆[48;2;251;0;0m [38;2;251;0;0;48;2;250;0;0m┈[38;2;242;1;1;48;2;99;4;4m▆[38;2;229;5;5;48;2;70;3;3m▄[38;2;47;1;1;48;2;164;10;9m━[38;2;7;0;0;48;2;160;6;6m━[38;2;41;1;1;48;2;242;4;4m▆[38;2;10;0;0;48;2;217;6;6m▆[38;2;8;0;0;48;2;169;8;7m▇[38;2;0;0;0;48;2;16;0;0m▇[38;2;5;0;0;48;2;126;9;9m▅[38;2;10;0;0;48;2;171;11;11m▅[38;2;8;0;0;48;2;83;4;4m▇[48;2;0;0;0m  [38;2;0;0;0;48;2;9;0;0m┈[38;2;191;5;5;48;2;20;1;1m▃[38;2;135;5;5;48;2;230;3;3m▘[38;2;169;7;6;48;2;225;4;4m┏[38;2;162;7;7;48;2;240;2;2m▘[38;2;251;0;0;48;2;249;0;0m▇[0m[7m[38;2;183;4;4m▗[38;2;143;7;7m▅[0m [38;2;0;0;0m   [0m
 [38;2;0;0;0m  [38;2;85;6;5m▝[7m[38;2;214;3;3m▂[0m[38;2;188;5;5;48;2;249;0;0m▁[38;2;251;0;0;48;2;228;4;4m╴[38;2;96;6;5;48;2;10;0;0m▏[38;2;3;33;33;48;2;24;190;189m▌[38;2;22;144;143;48;2;13;233;232m▂[38;2;22;208;207;48;2;17;105;104m▆[38;2;16;199;198;48;2;4;32;31m▅[38;2;19;238;237;48;2;15;87;86m▃[38;2;1;30;29;48;2;27;194;193m━[38;2;0;4;4;48;2;19;189;188m─[48;2;22;179;178m─[38;2;16;220;219;48;2;4;32;32m▃[38;2;8;247;246;48;2;4;22;21m▃[38;2;8;246;245;48;2;2;20;20m▄[38;2;27;196;195;48;2;1;8;7m▖[38;2;11;103;102;48;2;5;12;12m▁[38;2;17;61;61;48;2;132;7;6m▆[38;2;77;4;4;48;2;204;9;9m▇[38;2;74;4;4;48;2;199;6;6m▆[38;2;57;2;2;48;2;238;2;2m▂[38;2;251;0;0;48;2;248;1;0m┈[38;2;181;8;8;48;2;235;3;3m╺[38;2;98;3;3;48;2;191;7;6m▗[38;2;88;3;3;48;2;172;8;8m▁[38;2;100;2;2;48;2;169;9;9m╴[38;2;162;8;8;48;2;50;0;0m▇[38;2;189;8;7;48;2;16;0;0m▆[38;2;186;8;8;48;2;19;0;0m▅[38;2;172;8;8;48;2;4;0;0m▅[38;2;171;7;7;48;2;1;0;0m▅[38;2;175;7;6;48;2;3;0;0m▅[38;2;190;8;7;48;2;20;0;0m▅[38;2;199;6;6;48;2;39;1;1m▆[38;2;137;4;4;48;2;213;5;5m─[38;2;164;7;7;48;2;223;4;4m╸[38;2;107;4;4;48;2;213;5;4m▂[38;2;114;4;4;48;2;230;3;3m▄[38;2;160;6;6;48;2;243;2;2m╸[38;2;54;5;5;48;2;224;3;3m▗[0m[38;2;27;200;199m▃[38;2;22;171;171m▂    [0m
 [38;2;0;0;0m  [0m [38;2;137;11;10m━[38;2;182;10;10;48;2;60;2;2m─[38;2;56;3;3;48;2;229;4;4m▆[38;2;185;8;8;48;2;46;4;3m▘[38;2;17;13;13;48;2;19;132;131m▇[38;2;79;10;10;48;2;16;211;210m▄[38;2;4;23;23;48;2;24;199;198m▃[38;2;6;36;35;48;2;25;156;155m▂[38;2;0;7;6;48;2;23;188;187m▁[38;2;0;22;21;48;2;22;205;204m▁[38;2;0;5;4;48;2;24;215;214m▁[38;2;4;35;35;48;2;25;213;212m▂[38;2;2;22;21;48;2;15;245;244m▅[38;2;0;2;2;48;2;13;229;228m▅[38;2;6;49;48;48;2;20;232;231m▆[38;2;24;172;171;48;2;2;17;17m▂[38;2;8;61;60;48;2;15;191;190m▃[38;2;2;7;7;48;2;18;197;196m▝[38;2;0;0;0;48;2;24;13;13m┈[38;2;22;0;0;48;2;156;10;10m▊[38;2;183;8;8;48;2;64;1;1m▋[38;2;146;6;6;48;2;242;3;3m▎[48;2;251;0;0m [38;2;251;0;0;48;2;246;1;1m┈[38;2;229;2;2;48;2;70;2;2m▆[38;2;60;2;2;48;2;175;4;4m━[38;2;86;3;3;48;2;191;5;5m▃[38;2;227;4;4;48;2;127;4;4m▄[38;2;49;1;1;48;2;204;4;4m━[38;2;58;2;2;48;2;237;3;2m▄[38;2;10;0;0;48;2;230;2;2m▃[38;2;12;0;0;48;2;234;2;1m▃[38;2;52;2;2;48;2;245;2;2m▄[38;2;73;3;3;48;2;227;3;3m▄[38;2;18;0;0;48;2;185;5;5m━[38;2;228;4;4;48;2;82;3;3m▃[38;2;188;5;4;48;2;66;2;2m▆[38;2;45;57;57;48;2;230;3;3m▃[38;2;21;196;195;48;2;119;4;4m▃[38;2;17;193;192;48;2;16;75;74m▝[38;2;17;196;195;48;2;17;98;97m▆[38;2;13;91;90;48;2;16;215;214m━[0m[38;2;16;162;161m▇[38;2;17;185;184m▄[0m [38;2;0;0;0m [0m
 [38;2;0;0;0m     [0m [38;2;143;9;9;48;2;23;1;1m▗[38;2;181;8;8;48;2;16;0;0m▖[38;2;31;3;2;48;2;138;8;8m▅[38;2;10;0;0;48;2;1;0;0m▏[48;2;0;0;0m   [38;2;0;0;0;48;2;1;7;7m┈[38;2;15;224;223;48;2;3;16;16m▂[38;2;10;246;245;48;2;1;15;15m▃[38;2;8;248;247;48;2;0;14;14m▃[38;2;14;85;84;48;2;6;245;245m▘[38;2;0;252;251;48;2;2;251;250m┈[38;2;22;209;208;48;2;4;42;41m▋[38;2;14;120;119;48;2;8;245;244m▎[38;2;5;249;248;48;2;22;180;179m▇[38;2;25;155;154;48;2;8;10;10m▎[38;2;228;7;7;48;2;62;3;2m▗[38;2;118;4;4;48;2;234;3;3m▗[38;2;95;3;3;48;2;238;3;3m▖[48;2;251;0;0m [38;2;251;0;0;48;2;249;1;1m┈[38;2;129;5;5;48;2;248;1;1m▁[38;2;241;2;2;48;2;164;6;6m▇[38;2;197;8;8;48;2;68;3;2m▖[38;2;29;1;1;48;2;221;3;3m▄[38;2;84;3;3;48;2;238;3;3m▂[38;2;244;2;2;48;2;130;6;6m▇[38;2;248;1;1;48;2;107;3;3m▇[38;2;250;0;0;48;2;192;11;10m▇[38;2;158;5;4;48;2;237;2;1m▁[38;2;28;152;151;48;2;189;8;8m▄[38;2;5;248;247;48;2;67;45;45m▅[38;2;9;236;235;48;2;16;107;106m▃[38;2;16;113;112;48;2;11;239;238m▃[38;2;0;252;251;48;2;5;245;244m┈[38;2;12;223;222;48;2;14;171;170m▇[38;2;22;226;225;48;2;9;58;58m▂[38;2;0;6;6;48;2;15;156;155m╾[38;2;18;126;125;48;2;19;202;201m▂[38;2;14;126;125;48;2;14;233;232m▌[0m[38;2;16;212;211m▋ [0m
 [38;2;0;0;0m      [0m [7m[38;2;93;6;6m▄[0m[38;2;0;0;0;48;2;0;0;0m┈┈[38;2;128;10;9;48;2;11;1;0m▁[38;2;0;0;0;48;2;1;0;0m┈[38;2;1;9;9;48;2;21;104;103m▉[38;2;14;116;115;48;2;12;243;242m▘[38;2;19;108;107;48;2;8;226;225m▗[38;2;15;127;126;48;2;12;207;206m┒[38;2;16;101;100;48;2;5;248;247m▃[38;2;21;142;141;48;2;14;241;240m▁[38;2;17;245;244;48;2;14;88;87m▗[38;2;8;242;241;48;2;9;64;64m▅[38;2;0;252;251;48;2;2;251;250m┈[38;2;3;251;250;48;2;43;221;220m▉[38;2;15;134;134;48;2;5;17;17m▏[38;2;152;11;10;48;2;69;5;4m┑[38;2;98;4;4;48;2;223;5;4m▘[38;2;251;0;0;48;2;247;1;1m┈[38;2;17;0;0;48;2;198;4;4m▗[38;2;34;1;1;48;2;168;7;6m▇[38;2;204;6;5;48;2;65;2;2m▅[38;2;52;2;2;48;2;228;3;3m▂[38;2;129;6;5;48;2;25;1;1m▚[38;2;143;9;9;48;2;17;0;0m▄[38;2;226;8;8;48;2;48;24;23m━[38;2;223;10;10;48;2;95;12;11m╾[38;2;60;2;1;48;2;184;5;5m╾[38;2;150;5;5;48;2;244;2;2m▖[0m[38;2;152;7;6m▍[7m[38;2;13;182;181m▄[38;2;5;241;240m▂[0m[38;2;0;252;251;48;2;2;250;249m┈[48;2;8;238;237m┈[38;2;21;237;236;48;2;15;104;103m╸[38;2;6;45;44;48;2;27;164;163m▆[38;2;2;17;16;48;2;12;235;234m▄[38;2;0;22;21;48;2;8;245;244m▃[38;2;15;136;135;48;2;9;249;248m▃[38;2;3;80;79;48;2;17;223;222m╶[0m[38;2;17;130;130m▘ [0m
 [38;2;0;0;0m         [0m  [38;2;0;0;0;48;2;2;0;0m┈[48;2;0;3;3m┈[38;2;13;213;212;48;2;11;60;59m▂[38;2;18;141;140;48;2;3;250;249m▘[48;2;0;252;251m [38;2;1;252;251;48;2;3;248;247m┈[38;2;14;181;180;48;2;5;35;34m▋[38;2;0;37;36;48;2;16;195;194m▏[38;2;18;103;102;48;2;17;199;198m┕[38;2;11;68;67;48;2;14;201;200m╸[38;2;11;80;79;48;2;22;205;204m┏[38;2;14;79;78;48;2;21;203;202m━[38;2;29;183;182;48;2;18;42;42m▂[38;2;3;2;2;48;2;85;2;2m▇[38;2;215;7;7;48;2;68;4;4m▗[38;2;236;4;4;48;2;22;1;1m▃[38;2;223;5;5;48;2;10;0;0m▃[38;2;225;3;2;48;2;20;0;0m▄[38;2;200;4;4;48;2;65;2;2m▆[38;2;22;218;217;48;2;106;23;22m▗[38;2;6;239;238;48;2;29;78;77m▇[38;2;0;252;251;48;2;19;244;243m▇[38;2;26;127;126;48;2;5;249;248m▝[38;2;16;201;200;48;2;145;29;29m▖[38;2;124;9;8;48;2;197;6;6m▝[0m[38;2;106;5;5m▎  [7m[38;2;26;169;168m▇[38;2;21;175;174m▆[38;2;14;225;224m▄[38;2;8;247;246m▃[38;2;14;218;217m▂[38;2;11;235;234m▃[38;2;8;240;239m▄[0m[38;2;16;151;151m▘  [0m
 [38;2;0;0;0m         [38;2;21;138;137m▁[38;2;14;194;193m▃[38;2;8;218;217m▅[38;2;3;249;248;48;2;13;124;123m▆[38;2;0;252;251;48;2;1;252;251m┈[48;2;0;252;251m [48;2;1;252;251m [38;2;15;99;99;48;2;4;246;245m▂[38;2;18;233;232;48;2;5;28;28m▘[38;2;0;1;1;48;2;23;173;172m▆[48;2;23;201;200m▆[38;2;0;0;0;48;2;23;146;145m▆[38;2;0;4;4;48;2;24;151;150m▆[38;2;3;14;14;48;2;19;192;191m▆[48;2;28;166;165m▆[48;2;0;0;0m [38;2;139;5;5;48;2;5;0;0m▝[38;2;16;1;1;48;2;241;3;3m▅[38;2;18;0;0;48;2;243;2;2m▅[38;2;16;1;1;48;2;222;5;4m▆[38;2;2;0;0;48;2;59;3;3m▇[38;2;21;214;213;48;2;2;19;18m▝[38;2;21;111;110;48;2;6;240;239m▁[48;2;0;252;251m  [48;2;1;252;251m [38;2;4;242;241;48;2;55;81;81m▆[38;2;8;219;218;48;2;124;19;19m▄[0m[38;2;15;162;162m▂[0m [38;2;0;0;0m          [0m
 [38;2;0;0;0m     [38;2;33;152;151m╶[38;2;20;201;201m━[38;2;5;250;249m━[7m[38;2;11;196;196m▁[38;2;7;230;229m▁[38;2;4;250;249m▂[38;2;7;248;247m▂[0m[38;2;12;39;38;48;2;4;250;249m▃[38;2;30;29;29;48;2;7;248;247m▄[38;2;24;12;12;48;2;11;234;233m▅[38;2;2;12;12;48;2;22;202;201m▇[38;2;0;4;3;48;2;15;108;107m▉[38;2;15;232;231;48;2;14;87;87m▆[38;2;11;206;205;48;2;3;13;13m▄[38;2;14;97;96;48;2;1;6;6m▁[38;2;31;151;150;48;2;1;9;9m▁[38;2;24;102;101;48;2;0;0;0m▂ [38;2;8;0;0m▁  [38;2;28;141;140;48;2;0;3;3m▁[38;2;30;160;159;48;2;0;1;1m▁[38;2;18;140;139;48;2;1;7;7m▂[38;2;1;22;22;48;2;10;211;210m▘[38;2;32;211;210;48;2;2;18;17m▍[38;2;0;0;0;48;2;1;5;5m┈[38;2;8;11;11;48;2;16;204;203m▆[38;2;27;9;9;48;2;10;229;228m▄[38;2;6;24;24;48;2;5;247;246m▃[38;2;7;42;41;48;2;4;250;249m▂[38;2;1;30;29;48;2;5;248;247m▁[38;2;10;100;99;48;2;3;251;250m▁[38;2;7;232;232;48;2;20;128;127m▇[0m[38;2;8;221;220m▆[38;2;11;196;195m▅[38;2;18;144;143m▄[0m [38;2;0;0;0m      [0m
 [38;2;0;0;0m            [38;2;195;9;8m▝[38;2;138;5;5;48;2;234;3;3m▁[38;2;117;4;4;48;2;246;1;1m▝[38;2;230;4;3;48;2;29;1;1m▂[38;2;211;10;10;48;2;6;0;0m▁[38;2;15;243;242;48;2;48;41;41m▝[38;2;151;5;5;48;2;9;225;224m▃[38;2;20;203;202;48;2;139;11;11m▘[38;2;237;2;2;48;2;37;77;76m▅[38;2;241;3;3;48;2;51;28;28m▆[38;2;221;3;3;48;2;52;0;0m▇[38;2;41;0;0;48;2;219;4;4m▁[38;2;218;3;3;48;2;68;2;1m▇[38;2;242;2;2;48;2;74;4;4m▆[48;2;44;28;27m▅[38;2;218;4;4;48;2;29;107;106m▄[38;2;161;9;9;48;2;17;234;233m▃[38;2;67;17;17;48;2;14;202;201m▄[38;2;213;10;10;48;2;9;6;6m▁[38;2;228;4;4;48;2;21;1;1m▂[38;2;31;1;1;48;2;221;3;3m▘[38;2;251;0;0;48;2;239;2;2m┈[0m[7m[38;2;197;4;4m▃[0m[38;2;60;4;4m▘[0m   [38;2;0;0;0m          [0m
 [38;2;0;0;0m             [0m [7m[38;2;194;5;4m▅[38;2;218;3;2m▄[0m[38;2;42;2;2;48;2;203;4;4m▖[38;2;77;0;0;48;2;226;4;4m─[38;2;96;3;3;48;2;236;3;3m╼[38;2;125;5;5m━[38;2;118;5;5;48;2;216;7;7m▆[38;2;235;2;2;48;2;93;4;3m▄[38;2;244;2;2;48;2;38;0;0m▆[38;2;241;2;2;48;2;16;0;0m▆[38;2;243;2;2;48;2;33;0;0m▆[38;2;223;3;3;48;2;89;3;3m▄[38;2;154;8;8;48;2;202;6;6m▍[38;2;118;3;3;48;2;237;3;3m╾[38;2;168;7;7;48;2;225;2;2m┐[38;2;164;8;8;48;2;248;1;1m▃[0m[7m[38;2;226;1;1m▂[38;2;222;2;2m▃[38;2;216;3;3m▅[38;2;128;4;4m▇[0m[38;2;6;0;0m               [0m
 [38;2;0;0;0m                [0m [7m[38;2;157;6;5m▆[38;2;224;4;4m▅[38;2;162;5;5m▖[0m[38;2;251;0;0;48;2;238;2;2m┈[48;2;251;0;0m     [38;2;161;6;6;48;2;239;2;2m▝[0m[7m[38;2;202;5;5m▄[38;2;221;4;4m▅[38;2;106;5;5m▆[0m[38;2;0;0;0m                   [0m
 [38;2;0;0;0m                   [0m [7m[38;2;160;5;5m▅[38;2;230;3;3m▄[38;2;245;2;2m▄[38;2;239;3;3m▄[38;2;245;2;2m▄[38;2;222;3;3m▄[38;2;181;5;4m▆[0m [38;2;0;0;0m                     [0m[u[0m [38;2;0;0;0m                                                 [0m
 [38;2;0;0;0m                            [0m [38;2;148;7;7m▂[38;2;185;8;8m▃[38;2;177;7;7m▄[38;2;183;9;9m━[38;2;90;6;6m▘           [38;2;149;6;6m▂[7m[38;2;145;9;9m▚[0m [38;2;0;0;0m [0m
 [38;2;0;0;0m                         [38;2;124;5;5m▂[38;2;223;5;5m▄[38;2;221;6;6m▆[7m[38;2;202;7;6m▂[38;2;187;7;7m▄[38;2;149;7;7m▆[0m [38;2;0;0;0m     [0m [38;2;110;5;5m▄[0m [38;2;9;0;0m  [0m [38;2;189;6;6m▃[38;2;176;6;6m▆[7m[38;2;166;7;7m▄[0m [38;2;0;0;0m  [0m
 [38;2;0;0;0m                       [0m [7m[38;2;167;4;3m▘[0m[38;2;243;2;1;48;2;239;2;1m┊[38;2;239;3;2;48;2;183;7;7m▉[0m[38;2;95;4;4m▍ [0m [38;2;69;7;6m▖     [38;2;126;4;3m▗[7m[38;2;197;5;4m▘[0m[38;2;173;7;7m▘  [0m [38;2;53;1;1;48;2;183;10;10m▍[0m[7m[38;2;165;6;6m▗[0m [38;2;0;0;0m    [0m
  [38;2;0;0;0m┈[38;2;70;4;4;48;2;21;1;1m╷[0m [38;2;0;0;0m        [7m[38;2;144;10;10m▍[0m[38;2;92;5;5m▋     [0m [38;2;77;8;8m▃  [7m[38;2;60;3;3m▉[0m[38;2;116;6;6;48;2;225;3;2m▏[38;2;251;0;0;48;2;246;0;0m▄[38;2;249;0;0;48;2;245;0;0m▆[38;2;247;1;1;48;2;163;6;6m▇[0m[38;2;235;2;2m▆[38;2;222;3;3m▆[38;2;199;5;5m▋    [38;2;160;13;12m▗[7m[38;2;196;4;4m▗[0m[38;2;153;5;5m▘    [0m [7m[38;2;54;5;5m▆[0m[38;2;0;0;0m     [0m
 [38;2;0;0;0m  [7m[38;2;131;3;3m▌[0m[38;2;205;1;1;48;2;28;1;0m▌[0m [38;2;0;0;0m       [7m[38;2;95;5;4m▋[0m[38;2;125;6;5;48;2;226;5;5m▝[0m[38;2;78;3;3m▖    [0m [7m[38;2;152;8;7m▂[0m[38;2;210;5;5m▃[38;2;126;4;4m▁ [38;2;99;3;3m▝[38;2;121;3;3;48;2;235;2;2m▏[48;2;251;0;0m    [38;2;241;1;1;48;2;169;3;2m▉[0m[38;2;205;3;2m▄[7m[38;2;189;3;3m▘[38;2;190;4;4m▝[0m   [38;2;0;0;0m [38;2;48;5;4m▁ [38;2;165;7;7m▗[38;2;193;7;7m▖       [0m
 [38;2;0;0;0m  [38;2;221;3;3;48;2;30;1;1m▝[38;2;233;1;1;48;2;158;1;0m▉[38;2;52;0;0;48;2;40;0;0m╴[0m [38;2;0;0;0m       [7m[38;2;190;4;4m▖[0m[38;2;107;3;3;48;2;244;2;1m▝[0m[38;2;173;5;4m▖[0m [38;2;0;0;0m [0m [38;2;155;8;8m▂[0m [7m[38;2;207;6;5m▌[0m[38;2;252;1;0;48;2;244;1;1m╴[0m[38;2;241;1;1m▅[38;2;214;2;2m▅[38;2;251;0;0;48;2;241;1;1m┊[48;2;251;0;0m     [38;2;54;2;2;48;2;231;4;3m▗[0m[7m[38;2;189;3;3m▄[0m[38;2;165;3;3;48;2;229;4;4m▏[0m[38;2;103;5;5m▌  [38;2;192;5;5m▗[38;2;180;7;7m▋[0m [7m[38;2;169;7;7m▘[0m[38;2;167;6;6m▘[38;2;156;11;11m▗[38;2;73;3;3m▖   [0m [38;2;124;9;8m▅[0m
 [38;2;0;0;0m  [0m  [38;2;17;0;0;48;2;128;2;2m╴[38;2;171;4;3;48;2;50;2;2m╴[0m [38;2;0;0;0m      [0m [7m[38;2;184;4;3m▄[0m[38;2;176;4;4;48;2;237;2;2m▁[0m[7m[38;2;175;3;3m▝[0m  [7m[38;2;188;5;5m▎[0m[38;2;247;1;1;48;2;90;3;3m▇[38;2;251;0;0;48;2;249;0;0m┈[48;2;251;0;0m        [38;2;248;1;1;48;2;196;8;8m▉[0m[38;2;146;4;4m▂[38;2;231;6;6;48;2;54;4;4m▖[0m[7m[38;2;75;7;6m▆[0m  [38;2;189;4;4m▃[38;2;250;0;0;48;2;231;1;1m┈[38;2;113;4;4;48;2;238;2;2m▝[0m [7m[38;2;78;7;6m▅[0m [7m[38;2;169;5;5m▍[0m[38;2;233;2;2;48;2;119;4;4m▇[0m[38;2;172;8;8m▖  [7m[38;2;162;8;7m▋[0m[38;2;215;5;5m▊[0m
  [38;2;0;0;0m   [0m  [38;2;18;0;0;48;2;147;7;7m▍[0m[38;2;215;4;4m▄[38;2;84;4;4m▂    [0m [38;2;87;7;6m▄[7m[38;2;204;6;6m▍[0m[38;2;250;0;0;48;2;224;9;8m▉[38;2;161;7;7;48;2;48;2;1m▆[0m[38;2;109;5;5m▁[38;2;100;4;4;48;2;238;3;2m▘[48;2;251;0;0m          [38;2;251;0;0;48;2;250;0;0m┈[48;2;238;5;4m▇[48;2;232;1;1m┈[0m[38;2;220;2;2m▆[38;2;242;1;1m▆[38;2;248;1;1;48;2;150;5;5m▇[48;2;251;0;0m  [38;2;251;0;0;48;2;205;3;3m╴[0m[38;2;61;2;2m▏ [7m[38;2;181;5;5m▍[0m[38;2;251;0;0;48;2;244;1;1m┈[38;2;63;3;3;48;2;231;2;2m▂[0m[38;2;142;6;6m▘  [7m[38;2;190;7;6m▌[0m[38;2;241;3;3;48;2;122;8;7m▉[0m
[7m[38;2;172;9;8m▍[0m[38;2;138;5;5m▖[38;2;32;2;2m╺[38;2;135;9;9m▄[0m [38;2;65;6;5m▃ [0m [7m[38;2;135;4;4m▖[0m[38;2;236;3;2;48;2;168;5;5m▇[0m[38;2;163;5;5m▄[0m [38;2;73;9;8m▖ [38;2;183;10;10m▗[38;2;102;8;8;48;2;16;0;0m▏[38;2;89;3;3;48;2;231;4;4m▎[38;2;251;0;0;48;2;249;0;0m┈[38;2;243;2;1;48;2;198;5;5m▉[38;2;131;5;5;48;2;241;1;1m▘[38;2;247;0;0;48;2;251;0;0m▂▂▂▂▂[38;2;251;0;0;48;2;249;0;0m┈[38;2;98;5;4;48;2;235;2;2m▗[38;2;83;3;2;48;2;233;3;3m▖[38;2;251;0;0;48;2;243;1;1m┈[38;2;50;1;1;48;2;231;2;2m▂[38;2;82;4;4;48;2;224;3;3m▄[38;2;102;4;4;48;2;223;8;8m▋[38;2;247;0;0;48;2;250;0;0m▂[48;2;251;0;0m▂▂[38;2;115;4;4;48;2;243;2;2m▗[38;2;167;4;4;48;2;240;2;1m▁[38;2;247;0;0;48;2;251;0;0m▂[48;2;250;0;0m▂[38;2;36;1;1;48;2;208;4;4m▝[0m [7m[38;2;132;6;6m▘[38;2;185;6;6m▄[38;2;95;4;4m▆[0m[38;2;195;6;6m▗[38;2;180;6;5;48;2;36;1;1m▊[0m [38;2;0;0;0m [7m[38;2;118;5;4m▋[38;2;206;7;6m▗[0m
[38;2;104;5;5m▝[38;2;66;3;3;48;2;188;6;6m▖[0m[38;2;157;8;8m▖[38;2;140;6;6m▝[7m[38;2;188;6;6m▝[0m[38;2;46;2;1;48;2;153;7;7m▘[0m[38;2;203;5;4m▆[38;2;183;4;3m▅[38;2;49;2;2m▏[38;2;66;3;3;48;2;210;5;5m▌[38;2;247;0;0;48;2;238;2;2m╴[0m[38;2;72;3;3m▌[38;2;23;1;1;48;2;134;8;7m▍[0m[38;2;163;5;5m▃[38;2;66;1;1;48;2;226;5;4m▎[38;2;30;0;0;48;2;209;4;4m▝[38;2;237;3;3;48;2;104;5;5m▝[38;2;247;0;0;48;2;243;1;1m┈[48;2;247;0;0m [38;2;162;5;5;48;2;241;2;2m▁[38;2;247;0;0;48;2;243;1;1m┈[38;2;236;4;4;48;2;247;0;0m▁[38;2;247;0;0;48;2;245;1;1m┈[48;2;247;0;0m [38;2;68;2;2;48;2;226;3;3m▗[38;2;69;2;2;48;2;173;4;4m━[38;2;234;4;4;48;2;75;3;3m▅[38;2;223;9;9;48;2;98;5;4m▝[38;2;216;5;4;48;2;92;3;3m▗[38;2;234;2;2;48;2;85;3;3m▆[38;2;247;0;0;48;2;243;1;1m┈[38;2;123;5;5;48;2;225;10;9m▋[38;2;246;0;0;48;2;247;0;0m▏ [38;2;243;2;2;48;2;197;10;10m▉[38;2;203;11;10;48;2;61;2;2m▁[38;2;180;7;7;48;2;54;2;2m▂[38;2;175;6;5;48;2;235;3;3m▏[48;2;247;0;0m [38;2;246;0;0;48;2;236;3;3m╴[38;2;158;7;7;48;2;84;4;4m▇[38;2;232;3;3;48;2;113;4;4m▊[0m[38;2;42;4;4m╺[38;2;172;7;7m▄[38;2;80;2;2;48;2;218;5;5m▎[38;2;247;0;0;48;2;240;2;2m╴[0m[38;2;120;4;4m▍ [38;2;55;5;4m▝[0m [0m
[38;2;53;2;2m▂[0m [7m[38;2;56;5;5m▆[0m [7m[38;2;103;4;3m▖[0m[38;2;181;6;6;48;2;242;1;1m▁[38;2;247;0;0;48;2;246;1;0m▉[38;2;92;5;5;48;2;210;6;6m▗[38;2;154;8;8;48;2;51;2;2m▚[0m[7m[38;2;54;2;2m▚[0m[38;2;53;19;19;48;2;214;6;6m▖[38;2;127;6;6;48;2;66;11;11m╴[0m[38;2;20;163;162m▂[38;2;20;0;0;48;2;121;31;31m╸[38;2;169;5;5;48;2;240;2;2m▁[48;2;247;0;0m [38;2;244;1;1;48;2;170;5;4m▇[38;2;247;0;0;48;2;228;3;3m┈[48;2;247;0;0m [38;2;91;3;3;48;2;238;2;2m▝[38;2;146;5;5;48;2;49;2;2m▂[38;2;24;2;2;48;2;195;8;8m▅[38;2;63;3;3;48;2;148;7;7m▌[38;2;133;5;5;48;2;227;5;4m╴[38;2;91;4;4;48;2;197;5;5m▘[38;2;247;0;0;48;2;246;0;0m┈[48;2;247;0;0m [38;2;235;2;2;48;2;116;4;3m▆[38;2;247;0;0;48;2;243;1;1m┈[48;2;247;0;0m [38;2;239;2;2;48;2;171;7;7m▉[38;2;102;3;3;48;2;211;9;8m▌[38;2;103;4;4;48;2;244;1;1m▄[38;2;89;3;3;48;2;234;3;3m╴[48;2;247;0;0m [38;2;247;0;0;48;2;243;2;2m▇[48;2;247;0;0m [48;2;245;1;0m▇[48;2;247;0;0m [38;2;248;0;0m┈[38;2;118;4;4;48;2;223;4;4m▝[38;2;80;3;3;48;2;225;4;4m▖[0m[38;2;191;6;6m▋[7m[38;2;175;4;4m▅[0m[38;2;204;5;4;48;2;243;1;1m▏[38;2;247;0;0;48;2;226;2;2m╴[0m[38;2;138;6;5m▘   [0m
[38;2;41;1;1;48;2;210;2;2m▌[0m[38;2;155;3;3m▌[0m  [38;2;138;8;8m▃[0m [7m[38;2;137;5;5m▅[0m[38;2;13;112;111m▁[38;2;10;58;58;48;2;11;215;214m▘[0m[38;2;7;237;236m▆[38;2;11;234;233;48;2;55;144;143m▇[38;2;9;236;235;48;2;52;87;86m▄[38;2;16;243;242;48;2;1;252;251m▏[38;2;0;252;251;48;2;4;247;246m┈[38;2;12;218;217;48;2;61;61;60m▄[38;2;67;19;18;48;2;233;3;3m▖[38;2;246;1;1;48;2;217;4;4m▉[38;2;195;5;4;48;2;243;1;1m▁[38;2;195;7;7;48;2;244;2;2m▁[38;2;248;0;0;48;2;250;0;0m╴[38;2;251;0;0;48;2;248;1;1m┈[38;2;242;1;1;48;2;114;5;4m▆[38;2;45;1;1;48;2;199;6;5m▘[38;2;249;0;0;48;2;251;0;0m╴[38;2;248;0;0m▁ [38;2;251;0;0;48;2;246;1;1m┈[38;2;250;0;0;48;2;243;1;1m┈[48;2;251;0;0m [48;2;247;1;1m▉[38;2;202;5;5;48;2;58;2;2m▌[38;2;147;5;4;48;2;87;6;6m▗[38;2;79;3;3;48;2;236;3;2m▘[48;2;251;0;0m   [38;2;179;4;4;48;2;245;1;1m▁[38;2;53;2;2;48;2;240;2;2m▄[38;2;9;0;0;48;2;215;4;4m▅[48;2;216;4;4m▅[38;2;56;2;2;48;2;226;4;4m▖[38;2;89;3;3;48;2;184;7;7m▚[0m[38;2;151;7;6m▊[7m[38;2;164;5;5m▘[0m[38;2;224;3;3;48;2;127;4;4m▉[0m[38;2;119;6;6m▘[38;2;118;6;5m▄   [0m
[38;2;10;0;0;48;2;117;1;1m╴[38;2;215;2;1;48;2;50;2;2m▌[0m  [38;2;34;1;1;48;2;210;6;5m▍[38;2;216;6;6;48;2;46;0;0m▌[0m[38;2;103;5;5m▅[38;2;16;245;244;48;2;10;51;51m▝[38;2;11;59;59;48;2;17;215;214m▆[38;2;34;200;199;48;2;9;45;45m▂[38;2;4;28;28;48;2;60;214;213m▇[38;2;6;59;59;48;2;43;222;221m▇[38;2;14;237;236;48;2;10;91;90m▄[38;2;7;55;55;48;2;23;170;169m▗[38;2;16;111;110;48;2;32;223;222m▆[38;2;169;7;7;48;2;12;12;12m▝[38;2;124;6;6;48;2;238;2;2m▂[38;2;84;3;3;48;2;193;8;8m▚[38;2;145;6;6;48;2;209;5;5m▝[38;2;187;8;7;48;2;246;1;1m▏[48;2;251;0;0m [38;2;251;0;0;48;2;250;0;0m┈[48;2;251;0;0m [38;2;248;0;0m▗[38;2;93;3;3;48;2;210;5;5m▗[38;2;219;12;12;48;2;244;2;2m▏[38;2;190;6;6;48;2;108;4;4m▚[38;2;249;0;0;48;2;244;2;2m┊[48;2;251;0;0m [38;2;250;0;0;48;2;241;3;3m▉[38;2;233;4;4;48;2;84;4;3m▂[38;2;228;7;7;48;2;237;3;3m╴[48;2;251;0;0m  [38;2;251;0;0;48;2;243;1;1m┈[38;2;47;2;2;48;2;216;3;3m▃[38;2;15;1;0;48;2;119;5;5m▇[48;2;0;0;0m   [38;2;11;0;0;48;2;153;8;8m▊[38;2;242;4;4;48;2;230;4;4m┊[38;2;193;8;7;48;2;101;8;7m▃[38;2;154;5;5;48;2;239;2;2m▏[38;2;216;8;8;48;2;80;2;2m▌[38;2;144;8;7;48;2;230;2;2m▏[0m[38;2;202;5;5m▋   [0m
  [38;2;71;4;4;48;2;23;1;1m╺[38;2;145;11;11;48;2;15;0;0m▄[38;2;115;5;5;48;2;238;3;3m▎[38;2;146;6;6;48;2;242;3;3m▝[38;2;236;3;3;48;2;155;5;5m▉[38;2;104;3;3;48;2;16;1;1m▏[38;2;30;129;129;48;2;3;23;23m┗[38;2;5;41;40;48;2;19;157;156m▘[38;2;19;117;116;48;2;18;235;234m╾[38;2;12;82;81;48;2;26;163;162m┒[38;2;43;191;190;48;2;19;125;124m┏[38;2;149;9;9;48;2;44;97;96m▄[38;2;160;9;8;48;2;37;89;88m▅[38;2;126;6;6;48;2;23;113;112m▖[38;2;23;108;107;48;2;4;7;7m▖[38;2;1;0;0;48;2;61;7;6m▇[38;2;217;7;7;48;2;29;1;1m▝[38;2;38;1;1;48;2;243;2;2m▂[38;2;89;4;4;48;2;196;5;5m▖[38;2;185;8;8;48;2;247;1;1m▘[38;2;110;3;3;48;2;226;4;3m▗[38;2;230;8;8;48;2;249;0;0m▎[38;2;210;7;7;48;2;79;2;2m▍[38;2;60;2;2;48;2;213;5;5m▖[38;2;72;1;1;48;2;168;7;6m┖[38;2;146;6;5;48;2;241;2;2m▂[38;2;251;0;0;48;2;250;0;0m┈[48;2;251;0;0m  [48;2;250;0;0m┈[38;2;109;5;5;48;2;241;1;1m▁[38;2;45;2;1;48;2;230;2;2m▄[38;2;124;7;7;48;2;18;1;1m▚[38;2;131;9;9;48;2;2;0;0m▖[48;2;0;0;0m    [38;2;18;0;0;48;2;164;8;7m▊[38;2;223;12;11;48;2;249;0;0m▏[38;2;206;8;8;48;2;241;2;2m╷[38;2;251;0;0;48;2;249;0;0m┊[38;2;112;6;5;48;2;179;8;7m┢[38;2;229;8;8;48;2;247;1;1m▏[0m[38;2;172;7;6m▌   [0m
 [38;2;0;0;0m [0m [38;2;55;2;2;48;2;188;8;8m▖[38;2;248;0;0;48;2;251;0;0m▏ [38;2;251;0;0;48;2;250;0;0m┈[38;2;200;5;5;48;2;70;4;4m▌[38;2;18;0;0;48;2;3;4;4m╴[38;2;20;96;95;48;2;0;3;3m▁[38;2;9;63;62;48;2;26;218;217m▇[38;2;7;59;59;48;2;25;167;166m▆[38;2;7;61;61;48;2;29;157;156m▁[38;2;34;123;122;48;2;118;10;10m▇[38;2;31;148;147;48;2;118;11;11m▅[38;2;16;104;103;48;2;29;151;150m╼[38;2;18;229;228;48;2;26;131;130m▆[38;2;18;88;87;48;2;2;20;20m▏[38;2;24;218;217;48;2;0;3;2m▅[38;2;28;112;112;48;2;6;12;12m▏[38;2;164;10;9;48;2;55;6;5m▆[38;2;198;6;6;48;2;124;6;6m▅[38;2;244;1;1;48;2;135;5;5m▆[48;2;251;0;0m [38;2;251;0;0;48;2;249;1;1m┈[38;2;236;1;1;48;2;74;4;4m▆[38;2;219;6;5;48;2;75;3;3m▄[38;2;23;0;0;48;2;174;10;9m━[38;2;71;4;4;48;2;218;7;7m▅[38;2;20;0;0;48;2;227;5;4m▅[38;2;20;1;1;48;2;237;4;4m▆[38;2;3;0;0;48;2;152;8;8m▆[38;2;0;0;0;48;2;5;0;0m┈[38;2;12;1;1;48;2;118;8;8m▅[38;2;3;0;0;48;2;148;8;8m▄[38;2;13;0;0;48;2;93;5;5m▇[48;2;0;0;0m  [38;2;0;0;0;48;2;4;0;0m┈[38;2;168;5;4;48;2;13;0;0m▃[38;2;114;5;5;48;2;233;3;3m▘[38;2;156;7;6;48;2;222;4;4m┎[38;2;165;7;7;48;2;237;3;3m▘[38;2;251;0;0;48;2;250;0;0m┊[0m[7m[38;2;188;5;5m▗[38;2;166;7;7m▅[0m [38;2;0;0;0m   [0m
 [38;2;0;0;0m  [38;2;96;5;4m▝[7m[38;2;223;3;3m▂[0m[38;2;251;0;0;48;2;246;1;1m┈[38;2;240;2;2;48;2;158;12;12m▉[38;2;91;6;5;48;2;10;0;0m▏[38;2;2;29;29;48;2;24;179;178m▌[38;2;22;127;126;48;2;12;236;235m▂[38;2;17;201;200;48;2;20;101;100m▆[38;2;19;218;217;48;2;7;51;50m▄[38;2;16;239;238;48;2;12;78;77m▃[38;2;1;28;27;48;2;28;179;179m╾[38;2;0;34;33;48;2;23;173;172m─[38;2;0;18;17;48;2;25;163;162m─[38;2;17;244;243;48;2;9;51;51m▂[38;2;13;237;236;48;2;0;10;9m▃[38;2;10;234;233;48;2;0;9;8m▄[38;2;24;180;179;48;2;2;8;8m▖[38;2;13;81;80;48;2;10;9;9m▁[38;2;23;55;54;48;2;146;6;6m▆[38;2;77;4;4;48;2;237;5;5m▇[38;2;81;4;4;48;2;221;5;5m▆[38;2;80;3;2;48;2;244;2;2m▂[38;2;251;0;0;48;2;249;0;0m┈[38;2;161;7;6;48;2;238;3;3m╺[38;2;103;3;3;48;2;185;7;6m▗[38;2;124;5;5;48;2;173;7;7m▁[38;2;107;6;5;48;2;161;9;8m╴[38;2;158;8;8;48;2;12;0;0m▇[38;2;192;8;8;48;2;34;2;2m▅[38;2;172;8;8;48;2;5;0;0m▅[38;2;178;10;10;48;2;15;0;0m▄[38;2;180;9;8;48;2;11;0;0m▄[38;2;189;8;8;48;2;14;0;0m▄[38;2;178;7;7;48;2;6;0;0m▅[38;2;188;7;7;48;2;13;0;0m▆[38;2;207;5;5;48;2;112;5;5m▇[38;2;148;6;6;48;2;225;4;3m╸[38;2;96;4;4;48;2;206;5;5m▁[38;2;112;4;4;48;2;237;3;3m▄[38;2;153;6;6;48;2;245;1;1m╸[38;2;76;5;5;48;2;232;3;3m▗[0m[38;2;23;187;187m▃[38;2;15;129;129m▂    [0m
 [38;2;0;0;0m  [0m [38;2;130;11;10m━[38;2;117;6;6m▄[38;2;47;3;3;48;2;212;5;5m▅[38;2;176;7;7;48;2;53;4;4m▘[38;2;16;130;129;48;2;18;6;6m▝[38;2;65;17;17;48;2;17;225;224m▄[38;2;0;6;6;48;2;25;189;188m▂[38;2;0;10;9;48;2;24;147;146m▁[38;2;9;78;77;48;2;24;188;188m▁[38;2;20;104;103;48;2;18;209;208m▁[38;2;2;55;54;48;2;19;210;209m▁[38;2;0;6;6;48;2;21;201;200m▁[38;2;1;9;9;48;2;11;225;224m▄[38;2;1;14;14;48;2;10;246;245m▅[38;2;9;52;52;48;2;12;243;242m▆[38;2;25;190;190;48;2;4;28;28m▁[38;2;13;71;70;48;2;14;192;191m▍[38;2;2;4;4;48;2;18;189;188m▝[38;2;2;7;7;48;2;118;9;8m▆[38;2;151;8;8;48;2;21;1;1m▗[38;2;180;7;7;48;2;66;1;1m▋[38;2;150;7;6;48;2;242;3;3m▎[48;2;251;0;0m [38;2;249;0;0;48;2;198;7;6m▇[38;2;237;2;2;48;2;84;3;3m▅[38;2;50;2;2;48;2;176;5;5m━[38;2;88;3;3;48;2;184;5;5m▃[38;2;225;4;4;48;2;131;5;5m▄[38;2;42;0;0;48;2;193;4;4m╾[38;2;58;2;2;48;2;245;2;2m▄[38;2;22;0;0;48;2;239;3;2m▃[38;2;28;0;0;48;2;242;2;2m▃[38;2;23;0;0;48;2;235;3;3m▃[38;2;66;2;2;48;2;239;3;2m▄[38;2;94;3;3;48;2;225;4;4m▅[38;2;221;4;4;48;2;86;4;4m▃[38;2;193;5;5;48;2;52;2;1m▆[38;2;28;52;52;48;2;216;4;4m▂[38;2;21;122;121;48;2;168;4;4m▄[38;2;15;241;240;48;2;18;77;76m╺[38;2;16;212;211;48;2;17;115;114m▅[38;2;7;63;62;48;2;18;210;209m╾[0m[38;2;14;163;162m▆[38;2;18;196;195m▃[0m [38;2;0;0;0m [0m
 [38;2;0;0;0m    [0m [7m[38;2;2;0;0m▇[0m[38;2;154;10;10;48;2;19;1;1m▗[38;2;159;8;7;48;2;12;0;0m▖[38;2;27;2;1;48;2;131;8;8m▄[38;2;10;0;0;48;2;1;0;0m▏[48;2;0;0;0m   [38;2;0;0;0;48;2;0;4;4m┈[38;2;24;204;203;48;2;1;8;8m▂[38;2;13;228;227;48;2;0;3;3m▃[38;2;12;227;226;48;2;0;2;2m▃[38;2;12;69;68;48;2;7;241;240m▘[38;2;0;252;251;48;2;3;251;250m┈[38;2;17;224;223;48;2;12;65;64m▌[38;2;17;119;118;48;2;8;245;244m▎[38;2;6;248;247;48;2;21;133;132m▇[38;2;24;146;145;48;2;15;10;10m▎[38;2;230;6;6;48;2;57;2;2m▗[38;2;137;5;5;48;2;236;3;3m▗[38;2;92;3;3;48;2;240;2;2m▖[38;2;250;0;0;48;2;251;0;0m╴[38;2;251;0;0;48;2;250;0;0m┈[38;2;162;9;9m▁[38;2;238;2;2;48;2;134;6;6m▇[38;2;49;1;1;48;2;158;6;6m▚[38;2;43;1;1;48;2;232;2;2m▄[38;2;119;5;5;48;2;237;3;2m▂[38;2;242;2;2;48;2;72;1;1m▇[48;2;50;1;1m▇[38;2;248;1;1;48;2;147;8;7m▇[38;2;251;0;0;48;2;229;3;2m╴[38;2;19;208;207;48;2;152;24;24m▗[38;2;10;241;240;48;2;89;27;26m▅[38;2;10;221;220;48;2;18;97;96m▃[38;2;17;123;121;48;2;11;238;237m▃[38;2;0;252;251;48;2;3;248;247m┈[38;2;11;224;223;48;2;14;136;135m▇[38;2;22;192;191;48;2;8;55;54m▂[38;2;13;94;94;48;2;16;232;231m▆[38;2;16;112;111;48;2;18;199;198m▂[38;2;15;106;105;48;2;16;203;202m▘[0m[38;2;16;204;203m▋ [0m
 [38;2;0;0;0m      [0m [7m[38;2;104;7;6m▄[0m[38;2;0;0;0;48;2;0;0;0m┈┈[38;2;109;14;12;48;2;6;0;0m▁[48;2;0;0;0m [38;2;1;9;9;48;2;19;94;94m▉[38;2;13;94;93;48;2;12;239;238m▘[38;2;18;125;124;48;2;5;245;244m▃[38;2;14;113;113;48;2;9;239;238m▃[38;2;16;103;102;48;2;3;251;250m▃[38;2;30;176;175;48;2;11;242;241m▁[38;2;23;242;241;48;2;11;90;90m▗[38;2;9;231;230;48;2;9;64;64m▅[38;2;9;248;247;48;2;2;252;251m▏[38;2;3;251;250;48;2;49;218;217m▉[38;2;0;0;0;48;2;5;29;28m┊[38;2;133;7;7;48;2;69;5;5m┭[38;2;217;4;4;48;2;87;3;3m▆[38;2;251;0;0;48;2;246;1;1m┈[38;2;19;0;0;48;2;209;4;4m▗[38;2;41;2;2;48;2;199;7;7m▇[38;2;222;7;7;48;2;79;3;3m▄[38;2;79;3;3;48;2;233;3;3m▂[38;2;182;7;7;48;2;41;2;1m▘[38;2;144;8;8;48;2;8;0;0m▄[38;2;209;8;8;48;2;51;12;12m━[38;2;204;10;9;48;2;111;8;7m╾[38;2;61;2;2;48;2;184;5;5m╾[38;2;156;7;7;48;2;236;2;2m▁[0m[38;2;160;6;5m▍[7m[38;2;12;192;191m▄[0m[38;2;14;105;105;48;2;3;246;245m▂[38;2;0;252;251;48;2;1;251;250m┈[38;2;5;245;244;48;2;17;158;157m▇[38;2;18;194;193;48;2;15;92;91m▖[38;2;3;26;26;48;2;27;152;151m▅[38;2;5;25;25;48;2;8;244;243m▄[38;2;6;37;36;48;2;5;249;248m▃[38;2;22;134;133;48;2;5;250;249m▃[38;2;16;92;91;48;2;15;223;222m╶[0m[38;2;18;153;152m▘ [0m
 [38;2;0;0;0m         [0m  [38;2;0;0;0;48;2;3;0;0m┈[48;2;0;2;2m┈[38;2;16;190;189;48;2;10;63;63m▗[38;2;20;120;119;48;2;6;248;247m▘[38;2;0;252;251;48;2;2;252;251m▇[38;2;1;252;251;48;2;5;244;243m┈[38;2;10;247;246;48;2;12;81;80m▖[38;2;0;32;32;48;2;16;192;191m▏[38;2;15;104;103;48;2;15;198;197m┕[38;2;19;113;112;48;2;13;210;209m━[38;2;15;90;89;48;2;17;208;207m┏[38;2;10;84;83;48;2;23;196;195m━[38;2;32;170;169;48;2;24;36;35m▂[38;2;5;2;1;48;2;142;10;10m▇[38;2;202;6;6;48;2;77;4;4m▗[38;2;217;5;4;48;2;18;0;0m▃[38;2;198;4;4;48;2;2;0;0m▃[38;2;236;3;3;48;2;40;1;1m▃[38;2;201;5;5;48;2;41;1;1m▆[38;2;27;206;205;48;2;117;17;16m▗[38;2;5;245;244;48;2;31;94;94m▆[38;2;0;252;251;48;2;6;247;246m┈[38;2;33;105;104;48;2;7;245;244m▝[38;2;20;177;176;48;2;156;21;21m▖[38;2;136;6;6;48;2;191;6;6m┕[0m[38;2;99;6;5m▎ [0m [7m[38;2;21;154;154m▆[38;2;18;158;157m▅[38;2;16;206;205m▃[38;2;13;232;231m▂[38;2;13;220;219m▂[38;2;13;216;215m▂[38;2;12;226;225m▃[0m[38;2;15;177;176m▘  [0m
 [38;2;0;0;0m         [38;2;17;88;87m▁[38;2;16;217;216m▂[38;2;9;233;232m▄[38;2;5;245;244;48;2;11;90;90m▆[38;2;1;252;251;48;2;9;249;248m▇[48;2;0;252;251m  [38;2;12;89;88;48;2;7;240;239m▁[38;2;11;238;237;48;2;7;38;37m▘[38;2;0;7;7;48;2;22;196;195m▆[38;2;0;9;9;48;2;24;220;219m▆[38;2;0;4;3;48;2;25;184;183m▆[38;2;2;10;9;48;2;30;176;175m▆[38;2;0;1;1;48;2;21;183;182m▅[38;2;0;3;3;48;2;28;158;157m▅[48;2;0;0;0m [38;2;166;6;6;48;2;7;0;0m▝[38;2;4;0;0;48;2;221;3;3m▄▄[38;2;6;0;0;48;2;201;4;4m▅[38;2;4;0;0;48;2;87;6;6m▇[38;2;24;227;226;48;2;5;26;25m▝[38;2;22;149;149;48;2;5;245;244m▁[48;2;0;252;251m  [38;2;0;252;251;48;2;2;250;249m┈[38;2;6;233;232;48;2;79;57;57m▆[38;2;11;235;234;48;2;114;29;28m▃[0m[38;2;24;178;178m▁           [0m
 [38;2;0;0;0m     [38;2;35;151;150m╶[38;2;24;197;196m╼[38;2;11;159;158m▆[7m[38;2;13;194;193m▁[38;2;14;242;241m▁[38;2;6;238;237m▁[0m[38;2;2;47;47;48;2;2;251;250m▂[38;2;0;11;10;48;2;7;240;239m▂[38;2;16;10;9;48;2;9;237;236m▃[38;2;16;24;24;48;2;8;244;243m▅[38;2;0;5;4;48;2;17;176;174m▆[38;2;0;5;5;48;2;14;109;108m▉[38;2;15;230;229;48;2;13;61;60m▆[38;2;13;218;217;48;2;4;24;24m▃[38;2;0;0;0;48;2;2;12;12m┈[38;2;34;146;145;48;2;0;3;3m▁[38;2;22;110;109;48;2;1;8;8m▁[48;2;0;0;0m    [38;2;24;98;97m▁[38;2;3;81;80m▁[38;2;18;105;104;48;2;0;2;2m▂[38;2;2;10;10;48;2;11;199;198m▘[38;2;28;204;203;48;2;2;17;17m▍[38;2;0;0;0;48;2;1;8;8m┈[38;2;7;18;17;48;2;16;230;229m▆[38;2;16;20;20;48;2;7;240;239m▄[38;2;0;8;8;48;2;7;234;233m▂[38;2;0;14;13;48;2;6;238;237m▁[38;2;15;109;108;48;2;2;251;250m▁[38;2;47;180;179m▁[0m[38;2;12;239;238m▇[38;2;12;218;217m▆[38;2;14;197;196m▅[38;2;18;140;139m▄[0m [38;2;14;61;61m      [0m
 [38;2;0;0;0m            [38;2;187;6;6m▝[38;2;158;7;6;48;2;231;3;3m▁[38;2;97;4;4;48;2;242;2;2m▝[38;2;207;6;5;48;2;21;1;1m▂[38;2;149;11;11;48;2;2;0;0m▁[38;2;9;246;246;48;2;35;53;53m▝[38;2;120;15;15;48;2;10;240;239m▃[38;2;25;217;216;48;2;122;15;15m▘[38;2;224;3;3;48;2;32;102;101m▅[38;2;235;3;3;48;2;30;50;49m▆[38;2;221;4;3;48;2;15;0;0m▇[38;2;215;4;4;48;2;51;0;0m▇[38;2;221;4;4;48;2;25;0;0m▇[38;2;241;3;3;48;2;40;1;1m▆[38;2;231;2;2;48;2;30;47;47m▅[38;2;200;8;8;48;2;27;127;126m▄[38;2;132;30;29;48;2;13;238;237m▃[38;2;46;29;29;48;2;11;216;215m▄[38;2;0;0;0;48;2;25;11;11m┈[38;2;208;6;5;48;2;12;0;0m▂[38;2;19;1;1;48;2;214;4;4m▘[38;2;245;1;1;48;2;181;14;13m▇[0m[7m[38;2;177;4;4m▂[0m[38;2;63;4;4m▏[0m [7m[38;2;0;18;17m▇[0m [38;2;0;0;0m          [0m
 [38;2;0;0;0m             [0m [7m[38;2;217;3;3m▅[38;2;234;3;3m▄[0m[38;2;98;5;5;48;2;243;3;3m▄[38;2;122;13;13;48;2;218;3;3m─[38;2;97;2;2;48;2;227;4;4m─[38;2;119;4;4;48;2;239;3;3m━[38;2;67;6;5;48;2;171;6;6m┏[38;2;228;3;3;48;2;99;4;4m▄[38;2;235;3;3;48;2;39;0;0m▆[38;2;229;2;2;48;2;6;0;0m▆[38;2;233;3;2;48;2;22;0;0m▆[38;2;213;3;3;48;2;93;4;4m▄[38;2;157;8;8;48;2;208;6;6m▍[38;2;132;5;5;48;2;234;3;3m╾[38;2;175;6;6;48;2;242;2;2m▃[38;2;168;10;9;48;2;248;1;1m▃[0m[7m[38;2;236;3;2m▂[38;2;235;2;2m▃[38;2;199;3;3m▄[38;2;116;5;5m▆[0m[38;2;1;0;0m               [0m
 [38;2;0;0;0m                [0m [7m[38;2;187;5;5m▆[38;2;203;3;3m▄[0m[38;2;36;1;1;48;2;171;6;6m▖[38;2;242;1;1;48;2;176;4;4m▇[48;2;251;0;0m     [38;2;156;6;6;48;2;236;3;3m▝[0m[7m[38;2;218;5;5m▄[38;2;201;3;3m▄[38;2;141;7;7m▆[0m[38;2;3;0;0m                   [0m
 [38;2;0;0;0m                   [0m [7m[38;2;185;4;4m▅[38;2;209;2;2m▃[38;2;228;1;1m▃[38;2;219;3;2m▃[38;2;228;3;3m▃[38;2;237;2;2m▄[38;2;170;5;5m▅[0m [38;2;0;0;0m                     [0m[u[0m [38;2;0;0;0m                                               [0m [38;2;0;0;0m [0m
 [38;2;0;0;0m                             [38;2;80;3;3m▁[38;2;183;8;7m▂[38;2;211;5;4m▃[38;2;172;5;5m▄[38;2;171;6;6m┙[0m [38;2;0;0;0m          [0m [38;2;168;6;5m▃[38;2;144;10;9m▘ [0m
 [38;2;0;0;0m                         [0m [38;2;180;7;6m▂[38;2;216;5;5m▅[38;2;192;6;5m▇[7m[38;2;214;5;5m▃[38;2;210;4;4m▅[38;2;117;4;4m▆[0m [38;2;0;0;0m     [0m [38;2;130;10;10m▖   [38;2;104;4;4m▂[38;2;198;6;6m▄[7m[38;2;162;5;5m▂[0m[38;2;161;5;4m▘  [0m
 [38;2;0;0;0m                        [38;2;131;5;5m▗[7m[38;2;222;4;3m▘[0m[38;2;240;4;3;48;2;214;7;7m▉[0m[38;2;194;6;6m▘[0m   [38;2;40;5;4m     [0m [38;2;171;5;5m▄[7m[38;2;169;6;6m▗[0m [38;2;0;0;0m [0m [7m[38;2;168;9;9m▘[38;2;170;6;6m▗[38;2;116;5;5m▆[0m[38;2;3;0;0m    [0m
 [38;2;0;0;0m┈┈[38;2;73;4;4m▁[0m [38;2;0;0;0m       [0m [38;2;127;8;7m▇[0m [38;2;0;0;0m      [38;2;72;10;9m▂  [0m [38;2;74;2;2;48;2;227;5;4m▎[38;2;244;0;0;48;2;242;2;1m▄╴[0m[38;2;233;2;2m▆[38;2;204;3;2m▆[38;2;229;3;3;48;2;89;5;5m▆[0m[38;2;182;6;6m▋    [38;2;157;13;13m▗[7m[38;2;175;6;5m▂[38;2;190;5;5m▅[0m [38;2;0;0;0m  [0m [7m[38;2;100;7;6m▅[0m [38;2;13;0;0m     [0m
 [38;2;0;0;0m  [7m[38;2;117;6;6m▋[0m[38;2;209;1;1;48;2;11;0;0m▋[0m [38;2;0;0;0m       [7m[38;2;146;6;6m▖[38;2;176;5;4m▝[0m[38;2;24;1;1m▖    [7m[38;2;90;7;6m▉[38;2;178;9;9m▝[0m[38;2;113;5;5m▂  [38;2;184;6;6m▝[38;2;208;5;5;48;2;245;1;1m▏[38;2;251;0;0;48;2;247;0;0m▄▄▄▄[48;2;238;1;1m╴[0m[38;2;223;3;2m▄[38;2;229;2;2m▄[38;2;180;5;5m▋ [0m [38;2;0;0;0m  [38;2;32;3;2m▁[0m [38;2;199;9;8m▗[38;2;72;3;3m▖       [0m
 [38;2;0;0;0m [0m [38;2;9;0;0;48;2;192;3;3m▌[38;2;246;1;1;48;2;128;1;1m▊[0m[38;2;1;0;0m╴       [0m [7m[38;2;218;4;3m▖[0m[38;2;64;2;2;48;2;232;2;2m▝[0m[38;2;115;4;4m▖  [38;2;60;5;5m╷[38;2;92;5;5m▁[38;2;88;4;3m▝[38;2;164;7;6;48;2;239;3;3m▏[0m[38;2;232;1;1m▇[38;2;215;2;2m▅[38;2;229;3;3m▄[38;2;216;4;4;48;2;249;1;1m▏[48;2;251;0;0m     [0m[7m[38;2;209;4;4m▗[38;2;166;3;3m▖[0m[38;2;212;6;5;48;2;40;0;0m▊[0m [38;2;3;0;0m  [38;2;206;7;7m▗[38;2;185;8;8m▋[0m [7m[38;2;172;7;7m▘[0m[38;2;124;5;5m▘[38;2;139;11;10m▗[0m [38;2;0;0;0m   [38;2;182;11;11m▗[38;2;71;5;5m▎[0m
 [38;2;0;0;0m  [0m [7m[38;2;60;1;1m╴[0m[38;2;15;1;1;48;2;161;2;2m▂[38;2;76;1;1;48;2;40;1;1m╴[0m [38;2;0;0;0m      [0m [7m[38;2;196;3;3m▖[0m[38;2;238;2;2;48;2;165;4;3m▇[0m[38;2;170;3;3m▄[0m  [38;2;58;2;2;48;2;205;5;5m▖[0m[38;2;238;1;1m▇[48;2;251;0;0m         [38;2;248;1;1;48;2;174;9;8m▊[0m[38;2;133;5;5m▗[38;2;132;5;5m▅[7m[38;2;70;8;7m▆[0m[38;2;1;0;0m [0m [38;2;191;4;4m▗[38;2;165;3;3;48;2;236;2;2m▏[38;2;230;2;2;48;2;130;5;5m▉[0m[38;2;80;3;3m▏[38;2;117;8;8m▘[0m [38;2;57;2;2;48;2;216;6;5m▍[0m[7m[38;2;224;3;3m▝[0m[38;2;101;6;6m▖  [7m[38;2;165;7;6m▍[0m[38;2;198;5;5m▌[0m
[38;2;41;4;4m▁    [0m  [38;2;8;0;0;48;2;133;7;6m▍[0m[38;2;208;4;4m▄[38;2;92;5;5m▁   [0m [38;2;67;5;5m▚[38;2;120;9;8m▖[38;2;51;2;1;48;2;214;6;5m▍[38;2;251;0;0;48;2;248;1;1m┈[38;2;37;1;1;48;2;150;5;5m▝[0m[38;2;173;7;7m▖[38;2;57;2;2;48;2;219;4;3m▘[48;2;251;0;0m          [38;2;251;0;0;48;2;249;0;0m┈[48;2;223;6;6m▇[48;2;235;1;1m┈[0m[38;2;241;2;2m▅[38;2;233;2;2m▆[38;2;244;1;1;48;2;98;4;4m▇[48;2;251;0;0m  [38;2;235;2;2;48;2;153;5;5m▉[0m[38;2;71;3;3m▎[0m [7m[38;2;182;5;5m▘[0m[38;2;251;0;0;48;2;248;1;1m┈[38;2;66;3;3;48;2;226;2;2m▁[0m[38;2;150;8;8m▘  [7m[38;2;154;7;6m▌[0m[38;2;244;2;2;48;2;157;12;11m▉[0m
[7m[38;2;163;8;8m▍[0m[38;2;147;6;5m▖[38;2;17;1;1m╶[38;2;134;8;7m▃[0m [38;2;54;5;4m▃ [38;2;9;0;0m▝[7m[38;2;150;4;4m▖[0m[38;2;237;2;2;48;2;155;5;4m▇[0m[38;2;163;4;4m▄[0m [38;2;79;7;6m▁ [38;2;158;9;9m▗[38;2;106;6;6;48;2;11;0;0m▖[38;2;78;3;3;48;2;234;5;5m▍[48;2;251;0;0m [38;2;251;0;0;48;2;246;1;1m╴[38;2;237;2;2;48;2;140;5;5m▅[38;2;251;0;0;48;2;250;0;0m┈[48;2;251;0;0m     [38;2;142;5;5;48;2;244;2;2m▗[38;2;71;2;2;48;2;234;3;3m▖[38;2;251;0;0;48;2;248;1;1m┈[38;2;74;3;2;48;2;241;1;1m▂[38;2;79;3;3;48;2;240;2;2m▄[38;2;38;0;0;48;2;166;7;7m┓[38;2;241;3;3;48;2;251;0;0m▏  [38;2;128;4;4;48;2;245;1;1m▗[38;2;184;5;5;48;2;243;1;1m▁[48;2;251;0;0m  [38;2;51;1;1;48;2;217;4;4m▝[0m [38;2;202;9;9m▗[7m[38;2;164;5;5m▗[38;2;140;5;5m▆[0m[38;2;145;7;6m▗[38;2;190;5;5;48;2;52;5;4m▆[0m [38;2;0;0;0m [7m[38;2;87;4;3m▋[38;2;217;6;6m▗[0m
[38;2;89;4;4m▝[38;2;72;3;3;48;2;195;6;6m▖[0m[38;2;159;7;7m▖[7m[38;2;67;3;3m▌[38;2;192;8;7m▝[0m[38;2;31;0;0;48;2;144;7;6m▘[0m[38;2;220;5;5m▅[38;2;165;4;4m▅[38;2;32;1;1m╱[38;2;23;0;0;48;2;184;6;5m▖[38;2;250;0;0;48;2;242;2;1m╴[0m[38;2;97;4;4m▌[7m[38;2;120;6;6m▍[0m[38;2;164;6;6m▃[38;2;32;0;0;48;2;212;4;4m▎[38;2;40;1;1;48;2;216;4;4m▝[38;2;230;6;5;48;2;93;3;3m▝[38;2;251;0;0;48;2;247;1;1m┊[38;2;247;0;0;48;2;250;0;0m╻[38;2;178;7;7;48;2;247;1;1m▁[38;2;251;0;0;48;2;249;0;0m┈[38;2;241;3;3;48;2;251;0;0m▁[38;2;251;0;0;48;2;250;0;0m┈[48;2;249;0;0m▉[38;2;85;3;3;48;2;238;2;2m▗[38;2;59;1;1;48;2;174;4;4m━[38;2;230;3;3;48;2;67;3;3m▅[38;2;222;7;7;48;2;109;6;6m▝[38;2;184;5;5;48;2;66;2;2m▚[38;2;228;2;2;48;2;59;2;2m▆[38;2;251;0;0;48;2;242;1;1m╴[38;2;86;1;1;48;2;181;8;8m┃[38;2;245;1;1;48;2;250;0;0m▏[48;2;251;0;0m [38;2;246;1;1;48;2;191;9;8m▉[38;2;187;11;11;48;2;55;2;2m▁[38;2;215;10;10;48;2;68;2;2m▁[38;2;178;6;6;48;2;238;2;2m▏[48;2;251;0;0m [38;2;251;0;0;48;2;242;2;2m╴[38;2;60;0;0;48;2;163;9;8m╏[38;2;236;3;3;48;2;138;6;6m▊[0m[7m[38;2;54;2;2m▉[0m[38;2;159;7;7m▄[7m[38;2;202;5;5m▎[0m[38;2;251;0;0;48;2;247;1;1m┊[0m[38;2;144;6;6m▍ [38;2;61;6;6m▝[7m[38;2;77;6;6m▇[0m
[38;2;37;1;1m▂[0m [7m[38;2;51;5;4m▅[0m [38;2;214;7;6;48;2;41;1;1m▝[38;2;246;0;0;48;2;238;2;2m┊[48;2;247;0;0m [38;2;101;6;5;48;2;218;5;5m▗[38;2;19;0;0;48;2;116;6;6m▁[0m[7m[38;2;55;3;3m▚[0m[38;2;53;5;4;48;2;217;4;4m▖[38;2;148;6;5;48;2;75;9;8m╴[0m[38;2;24;125;125m▂[38;2;13;55;55;48;2;144;7;7m▖[38;2;247;0;0;48;2;234;2;2m┈[38;2;251;0;0;48;2;247;0;0m▁[38;2;242;1;1;48;2;155;6;6m▇[38;2;176;8;7;48;2;244;1;1m▘[38;2;251;0;0;48;2;247;0;0m▁[38;2;85;3;3;48;2;236;3;3m▝[38;2;58;2;2;48;2;187;6;6m▇[38;2;33;2;2;48;2;205;7;7m▅[38;2;72;3;3;48;2;150;7;7m▌[38;2;142;6;6;48;2;227;4;4m╴[38;2;89;2;2;48;2;184;6;6m┛[38;2;247;0;0;48;2;246;1;1m┊[38;2;251;0;0;48;2;247;0;0m▁[38;2;109;4;4;48;2;233;2;2m▝[38;2;247;0;0;48;2;242;1;1m┈[38;2;251;0;0;48;2;248;0;0m▁[38;2;239;2;2;48;2;165;6;6m▉[38;2;105;3;3;48;2;214;8;8m▌[38;2;87;3;3;48;2;235;2;1m▃[38;2;98;1;1;48;2;233;2;2m╴[38;2;247;0;0;48;2;248;0;0m┈[38;2;248;0;0;48;2;241;4;3m▇[48;2;245;1;1m▇[48;2;242;3;3m▇[38;2;247;0;0;48;2;251;0;0m▇[48;2;248;0;0m╴[38;2;120;4;4;48;2;222;4;3m▝[38;2;89;3;3;48;2;226;4;3m▖[0m[38;2;186;6;6m▋[7m[38;2;168;4;4m▄[0m[38;2;215;4;4;48;2;245;1;1m▏[38;2;247;0;0;48;2;231;2;2m╴[0m[38;2;148;6;6m▘   [0m
[38;2;42;1;1;48;2;208;4;4m▌[0m[38;2;135;4;4m▌ [0m [38;2;129;8;8m▃[0m [7m[38;2;163;4;4m▅[0m[38;2;14;95;94m▁[38;2;11;206;205m▆[38;2;8;227;226m▆[38;2;12;230;230;48;2;57;108;108m▇[38;2;9;228;227;48;2;57;77;76m▄[38;2;15;244;243;48;2;2;252;251m▏[38;2;0;252;251;48;2;5;243;242m┈[38;2;16;204;203;48;2;79;43;43m▄[38;2;85;12;12;48;2;239;3;2m▖[38;2;250;0;0;48;2;243;2;2m╴[38;2;251;0;0;48;2;240;2;2m┈[38;2;206;7;7;48;2;246;1;1m▁[38;2;248;0;0;48;2;250;0;0m┈[38;2;251;0;0;48;2;246;1;1m┈[38;2;237;2;2;48;2;84;4;3m▆[38;2;37;0;0;48;2;194;6;6m▘[38;2;251;0;0;48;2;249;0;0m▇[48;2;248;0;0m▇[48;2;251;0;0m [48;2;248;1;1m┈[48;2;245;1;1m┈[48;2;251;0;0m [38;2;250;0;0;48;2;247;1;1m▉[38;2;204;5;5;48;2;60;2;2m▌[38;2;157;12;11;48;2;91;5;5m╹[38;2;68;2;2;48;2;230;3;3m▘[48;2;251;0;0m   [38;2;251;0;0;48;2;240;1;1m╴[38;2;39;1;1;48;2;229;2;2m▃[38;2;16;0;0;48;2;234;4;4m▅[38;2;17;0;0;48;2;233;4;3m▅[38;2;82;3;3;48;2;232;4;4m▖[38;2;89;3;3;48;2;187;8;7m▚[0m[38;2;173;8;8m▋[7m[38;2;173;5;5m▍[0m[38;2;248;0;0;48;2;212;3;3m╴[0m[38;2;132;5;5m▘[38;2;136;6;5m▃   [0m
[7m[38;2;159;2;2m▖[0m[38;2;215;3;3;48;2;42;1;1m▌[0m  [38;2;32;1;1;48;2;209;6;6m▍[38;2;213;6;6;48;2;42;0;0m▌[0m[38;2;87;5;5m▅[38;2;13;244;243;48;2;12;65;64m▝[38;2;11;69;68;48;2;12;232;231m▆[38;2;8;59;59;48;2;15;246;245m▇[38;2;3;24;23;48;2;18;244;243m▇[38;2;6;57;56;48;2;18;247;246m▇[38;2;14;228;227;48;2;6;100;99m▄[38;2;6;54;53;48;2;27;183;182m▗[38;2;17;101;100;48;2;18;242;242m▆[38;2;185;7;7;48;2;16;15;15m▝[38;2;116;4;4;48;2;232;2;2m▁[38;2;85;2;2;48;2;198;7;7m▚[38;2;137;6;5;48;2;210;6;5m▝[38;2;186;8;7;48;2;245;2;2m▏[38;2;249;0;0;48;2;251;0;0m▁ [38;2;251;0;0;48;2;249;0;0m▇[38;2;248;0;0;48;2;251;0;0m▗[38;2;98;3;3;48;2;218;4;4m▗[38;2;220;12;11;48;2;244;2;2m▏[38;2;192;6;6;48;2;112;4;4m▚[38;2;249;0;0;48;2;243;2;2m┊[48;2;251;0;0m [38;2;250;0;0;48;2;240;3;3m▉[38;2;215;5;5;48;2;75;4;3m▂[38;2;245;2;2;48;2;233;3;3m┊[48;2;251;0;0m  [38;2;251;0;0;48;2;246;1;1m┈[38;2;60;2;2;48;2;226;2;2m▃[38;2;120;5;4;48;2;7;0;0m▘[48;2;0;0;0m   [38;2;13;0;0;48;2;159;8;8m▊[38;2;233;4;4;48;2;171;4;4m▇[38;2;58;7;6;48;2;152;8;7m▝[38;2;143;5;5;48;2;238;3;3m▏[38;2;215;8;8;48;2;77;2;2m▌[38;2;127;6;6;48;2;242;2;2m▘[0m[38;2;203;6;6m▋   [0m
 [7m[38;2;96;4;3m▅[0m[38;2;64;2;2;48;2;22;1;1m╍[38;2;135;11;10;48;2;10;0;0m▄[38;2;106;4;4;48;2;238;3;3m▎[38;2;138;5;4;48;2;240;3;3m▝[38;2;234;3;3;48;2;145;6;6m▉[38;2;90;3;3;48;2;13;0;0m▏[38;2;33;133;133;48;2;3;21;21m┗[38;2;5;37;36;48;2;21;172;172m▘[38;2;15;105;104;48;2;16;223;222m─[38;2;20;118;117;48;2;32;207;206m▋[38;2;45;190;189;48;2;18;129;128m┏[38;2;147;9;8;48;2;36;110;109m▄[38;2;197;10;10;48;2;75;54;54m▗[38;2;123;6;6;48;2;22;108;107m▖[38;2;28;117;117;48;2;8;14;14m▏[38;2;3;0;0;48;2;98;12;10m▇[38;2;223;6;6;48;2;37;1;1m▝[38;2;72;3;3;48;2;247;1;1m▂[38;2;93;3;3;48;2;193;5;5m┎[38;2;177;5;5;48;2;239;2;2m▏[38;2;116;3;3;48;2;234;3;3m▗[38;2;231;8;7;48;2;249;0;0m▎[38;2;210;7;7;48;2;71;2;2m▍[38;2;74;4;3;48;2;220;5;5m▖[38;2;105;4;4;48;2;192;7;7m▚[38;2;153;5;5;48;2;244;1;1m▂[48;2;251;0;0m   [38;2;249;0;0m▁[38;2;141;6;5;48;2;246;1;1m▁[38;2;29;1;1;48;2;217;2;2m▃[38;2;129;6;5;48;2;22;1;1m▚[38;2;118;9;8;48;2;1;0;0m▖[48;2;0;0;0m    [38;2;15;0;0;48;2;160;7;6m▊[38;2;222;12;12;48;2;249;0;0m▏[38;2;212;10;10;48;2;245;1;1m▁[38;2;251;0;0;48;2;249;0;0m┈[38;2;112;4;4;48;2;180;8;8m┢[38;2;236;6;6;48;2;249;0;0m▎[0m[38;2;181;6;6m▌   [0m
 [38;2;0;0;0m [0m [38;2;64;3;3;48;2;189;8;7m▖[38;2;248;0;0;48;2;251;0;0m▏  [38;2;202;5;4;48;2;71;3;3m▌[38;2;28;2;2;48;2;2;2;2m╴[38;2;14;61;60;48;2;0;4;3m▁[38;2;6;54;54;48;2;21;187;186m▆[38;2;7;61;60;48;2;26;175;174m▆[38;2;2;61;60;48;2;29;158;157m▁[38;2;37;120;120;48;2;138;7;6m▇[38;2;35;152;151;48;2;147;9;8m▅[38;2;43;91;90;48;2;24;163;162m▘[38;2;15;236;235;48;2;21;134;133m▅[38;2;3;20;19;48;2;9;87;87m▉[38;2;21;240;239;48;2;7;30;30m▄[38;2;30;112;112;48;2;6;11;11m▏[38;2;175;8;8;48;2;73;8;7m▅[38;2;201;6;6;48;2;134;3;3m▅[38;2;239;1;1;48;2;129;6;6m▆[48;2;251;0;0m [38;2;251;0;0;48;2;248;1;1m┈[38;2;229;2;2;48;2;53;2;2m▆[38;2;230;5;4;48;2;96;3;3m▃[38;2;17;0;0;48;2;175;9;9m━[38;2;69;4;4;48;2;234;6;6m▅[38;2;22;0;0;48;2;242;3;3m▅[38;2;7;0;0;48;2;218;4;3m▅[38;2;6;0;0;48;2;186;6;6m▆[38;2;0;0;0;48;2;9;0;0m┈[38;2;118;6;6;48;2;33;2;2m▝[38;2;7;0;0;48;2;149;7;7m▄[38;2;102;5;4;48;2;1;0;0m▘[48;2;0;0;0m  [38;2;0;0;0;48;2;2;0;0m┈[38;2;177;6;6;48;2;20;1;1m▂[38;2;97;5;5;48;2;235;4;3m▘[38;2;160;6;6;48;2;224;3;3m┎[38;2;168;7;6;48;2;233;3;3m▘[38;2;251;0;0;48;2;250;0;0m┊[38;2;37;1;1;48;2;190;4;4m▗[0m[7m[38;2;155;9;8m▄[0m [38;2;0;0;0m   [0m
 [38;2;0;0;0m  [38;2;104;5;5m▝[38;2;69;3;2;48;2;231;2;2m▂[38;2;251;0;0;48;2;248;1;1m┈[38;2;240;2;2;48;2;156;13;12m▉[38;2;96;6;6;48;2;10;0;0m▏[38;2;2;26;26;48;2;25;173;172m▌[38;2;23;126;125;48;2;12;232;232m▂[38;2;14;208;207;48;2;19;117;116m▅[38;2;17;224;223;48;2;8;54;54m▄[38;2;16;229;228;48;2;12;76;75m▃[38;2;0;21;20;48;2;25;163;162m─[38;2;28;210;209;48;2;16;122;122m▂[38;2;28;215;214;48;2;21;118;118m▂[38;2;19;230;229;48;2;9;53;52m▂[38;2;16;219;218;48;2;0;4;4m▃[38;2;14;222;221;48;2;0;12;12m▄[38;2;21;166;165;48;2;3;9;9m▖[38;2;0;0;0;48;2;16;14;14m┈[38;2;167;5;5;48;2;22;48;48m▝[38;2;64;3;3;48;2;216;4;4m▆[38;2;91;5;4;48;2;238;3;3m▆[38;2;107;4;4;48;2;248;1;1m▂[38;2;251;0;0;48;2;249;0;0m╴[38;2;155;7;6;48;2;239;3;3m╺[38;2;117;4;4;48;2;182;7;6m▗[38;2;136;7;6;48;2;182;7;7m┗[38;2;141;7;7;48;2;155;8;7m┮[38;2;170;9;8;48;2;34;1;1m▆[38;2;186;8;8;48;2;16;0;0m▅[38;2;178;8;8;48;2;21;0;0m▄[38;2;166;10;10;48;2;4;0;0m▄[38;2;175;7;7;48;2;1;0;0m▄[38;2;183;7;6;48;2;3;0;0m▄[38;2;188;7;7;48;2;24;1;1m▄[38;2;179;6;6;48;2;4;0;0m▆[38;2;202;6;5;48;2;77;3;3m▇[38;2;158;7;7;48;2;235;3;3m━[38;2;130;5;5;48;2;206;4;4m▁[38;2;97;3;3;48;2;226;3;3m▃[38;2;160;6;6;48;2;243;1;1m╸[38;2;91;6;6;48;2;237;3;2m▗[0m[38;2;22;171;170m▃[38;2;18;152;151m▁    [0m
 [38;2;0;0;0m  [0m [38;2;139;9;9m╾[7m[38;2;113;5;5m▘[0m[38;2;55;3;3;48;2;226;4;4m▅[38;2;183;10;10;48;2;60;3;3m╾[38;2;16;152;151;48;2;18;8;8m▝[38;2;54;29;29;48;2;14;231;230m▄[38;2;2;19;19;48;2;25;198;198m▂[38;2;7;67;66;48;2;25;159;158m━[38;2;2;58;57;48;2;26;193;192m╴[38;2;4;82;81;48;2;21;214;213m╶[38;2;18;103;103;48;2;16;222;221m─[38;2;0;35;34;48;2;18;207;207m▁[38;2;1;18;17;48;2;10;239;238m▄[38;2;0;1;1;48;2;9;224;223m▄[38;2;5;37;36;48;2;17;230;229m▅[38;2;22;153;152;48;2;4;27;27m▁[38;2;13;70;70;48;2;15;198;197m▍[38;2;3;3;3;48;2;16;181;180m▝[38;2;5;4;4;48;2;141;10;9m▆[38;2;146;7;7;48;2;19;0;0m▗[38;2;227;7;6;48;2;105;4;4m▖[38;2;151;6;6;48;2;242;3;3m▎[48;2;251;0;0m [38;2;247;1;1;48;2;180;5;5m▇[38;2;230;2;2;48;2;75;3;3m▅[38;2;33;0;0;48;2;170;5;5m╾[38;2;74;3;3;48;2;174;5;5m▂[38;2;82;2;2;48;2;195;4;4m╺[38;2;79;2;2;48;2;194;3;3m┭[38;2;30;0;0;48;2;232;3;2m▃[38;2;41;1;1;48;2;244;2;2m▃[38;2;7;0;0;48;2;227;2;2m▂[38;2;34;1;1;48;2;241;3;3m▃[38;2;64;2;2;48;2;245;2;2m▄[38;2;88;3;3;48;2;238;3;3m▅[38;2;32;1;1;48;2;172;4;4m━[38;2;213;4;4;48;2;68;3;3m▅[38;2;46;28;27;48;2;220;4;4m▂[38;2;21;131;130;48;2;158;3;3m▃[38;2;12;248;247;48;2;23;75;74m╺[38;2;15;215;214;48;2;15;123;122m▅[38;2;9;69;68;48;2;18;207;206m╾[0m[38;2;14;168;168m▆[38;2;14;180;179m▃[0m [38;2;0;0;0m [0m
 [38;2;0;0;0m    [0m [7m[38;2;11;0;0m▇[0m[38;2;155;9;9;48;2;17;2;2m▗[38;2;141;6;6;48;2;10;0;0m▖[38;2;33;3;3;48;2;136;8;8m▄[38;2;10;0;0;48;2;0;0;0m▏ [38;2;0;0;0;48;2;0;2;2m▇[48;2;0;5;5m▇[48;2;0;2;2m┈[38;2;22;173;172m▂[38;2;17;211;210;48;2;0;0;0m▃[38;2;14;206;205m▃[38;2;9;56;55;48;2;9;238;237m▘[38;2;0;252;251;48;2;4;250;249m┈[38;2;18;201;200;48;2;3;37;37m▋[38;2;19;120;119;48;2;9;246;245m▎[38;2;6;244;243;48;2;17;96;96m▇[38;2;25;143;142;48;2;18;10;10m▎[38;2;226;6;5;48;2;54;2;2m▗[38;2;136;4;4;48;2;229;3;3m▁[38;2;96;4;4;48;2;241;2;2m▖[48;2;251;0;0m  [38;2;208;10;10;48;2;250;0;0m▁[38;2;234;2;2;48;2;110;5;5m▇[38;2;50;1;1;48;2;166;6;6m▚[38;2;29;1;1;48;2;219;3;3m▃[38;2;106;5;5;48;2;226;3;3m▁[38;2;236;2;2;48;2;36;0;0m▇[38;2;249;1;1;48;2;83;4;3m▆[38;2;245;1;1;48;2;98;3;3m▇[38;2;251;0;0;48;2;230;3;3m┈[38;2;30;148;147;48;2;191;10;10m▃[38;2;12;234;233;48;2;116;12;11m▅[38;2;22;29;29;48;2;19;172;171m▘[38;2;15;112;111;48;2;13;226;225m▂[38;2;0;252;251;48;2;3;250;249m┈[38;2;12;226;225;48;2;17;122;121m▇[38;2;26;223;222;48;2;11;66;66m▁[38;2;12;75;75;48;2;11;212;211m▅[38;2;17;101;100;48;2;17;193;192m▂[38;2;16;107;106;48;2;17;199;198m▘[0m[38;2;17;195;195m▋ [0m
 [38;2;0;0;0m      [0m [7m[38;2;116;7;6m▄[0m[38;2;1;0;0;48;2;0;0;0m┈[38;2;0;0;0m┈[38;2;87;11;10;48;2;3;0;0m▁[48;2;0;0;0m [38;2;1;8;8;48;2;19;88;87m▉[38;2;13;76;75;48;2;12;235;234m▘[38;2;16;111;110;48;2;7;238;237m▗[38;2;18;106;105;48;2;7;246;245m▃[38;2;12;77;76;48;2;5;244;243m▂[38;2;0;252;251;48;2;14;238;237m┊[38;2;21;228;227;48;2;11;98;97m▗[38;2;8;244;243;48;2;13;82;81m▄[38;2;0;252;251;48;2;3;251;250m┈[38;2;3;251;250;48;2;49;217;216m▉[38;2;15;121;120;48;2;3;10;10m▏[38;2;144;8;8;48;2;78;5;4m┐[38;2;226;3;3;48;2;101;4;4m▅[38;2;251;0;0;48;2;245;1;1m┈[38;2;20;0;0;48;2;219;4;4m▗[38;2;35;1;1;48;2;181;7;7m▆[38;2;222;6;6;48;2;76;3;3m▄[38;2;110;4;4;48;2;237;3;3m▂[38;2;193;8;7;48;2;36;1;1m▘[38;2;143;8;8;48;2;3;0;0m▄[38;2;204;7;7;48;2;65;4;4m╼[38;2;163;7;6;48;2;107;4;3m▄[38;2;73;2;2;48;2;187;4;4m┑[38;2;168;6;6;48;2;240;2;2m▁[0m[38;2;168;6;6m▍[7m[38;2;12;206;205m▄[0m[38;2;15;98;98;48;2;5;240;239m▁[38;2;0;252;251;48;2;1;252;251m┈[38;2;6;243;242;48;2;17;136;135m▇[38;2;19;210;209;48;2;15;92;92m▖[38;2;4;23;23;48;2;25;158;157m▅[38;2;0;7;7;48;2;11;227;226m▃[38;2;0;9;9;48;2;9;238;237m▂[38;2;12;98;97;48;2;11;242;241m▂[38;2;30;171;170;48;2;12;234;233m▗[0m[38;2;17;175;174m▘ [0m
 [38;2;0;0;0m         [0m [7m[38;2;46;3;3m╴[0m[38;2;0;0;0;48;2;3;0;0m┈[48;2;0;2;2m┈[38;2;11;80;79;48;2;33;222;221m▇[38;2;18;111;111;48;2;7;244;243m▘[38;2;0;252;251;48;2;10;250;249m▇[38;2;4;250;249;48;2;25;175;175m▇[38;2;11;244;243;48;2;14;80;79m▖[38;2;9;77;76;48;2;18;200;199m▎[38;2;14;84;83;48;2;17;198;197m╺[38;2;13;85;84;48;2;15;213;212m╼[38;2;15;89;88;48;2;19;211;210m┭[38;2;1;47;46;48;2;25;177;176m─[38;2;29;144;143;48;2;33;35;34m▂[38;2;10;2;2;48;2;196;13;12m▇[38;2;168;8;8;48;2;83;3;3m▃[38;2;236;5;5;48;2;34;1;1m▂[38;2;224;7;6;48;2;16;0;0m▂[38;2;227;3;3;48;2;41;1;1m▃[38;2;215;4;4;48;2;59;2;2m▅[38;2;23;192;191;48;2;124;13;13m▗[38;2;7;240;239;48;2;34;62;62m▆[38;2;2;251;250;48;2;33;171;170m▇[38;2;37;83;82;48;2;8;239;238m▝[38;2;26;156;156;48;2;167;16;16m▖[38;2;127;6;5;48;2;198;7;6m┗[0m[38;2;94;5;5m▎ [0m [7m[38;2;21;184;183m▆[38;2;20;183;182m▅[38;2;19;211;210m▃[38;2;14;237;236m▂[38;2;11;196;194m▁[38;2;13;210;209m▂[38;2;12;234;233m▃[0m[38;2;16;206;205m▘  [0m
 [38;2;0;0;0m         [0m [38;2;17;180;179m▂[38;2;10;219;218m▄[38;2;7;241;240;48;2;11;69;69m▆[38;2;0;252;251;48;2;2;250;249m┈[48;2;0;252;251m  [38;2;20;113;112;48;2;5;245;244m▁[38;2;10;243;242;48;2;9;46;45m▘[38;2;2;13;13;48;2;22;204;203m▆[38;2;4;18;18;48;2;20;230;229m▆[38;2;0;10;10;48;2;21;195;194m▆[38;2;0;2;2;48;2;25;156;155m▅[38;2;0;5;5;48;2;19;191;190m▅[38;2;1;10;10;48;2;28;165;164m▅[48;2;0;0;0m [38;2;185;7;6;48;2;9;0;0m▝[38;2;13;0;0;48;2;236;4;4m▄[38;2;14;0;0;48;2;237;4;4m▄[38;2;11;0;0;48;2;219;4;4m▅[38;2;9;0;0;48;2;117;4;4m▇[38;2;21;231;230;48;2;5;30;30m▝[38;2;20;178;177;48;2;4;249;248m▁[48;2;0;252;251m  [38;2;0;252;251;48;2;3;249;248m┈[38;2;9;228;227;48;2;102;33;33m▆[38;2;14;221;221;48;2;119;21;21m▃[0m[38;2;22;140;139m▁           [0m
 [38;2;0;0;0m     [38;2;14;80;79m╶[38;2;19;123;122m▄[38;2;19;184;184m▅[38;2;10;210;209m▆[38;2;2;55;54;48;2;10;237;236m▁[0m[7m[38;2;6;248;247m▁[38;2;7;241;240m▁[0m[38;2;1;29;29;48;2;6;248;247m▂[38;2;10;23;23;48;2;8;245;244m▃[38;2;7;7;7;48;2;10;231;230m▄[38;2;2;11;11;48;2;19;205;204m▆[38;2;1;8;8;48;2;17;111;110m▉[38;2;17;223;222;48;2;8;36;36m▆[38;2;14;199;198;48;2;3;14;14m▃[38;2;0;0;0;48;2;2;9;9m┈[38;2;16;92;91;48;2;0;1;0m▁[38;2;22;102;101;48;2;0;2;2m▁[48;2;0;0;0m    [38;2;6;59;58m▁[38;2;0;21;20m▁[38;2;18;107;106;48;2;2;9;9m▁[38;2;10;225;224;48;2;9;58;58m▄[38;2;25;198;197;48;2;2;17;16m▍[38;2;0;2;2;48;2;12;87;86m▇[38;2;2;6;6;48;2;14;203;202m▅[38;2;7;6;5;48;2;11;226;225m▃[38;2;2;23;23;48;2;6;242;241m▂[38;2;2;44;43;48;2;6;246;245m▁[38;2;45;179;178;48;2;1;252;251m▁[38;2;0;252;251;48;2;7;247;246m┈[0m[38;2;9;237;236m▇[38;2;12;224;223m▆[38;2;16;237;236m▄[38;2;20;180;179m▃[0m [38;2;0;0;0m      [0m
 [38;2;0;0;0m            [38;2;174;6;6m▝[38;2;231;3;3;48;2;135;7;7m▇[38;2;83;4;4;48;2;238;3;3m▝[38;2;179;6;6;48;2;14;0;0m▂[38;2;88;2;2;48;2;1;1;1m▁[38;2;30;11;10;48;2;14;173;172m▃[38;2;92;31;31;48;2;7;246;245m▃[38;2;27;219;218;48;2;107;20;20m▘[38;2;210;3;3;48;2;29;123;122m▅[38;2;245;1;1;48;2;55;50;49m▅[38;2;238;4;3;48;2;51;1;1m▆[38;2;229;3;3;48;2;78;5;5m▆[38;2;237;3;3;48;2;62;2;2m▆[38;2;234;3;3;48;2;16;0;0m▆[38;2;223;3;3;48;2;22;64;63m▅[38;2;184;10;10;48;2;26;135;134m▄[38;2;145;9;9;48;2;16;218;217m▂[38;2;29;36;36;48;2;11;224;223m▄[38;2;0;0;0;48;2;15;13;13m┈[38;2;176;6;6;48;2;6;0;0m▂[38;2;10;0;0;48;2;201;5;4m▘[38;2;245;2;2;48;2;129;8;8m▇[0m[7m[38;2;168;4;4m▂[0m [7m[38;2;0;10;10m▇[38;2;2;53;52m▇[38;2;3;34;33m▇[0m  [38;2;0;0;0m        [0m
 [38;2;0;0;0m             [7m[38;2;115;4;4m▇[38;2;195;3;3m▄[38;2;213;2;2m▃[0m[38;2;91;6;6;48;2;226;4;4m▃[38;2;169;6;6;48;2;208;4;4m╷[38;2;155;5;5;48;2;221;3;3m┬[38;2;103;2;2;48;2;234;4;4m╼[38;2;80;4;3;48;2;192;5;5m┳[38;2;217;3;3;48;2;106;4;4m▄[38;2;245;2;2;48;2;69;3;3m▅[38;2;244;2;2;48;2;32;1;1m▅[38;2;245;2;2;48;2;53;1;1m▅[38;2;205;4;4;48;2;102;4;3m▄[38;2;144;9;9;48;2;205;5;5m━[38;2;141;5;4;48;2;225;3;3m─[38;2;183;6;6;48;2;221;3;3m╻[38;2;148;7;6;48;2;241;4;3m▂[38;2;51;2;2;48;2;241;3;3m▂[0m[7m[38;2;242;2;2m▃[38;2;215;3;3m▄[38;2;142;5;5m▆[0m[38;2;3;0;0m               [0m
 [38;2;0;0;0m                [0m [7m[38;2;169;4;4m▅[38;2;222;3;3m▄[0m[38;2;39;1;1;48;2;181;6;5m▖[38;2;176;5;5;48;2;248;1;1m▘[48;2;251;0;0m     [38;2;154;6;6;48;2;232;3;3m▝[0m[7m[38;2;205;4;3m▃[38;2;218;3;3m▄[38;2;169;6;6m▆[0m [38;2;0;0;0m                  [0m
 [38;2;0;0;0m                   [0m [7m[38;2;205;4;3m▅[38;2;224;2;2m▃[38;2;241;1;1m▃[38;2;234;2;2m▃[38;2;241;2;2m▃[38;2;218;2;2m▃[38;2;188;4;4m▅[0m [38;2;0;0;0m                     [0m[u[0m [38;2;0;0;0m                                  [0m [38;2;37;3;3m            [0m  [0m
 [38;2;0;0;0m                             [0m [38;2;211;6;5m▁[38;2;194;3;3m▃[38;2;212;4;4m▄[38;2;218;4;4m━[38;2;140;6;6m▘           [0m [7m[38;2;185;5;5m▚[0m [0m
 [38;2;0;0;0m                          [0m [38;2;200;4;3m▃[38;2;218;4;3m▆[7m[38;2;216;3;3m▂[38;2;231;2;2m▄[38;2;179;3;3m▅[38;2;99;5;5m▇[0m[38;2;1;0;0m      [38;2;128;9;9m▗[0m [38;2;23;0;0m  [0m [38;2;182;5;5m▂[38;2;187;4;4m▅[7m[38;2;175;4;4m▃[0m [38;2;5;0;0m [0m
 [38;2;0;0;0m                        [0m [38;2;182;4;4m▃[38;2;130;3;3;48;2;238;3;2m▘[0m[7m[38;2;215;4;3m▗[38;2;107;3;3m▆[0m[38;2;66;7;6m▂[0m [38;2;0;0;0m      [38;2;137;6;6m▂[38;2;189;6;5m▅[7m[38;2;143;5;5m▄[0m[38;2;28;1;1m [0m [38;2;153;7;7m▄[7m[38;2;163;5;5m▂[38;2;187;5;4m▅[0m [38;2;1;0;0m   [0m
 [38;2;0;0;0m┈╴[38;2;62;3;3m▂[0m [38;2;0;0;0m       [0m [38;2;115;7;7m▆[0m [38;2;0;0;0m      [38;2;67;8;6m▁[0m [38;2;0;0;0m  [7m[38;2;164;6;5m▘[0m[38;2;242;2;1;48;2;241;2;1m┈[48;2;242;2;1m [0m[7m[38;2;224;4;3m▝[0m[38;2;222;4;3m▅[38;2;230;5;4;48;2;134;8;8m▆[0m[38;2;154;8;8m▖    [38;2;123;11;10m▗[7m[38;2;136;5;5m▁[38;2;212;6;5m▄[38;2;101;4;4m▆[0m[38;2;3;0;0m  [0m [7m[38;2;97;7;7m▄[0m[38;2;0;0;0m      [0m
 [38;2;0;0;0m [0m [38;2;3;0;0;48;2;124;5;5m▋[38;2;209;2;2;48;2;42;1;1m▋[0m [38;2;0;0;0m      [0m [7m[38;2;180;8;7m▖[0m[38;2;154;4;4m▄[0m [38;2;9;0;0m    [0m [7m[38;2;162;8;7m▝[0m [38;2;0;0;0m  [7m[38;2;146;5;5m▖[0m[38;2;244;1;0;48;2;243;1;1m┈[38;2;247;0;0;48;2;243;1;0m▁▁▁▁[38;2;244;0;0;48;2;229;2;2m┈[0m[38;2;230;2;2m▄[38;2;221;3;3m▄[38;2;172;6;6m▊ [0m [38;2;0;0;0m [0m   [38;2;139;7;7m▄[0m [38;2;0;0;0m       [0m
 [38;2;0;0;0m [0m [38;2;34;1;1;48;2;226;3;3m▌[38;2;246;0;0;48;2;85;1;1m▊[0m [38;2;0;0;0m       [0m [7m[38;2;221;4;3m▖[0m[38;2;35;1;1;48;2;216;3;3m▝[0m[38;2;76;3;3m▁  [38;2;98;5;5m▂[0m [7m[38;2;188;7;7m▌[0m[38;2;238;1;1;48;2;110;3;3m▇[0m[38;2;228;2;2m▅[38;2;204;3;2m▄[7m[38;2;182;3;3m▘[0m[38;2;239;4;4;48;2;249;0;0m▏[38;2;251;0;0;48;2;247;0;0m▅▅▅▅[48;2;246;1;1m┈[0m[7m[38;2;184;4;4m▗[38;2;179;5;4m▖[0m[38;2;186;6;6m▋  [7m[38;2;31;0;0m▉[0m[38;2;78;3;3;48;2;199;7;7m▘[0m[38;2;130;7;7m▌[0m [7m[38;2;183;8;8m▎[0m[38;2;85;4;4m▎[38;2;95;7;7m▃[0m [38;2;0;0;0m   [38;2;141;9;9m▗[0m [0m
 [38;2;0;0;0m  [0m [38;2;0;0;0;48;2;100;1;1m╴[38;2;182;2;2;48;2;64;1;1m▚[0m[38;2;8;0;0m╴[0m [38;2;0;0;0m      [0m [7m[38;2;226;3;3m▖[0m[38;2;103;4;4;48;2;242;2;2m▝[0m[38;2;167;5;4m▖[0m [38;2;83;3;3m▝[38;2;226;5;4;48;2;120;3;3m▚[38;2;239;1;1;48;2;124;3;3m▇[48;2;251;0;0m         [38;2;237;3;3;48;2;99;4;4m▋[0m[38;2;179;8;7m▗[38;2;204;7;6m▖[0m [38;2;4;0;0m [0m [38;2;206;6;5m▗[38;2;250;0;0;48;2;242;2;2m┊[38;2;128;4;4;48;2;246;1;1m▝[0m[38;2;100;5;5m▏[7m[38;2;81;6;6m▄[0m [38;2;61;2;2;48;2;214;5;5m▎[0m[7m[38;2;167;4;4m▝[0m [38;2;0;0;0m  [7m[38;2;179;7;7m▎[0m[38;2;202;4;4m▖[0m
 [38;2;26;3;3m    [0m  [38;2;2;0;0;48;2;114;6;6m▍[0m[38;2;192;5;4m▄[38;2;71;3;3m▁   [0m [38;2;110;7;7m▗[38;2;87;7;6m▂[38;2;94;4;4;48;2;228;3;3m▖[38;2;251;0;0;48;2;241;1;1m┈[38;2;142;7;6;48;2;26;0;0m▅[0m[38;2;199;9;8m▖[38;2;50;2;2;48;2;220;5;5m▍[48;2;251;0;0m          [38;2;250;0;0;48;2;210;5;5m▇[38;2;251;0;0;48;2;247;1;1m┈[48;2;231;1;1m┈[0m[38;2;234;2;2m▅[38;2;223;2;2m▆[38;2;239;1;1;48;2;84;4;4m▇[38;2;251;0;0;48;2;250;0;0m┈[48;2;251;0;0m [48;2;236;2;2m╴[0m[38;2;91;3;3m▍[0m [7m[38;2;187;4;4m▘[0m[38;2;251;0;0;48;2;249;0;0m┈[38;2;90;4;4;48;2;223;3;3m▁[0m[38;2;86;3;3m▘  [7m[38;2;134;6;6m▌[0m[38;2;250;1;0;48;2;231;3;3m╴[0m
[7m[38;2;144;8;7m▍[0m[38;2;151;6;6m▖[38;2;10;0;0m╶[38;2;125;8;7m▃[0m [38;2;54;6;5m▂[0m  [38;2;6;0;0;48;2;159;4;4m▖[38;2;234;2;2;48;2;131;5;5m▇[0m[38;2;150;5;5m▄[0m [38;2;77;8;7m▁ [38;2;136;6;6m▗[38;2;116;7;6;48;2;13;1;1m▖[38;2;77;2;2;48;2;233;5;4m▍[48;2;251;0;0m [38;2;250;0;0;48;2;231;6;6m▇[38;2;121;4;3;48;2;220;3;3m▝[38;2;251;0;0;48;2;246;1;1m┈[48;2;251;0;0m     [38;2;161;5;4;48;2;240;2;2m▁[38;2;79;2;2;48;2;236;3;3m▖[38;2;251;0;0;48;2;250;0;0m┈[38;2;109;4;4;48;2;247;1;1m▂[38;2;53;2;2;48;2;231;2;2m▃[38;2;77;4;4;48;2;210;5;4m▅[38;2;228;9;9;48;2;250;0;0m▏[48;2;251;0;0m  [38;2;154;5;5;48;2;249;1;1m▗[38;2;249;0;0;48;2;237;2;2m┊[48;2;251;0;0m  [38;2;214;4;3;48;2;66;2;2m▊[0m [38;2;196;9;9m▗[7m[38;2;181;5;5m▗[38;2;172;6;5m▆[0m[38;2;108;5;4m▗[38;2;193;6;5m▆[38;2;51;2;2m▏ [7m[38;2;61;1;1m▊[0m[38;2;204;7;6;48;2;109;6;6m▉[0m
[38;2;72;3;3m▝[48;2;197;6;6m▖[0m[38;2;168;7;6m▖[7m[38;2;56;2;2m▌[38;2;194;8;8m▝[38;2;132;6;6m▘[0m[38;2;210;5;5m▅[38;2;184;4;4m▄[38;2;31;1;1m╱[38;2;34;1;1;48;2;200;5;5m▖[38;2;251;0;0;48;2;242;2;2m╴[0m[38;2;109;5;4m▌[7m[38;2;93;5;5m▖[0m[38;2;174;6;6m▃[38;2;26;0;0;48;2;214;5;5m▍[38;2;52;2;2;48;2;224;4;4m▝[38;2;224;7;7;48;2;82;3;3m▝[38;2;251;0;0;48;2;247;1;1m┊[38;2;250;0;0;48;2;251;0;0m╷[38;2;198;10;9;48;2;249;1;1m▁[38;2;251;0;0;48;2;250;0;0m┈[38;2;246;1;1;48;2;251;0;0m▁  [38;2;111;5;4;48;2;242;2;2m▗[38;2;44;0;0;48;2;170;4;4m╼[38;2;239;2;2;48;2;87;4;4m▄[38;2;101;7;6;48;2;182;7;7m▚[38;2;183;5;5;48;2;74;2;2m▚[38;2;235;2;2;48;2;65;2;2m▅[38;2;249;1;1;48;2;178;5;5m▇[38;2;81;1;1;48;2;180;8;8m┃[38;2;239;4;3;48;2;250;0;0m▏[48;2;251;0;0m [38;2;247;1;1;48;2;201;8;8m▉[38;2;152;6;6;48;2;53;2;1m▘[38;2;165;7;7;48;2;62;3;2m▝[38;2;185;4;4;48;2;240;2;2m▏[48;2;251;0;0m [38;2;251;0;0;48;2;245;1;1m╴[38;2;59;1;1;48;2;154;8;8m╏[38;2;233;4;4;48;2;152;7;6m▉[0m[38;2;85;3;2m▏[38;2;145;8;8m▄[7m[38;2;207;6;6m▍[0m[38;2;251;0;0;48;2;249;0;0m┈[0m[38;2;145;6;5m▌ [0m [38;2;78;8;8m▘[0m
  [7m[38;2;61;5;4m▅[0m [7m[38;2;119;4;4m▖[0m[38;2;247;1;1;48;2;241;2;2m┊[38;2;251;0;0;48;2;248;0;0m╴[38;2;99;5;5;48;2;224;5;5m▗[38;2;158;7;7;48;2;55;2;2m▚[0m[7m[38;2;55;3;3m▚[0m[38;2;62;3;3;48;2;222;4;4m▖[38;2;171;6;6;48;2;85;5;5m╴[0m[38;2;25;148;147m▁[38;2;8;37;36;48;2;138;6;6m▖[38;2;248;1;0;48;2;235;2;2m┈[48;2;251;0;0m [38;2;243;1;1;48;2;152;4;4m▇[38;2;173;9;9;48;2;246;1;1m▘[48;2;251;0;0m [38;2;86;3;3;48;2;236;3;3m▝[38;2;47;1;1;48;2;162;7;6m▆[38;2;22;1;1;48;2;193;7;7m▄[38;2;90;5;5;48;2;190;6;6m▆[38;2;153;7;7;48;2;228;4;4m╴[38;2;78;2;2;48;2;176;6;6m┛[38;2;249;0;0;48;2;246;1;1m┊[38;2;250;0;0;48;2;251;0;0m╺[38;2;92;4;4;48;2;238;2;2m▝[38;2;249;0;0m┈[48;2;251;0;0m [38;2;241;2;2;48;2;171;5;5m▉[38;2;110;4;3;48;2;215;8;8m▌[38;2;96;4;3;48;2;240;2;2m▃[38;2;136;8;7;48;2;233;2;2m╴[48;2;250;0;0m [38;2;251;0;0;48;2;237;5;5m▇[48;2;250;0;0m┈[48;2;240;4;3m▇[38;2;248;0;0;48;2;251;0;0m▁[38;2;249;0;0m▁[38;2;125;4;4;48;2;227;4;4m▝[38;2;90;3;3;48;2;223;4;4m▖[0m[38;2;193;6;6m▋[7m[38;2;137;3;3m▖[0m[38;2;249;0;0;48;2;244;2;1m┊[38;2;251;0;0;48;2;236;2;2m╴[0m[38;2;157;7;7m▘   [0m
[38;2;44;2;1;48;2;206;5;5m▌[0m[38;2;149;4;4m▍ [0m [38;2;127;7;7m▃[7m[38;2;111;4;4m▆[38;2;146;4;4m▄[38;2;35;14;14m╴[0m[38;2;14;197;196m▆[38;2;6;241;240;48;2;15;40;39m▅[38;2;14;225;224;48;2;44;77;77m▇[38;2;8;239;238;48;2;57;84;83m▃[38;2;21;242;241;48;2;3;251;250m▏[38;2;0;252;251;48;2;6;239;238m┈[38;2;15;190;189;48;2;90;35;35m▄[38;2;108;8;7;48;2;242;2;2m▖[38;2;250;0;0;48;2;243;2;2m╴[38;2;251;0;0;48;2;242;1;1m┈[38;2;208;9;9;48;2;248;1;1m▁[38;2;249;0;0;48;2;250;0;0m┈[38;2;251;0;0;48;2;244;1;1m┈[38;2;233;2;2;48;2;63;2;2m▆[38;2;34;0;0;48;2;189;6;6m▘[38;2;249;0;0;48;2;250;0;0m▎[38;2;251;0;0;48;2;247;0;0m▇[48;2;251;0;0m [48;2;249;0;0m┈[38;2;226;6;6;48;2;250;0;0m▁[48;2;251;0;0m [38;2;251;0;0;48;2;250;0;0m┈[38;2;205;5;5;48;2;63;2;2m▌[38;2;161;13;13;48;2;90;5;5m╹[38;2;62;2;2;48;2;225;4;3m▘[48;2;251;0;0m   [38;2;251;0;0;48;2;243;1;1m╴[38;2;56;2;2;48;2;235;2;2m▃[38;2;27;1;1;48;2;241;3;3m▅[38;2;29;1;1;48;2;240;3;3m▅[38;2;99;4;3;48;2;235;4;4m▖[38;2;91;4;4;48;2;180;7;7m▚[0m[38;2;171;7;7m▋[7m[38;2;170;5;5m▍[0m[38;2;249;0;0;48;2;214;3;3m╴[0m[38;2;139;6;6m▘[38;2;122;6;6m▃   [0m
[7m[38;2;168;2;2m▖[0m[38;2;9;0;0;48;2;165;2;2m▝[0m  [38;2;55;2;2;48;2;225;6;6m▌[38;2;207;7;6;48;2;39;0;0m▌[0m[38;2;77;5;5m▅[38;2;18;241;240;48;2;11;68;67m▝[38;2;14;78;77;48;2;14;245;244m▆[38;2;12;62;62;48;2;9;250;249m▇[38;2;2;11;10;48;2;20;186;185m▆[38;2;6;48;48;48;2;23;201;200m▆[38;2;14;73;72;48;2;17;202;201m━[38;2;9;60;59;48;2;20;179;178m▗[38;2;1;28;27;48;2;26;168;167m▁[38;2;192;8;7;48;2;23;14;14m▝[38;2;130;7;6;48;2;234;3;3m▁[38;2;87;2;2;48;2;199;7;7m▚[38;2;141;6;6;48;2;212;5;5m▝[38;2;188;9;9;48;2;246;2;2m▏[38;2;249;0;0;48;2;251;0;0m▁ [38;2;251;0;0;48;2;249;0;0m▇[38;2;248;0;0;48;2;251;0;0m▗[38;2;105;4;4;48;2;221;5;4m▗[38;2;223;11;10;48;2;245;2;2m▏[38;2;192;7;6;48;2;118;5;4m▚[38;2;207;8;7;48;2;246;1;1m▏[48;2;251;0;0m [38;2;250;0;0;48;2;238;3;3m▉[38;2;196;5;5;48;2;73;3;3m▂[38;2;243;2;2;48;2;231;4;3m┊[48;2;251;0;0m [38;2;250;0;0m╶[48;2;248;1;1m┈[38;2;76;3;3;48;2;230;2;2m▃[38;2;143;5;4;48;2;9;0;0m▘[48;2;0;0;0m   [38;2;14;0;0;48;2;164;8;8m▊[38;2;230;3;3;48;2;167;4;4m▇[38;2;55;5;5;48;2;149;8;8m▝[38;2;139;5;5;48;2;237;3;3m▏[38;2;213;8;8;48;2;75;2;2m▌[38;2;112;5;5;48;2;240;3;3m▘[0m[38;2;204;6;6m▋   [0m
 [7m[38;2;113;3;3m▅[0m[38;2;64;5;4;48;2;20;2;2m╍[38;2;122;10;10;48;2;5;0;0m▄[38;2;93;4;4;48;2;237;3;3m▎[38;2;133;4;4;48;2;238;3;3m▝[38;2;231;4;4;48;2;140;6;6m▉[38;2;85;4;4;48;2;10;0;0m▏[38;2;33;134;133;48;2;3;20;20m┗[38;2;8;49;48;48;2;20;174;173m▘[38;2;7;81;80;48;2;20;216;215m╴[38;2;20;114;113;48;2;28;209;208m▋[38;2;13;93;92;48;2;27;159;158m╱[38;2;141;10;10;48;2;30;106;105m▄[38;2;146;6;6;48;2;32;123;123m▅[38;2;113;5;5;48;2;21;104;104m▖[38;2;27;113;112;48;2;13;14;14m▏[38;2;6;0;0;48;2;110;12;11m▇[38;2;225;7;7;48;2;45;2;1m▝[38;2;41;0;0;48;2;238;2;2m▁[38;2;115;5;5;48;2;206;4;4m▂[38;2;178;6;6;48;2;239;2;2m▏[38;2;122;3;3;48;2;237;3;3m▗[38;2;231;7;7;48;2;249;0;0m▎[38;2;205;8;8;48;2;68;2;2m▍[38;2;90;4;3;48;2;226;5;5m▖[38;2;97;4;3;48;2;189;7;6m▚[38;2;167;4;4;48;2;246;1;1m▂[48;2;251;0;0m   [38;2;249;0;0m▁[38;2;176;7;7;48;2;248;1;1m▁[38;2;40;2;2;48;2;225;2;2m▃[38;2;135;7;6;48;2;31;1;1m▚[38;2;99;7;6;48;2;2;0;0m▖[48;2;0;0;0m    [38;2;13;0;0;48;2;153;7;7m▊[38;2;219;13;12;48;2;249;0;0m▏[38;2;225;6;6;48;2;242;2;2m╷[38;2;251;0;0;48;2;249;0;0m┈[38;2;91;4;3;48;2;174;8;7m╽[38;2;231;8;8;48;2;248;0;0m▏[0m[38;2;186;5;5m▌   [0m
 [38;2;0;0;0m [0m [38;2;76;4;3;48;2;189;8;8m▖[38;2;251;0;0;48;2;247;0;0m▇[48;2;251;0;0m  [38;2;205;5;5;48;2;70;4;4m▌[38;2;40;6;5;48;2;2;1;1m╴[38;2;0;0;0;48;2;1;10;10m┈[38;2;7;53;52;48;2;21;212;211m▆[38;2;6;52;51;48;2;25;154;153m▅[38;2;12;82;81;48;2;30;159;158m▁[38;2;34;136;135;48;2;120;10;10m▆[38;2;37;165;164;48;2;121;20;19m▄[38;2;53;78;77;48;2;32;174;173m▘[38;2;17;233;232;48;2;22;126;125m▅[38;2;2;18;18;48;2;11;80;80m▉[38;2;22;238;237;48;2;0;9;9m▄[38;2;27;99;98;48;2;5;10;10m▏[38;2;224;7;7;48;2;104;8;7m▗[38;2;148;5;5;48;2;183;6;6m▁[38;2;246;1;1;48;2;143;5;5m▅[38;2;251;0;0;48;2;250;0;0m┈[48;2;246;1;1m┈[38;2;240;2;1;48;2;73;3;3m▅[38;2;225;6;6;48;2;100;4;4m▃[38;2;29;0;0;48;2;166;10;9m━[38;2;72;4;3;48;2;237;5;5m▅[38;2;7;0;0;48;2;219;2;2m▄[38;2;14;0;0;48;2;232;4;4m▅[38;2;11;0;0;48;2;209;7;6m▆[38;2;3;0;0;48;2;80;3;3m▇[38;2;109;8;8;48;2;33;2;2m▝[38;2;13;1;1;48;2;148;7;7m▄[38;2;117;6;6;48;2;1;0;0m▘[48;2;0;0;0m  [38;2;0;0;0;48;2;1;0;0m┈[38;2;159;5;5;48;2;17;1;1m▂[38;2;83;3;3;48;2;234;4;4m▘[38;2;173;7;6;48;2;238;2;2m▃[38;2;163;7;7;48;2;232;4;4m┛[38;2;250;0;0;48;2;248;1;1m▇[38;2;42;1;1;48;2;191;5;5m▗[0m[7m[38;2;171;7;7m▄[0m [38;2;0;0;0m   [0m
 [38;2;0;0;0m  [38;2;111;7;7m▝[38;2;92;3;3;48;2;236;2;2m▂[38;2;251;0;0;48;2;249;0;0m┈[48;2;229;4;4m╴[38;2;101;7;6;48;2;11;0;0m▏[38;2;3;24;24;48;2;26;167;166m▌[38;2;17;100;99;48;2;14;220;219m▁[38;2;16;215;214;48;2;16;107;106m▅[38;2;18;220;219;48;2;8;52;52m▄[38;2;11;246;245;48;2;16;85;84m▂[38;2;26;206;205;48;2;22;113;112m▂[38;2;23;189;188;48;2;14;119;118m┻[38;2;31;185;184;48;2;15;116;115m━[38;2;25;200;199;48;2;11;63;63m▂[38;2;12;244;243;48;2;3;20;19m▂[48;2;5;35;35m▃[38;2;22;149;149;48;2;4;10;9m▖[38;2;0;0;0;48;2;22;13;12m┈[38;2;186;7;7;48;2;23;43;42m▝[38;2;61;3;3;48;2;232;4;4m▆[38;2;86;4;4;48;2;219;4;4m▅[38;2;81;3;3;48;2;241;2;2m▁[48;2;250;0;0m [38;2;155;8;8;48;2;237;3;3m╺[38;2;129;6;6;48;2;174;7;7m┒[38;2;129;9;8;48;2;181;8;7m┖[38;2;155;8;8;48;2;95;4;4m▇[38;2;170;9;8;48;2;18;0;0m▆[38;2;177;8;8;48;2;8;0;0m▅[38;2;171;9;9;48;2;12;0;0m▄[38;2;152;8;8;48;2;2;0;0m▄[38;2;175;7;7;48;2;20;0;0m▃[38;2;165;5;5;48;2;2;0;0m▄[38;2;180;7;7;48;2;13;0;0m▄[38;2;190;7;7;48;2;20;0;0m▅[38;2;197;6;5;48;2;54;2;2m▇[38;2;159;6;6;48;2;235;3;3m━[38;2;155;6;6;48;2;208;5;5m▁[38;2;95;3;3;48;2;230;3;3m▃[38;2;146;5;5;48;2;239;2;2m╴[38;2;105;6;6;48;2;241;2;2m▗[0m[38;2;29;200;199m▂[38;2;19;119;118m▁    [0m
 [38;2;0;0;0m  [0m [38;2;152;12;11m─[7m[38;2;126;5;5m━[0m[38;2;64;4;3;48;2;232;4;4m▅[38;2;190;9;9;48;2;61;3;3m╾[38;2;22;171;170;48;2;16;9;9m▝[38;2;51;11;11;48;2;17;205;204m▃[38;2;7;39;39;48;2;27;193;193m▂[38;2;3;45;44;48;2;30;176;175m━[38;2;8;75;74;48;2;25;201;200m╴[38;2;22;142;141;48;2;20;229;228m╾[38;2;34;189;188;48;2;5;249;248m▄[38;2;12;79;79;48;2;21;221;220m▁[38;2;4;30;30;48;2;10;248;247m▄[38;2;0;3;3;48;2;10;239;238m▄[38;2;6;36;36;48;2;13;239;238m▅[38;2;25;116;115;48;2;4;30;29m▁[38;2;12;70;69;48;2;15;202;202m▍[38;2;2;2;2;48;2;17;175;174m▝[38;2;8;2;2;48;2;148;10;9m▆[38;2;140;7;7;48;2;17;0;0m▗[38;2;229;6;6;48;2;102;4;4m▖[38;2;153;6;6;48;2;243;3;3m▎[48;2;251;0;0m [38;2;245;1;1;48;2;156;4;4m▇[38;2;224;2;2;48;2;77;3;3m▅[38;2;36;0;0;48;2;169;5;5m╾[38;2;85;3;3;48;2;175;5;5m▂[38;2;64;1;1;48;2;199;5;4m╺[38;2;100;4;3;48;2;230;3;3m▄[38;2;35;1;1;48;2;238;3;3m▃[38;2;8;0;0;48;2;231;3;3m▂[38;2;18;0;0;48;2;233;3;3m▂[38;2;7;0;0;48;2;225;4;4m▂[38;2;34;0;0;48;2;232;3;3m▃[38;2;83;4;3;48;2;244;2;2m▅[38;2;20;0;0;48;2;177;5;5m━[38;2;212;5;4;48;2;67;2;2m▅[38;2;61;17;17;48;2;221;4;3m▂[38;2;22;107;106;48;2;169;4;3m▃[38;2;18;215;214;48;2;26;66;65m╼[38;2;16;231;230;48;2;19;139;138m▄[38;2;11;81;80;48;2;18;201;200m╾[0m[38;2;17;175;174m▆[38;2;16;169;168m▃[0m [38;2;0;0;0m [0m
 [38;2;0;0;0m    [0m [7m[38;2;28;2;2m▇[0m[38;2;151;9;8;48;2;18;1;1m▗[38;2;125;5;5;48;2;8;0;0m▖[38;2;166;12;11;48;2;64;3;3m┗[38;2;10;0;0;48;2;1;0;0m▏[48;2;0;0;0m [38;2;0;0;0;48;2;0;1;1m┈[48;2;0;25;24m▇[48;2;0;1;1m┈[38;2;27;196;195;48;2;2;12;12m▁[38;2;15;243;242;48;2;0;10;10m▂[38;2;13;245;244;48;2;0;7;7m▂[38;2;9;49;49;48;2;10;232;231m▘[38;2;0;252;251;48;2;4;247;246m┈[38;2;18;193;192;48;2;3;38;37m▋[38;2;18;120;119;48;2;9;245;244m▎[38;2;8;239;238;48;2;12;67;66m▇[38;2;25;141;141;48;2;23;11;11m▎[38;2;222;5;5;48;2;54;2;2m▗[38;2;151;5;5;48;2;231;3;3m▁[38;2;106;3;3;48;2;241;2;2m▖[48;2;251;0;0m  [38;2;232;5;5;48;2;250;0;0m▁[38;2;241;2;1;48;2;120;5;5m▆[38;2;53;2;2;48;2;168;6;6m▚[38;2;41;1;1;48;2;227;3;3m▃[38;2;224;3;3;48;2;122;5;5m▇[38;2;247;1;1;48;2;67;2;2m▆[48;2;52;1;1m▆[38;2;241;2;2;48;2;61;0;0m▇[38;2;251;0;0;48;2;229;3;3m┈[38;2;34;130;130;48;2;202;7;6m▃[38;2;12;221;220;48;2;140;6;6m▅[38;2;14;227;226;48;2;25;90;89m▂[38;2;17;119;118;48;2;13;221;220m▂[38;2;0;252;251;48;2;2;251;250m┈[38;2;10;232;231;48;2;16;129;128m▆[38;2;31;195;194;48;2;10;64;64m▁[38;2;10;68;68;48;2;12;230;229m▅[38;2;0;48;47;48;2;18;185;184m▁[38;2;18;122;121;48;2;16;231;230m▌[0m[38;2;15;187;186m▋ [0m
 [38;2;0;0;0m      [0m [7m[38;2;107;6;6m▃[0m[38;2;1;0;0;48;2;0;0;0m┈[38;2;0;0;0m┈[38;2;59;4;3;48;2;1;0;0m▁[48;2;0;0;0m [38;2;1;8;8;48;2;18;83;82m▉[38;2;10;58;57;48;2;11;228;227m▘[38;2;13;117;116;48;2;7;241;240m▂[38;2;20;102;101;48;2;4;250;249m▃[38;2;10;85;84;48;2;4;249;248m▂[38;2;0;252;251;48;2;12;242;241m╴[38;2;20;220;219;48;2;10;107;107m▗[38;2;9;238;237;48;2;12;79;78m▄[38;2;0;252;251;48;2;3;250;249m┈[38;2;3;251;250;48;2;49;217;216m▉[38;2;20;119;118;48;2;3;10;10m▏[38;2;139;7;6;48;2;77;5;5m┒[38;2;220;3;3;48;2;97;4;4m▅[38;2;251;0;0;48;2;243;1;1m┈[38;2;23;0;0;48;2;226;3;3m▗[38;2;37;1;1;48;2;206;5;5m▆[38;2;218;4;4;48;2;81;3;3m▄[38;2;95;4;4;48;2;231;3;3m▁[38;2;200;7;7;48;2;33;1;1m▘[38;2;168;8;8;48;2;12;0;0m▃[38;2;155;6;6;48;2;32;1;1m▄[38;2;67;2;2;48;2;154;5;5m╺[38;2;112;4;4;48;2;219;3;3m▄[38;2;176;6;5;48;2;243;1;1m▁[0m[38;2;174;6;6m▍[7m[38;2;12;209;208m▄[0m[38;2;16;117;116;48;2;4;244;243m▁[48;2;0;252;251m [38;2;6;239;238;48;2;15;114;113m▇[38;2;25;222;221;48;2;12;92;91m▖[38;2;0;6;5;48;2;23;149;148m▄[38;2;2;15;15;48;2;11;239;238m▃[38;2;0;20;20;48;2;9;246;245m▂[38;2;14;96;95;48;2;13;241;240m▂[38;2;13;223;222;48;2;21;194;193m▉[0m[38;2;21;192;191m▘ [0m
 [38;2;0;0;0m         [0m [7m[38;2;52;4;3m╴[0m[38;2;0;0;0;48;2;3;0;0m┈[48;2;1;3;3m┈[38;2;6;63;63;48;2;29;194;193m▆[38;2;14;102;101;48;2;8;241;240m▘[38;2;0;252;251;48;2;15;247;246m▇[38;2;4;248;247;48;2;24;140;139m▇[38;2;13;243;242;48;2;12;81;80m▖[38;2;9;78;77;48;2;17;201;200m▎[38;2;16;83;82;48;2;16;200;199m╺[38;2;12;75;74;48;2;12;214;213m╼[38;2;14;84;83;48;2;16;217;216m┭[38;2;6;50;49;48;2;20;174;173m─[38;2;36;173;172;48;2;34;36;35m▁[38;2;16;1;1;48;2;230;7;7m▇[38;2;16;0;0;48;2;153;6;6m━[38;2;228;6;6;48;2;31;1;1m▂[38;2;206;6;6;48;2;10;0;0m▂[38;2;215;3;3;48;2;45;2;2m▃[38;2;215;4;4;48;2;44;2;2m▅[38;2;34;112;111;48;2;144;18;18m▃[38;2;7;234;233;48;2;48;42;42m▆[38;2;3;251;250;48;2;19;110;110m▇[38;2;45;70;69;48;2;8;233;232m▝[38;2;26;141;140;48;2;176;11;11m▖[38;2;122;4;4;48;2;199;6;6m┗[0m[38;2;90;6;5m▎ [0m [7m[38;2;20;206;205m▆[38;2;15;163;162m▄[38;2;18;214;213m▃[38;2;10;233;232m▂[38;2;12;200;199m▁[38;2;11;189;189m▁[38;2;11;236;235m▃[0m[38;2;11;217;216m▘  [0m
 [38;2;0;0;0m         [0m [38;2;16;154;153m▂[38;2;9;205;204m▄[38;2;6;234;233;48;2;5;47;46m▆[38;2;0;252;251;48;2;2;250;249m┈[48;2;0;252;251m  [38;2;21;150;149;48;2;3;247;246m▁[38;2;8;247;246;48;2;10;56;55m▘[38;2;0;1;1;48;2;20;192;191m▅[48;2;22;217;216m▅[38;2;0;0;0;48;2;19;181;180m▅[38;2;0;5;5;48;2;27;173;172m▅[38;2;4;18;18;48;2;16;201;200m▅[38;2;0;0;0;48;2;26;157;156m▄[48;2;0;1;1m┈[38;2;200;7;7;48;2;11;0;0m▝[38;2;24;1;1;48;2;246;1;1m▄▄[38;2;20;1;1;48;2;233;2;2m▅[38;2;12;1;0;48;2;138;5;5m▇[38;2;20;232;231;48;2;6;37;37m▝[38;2;1;252;251;48;2;5;242;241m┈[48;2;0;252;251m  [38;2;0;252;251;48;2;4;246;245m┈[38;2;6;239;238;48;2;90;54;54m▅[38;2;11;207;206;48;2;124;13;13m▃[0m[38;2;15;102;101m▁           [0m
 [38;2;0;0;0m     [0m [38;2;22;167;166m▗[38;2;9;181;180m▅[38;2;11;223;222m▆[38;2;9;235;234;48;2;17;126;125m▇[38;2;4;66;65;48;2;1;252;251m▁[0m[7m[38;2;4;250;249m▁[0m[38;2;13;63;62;48;2;2;251;250m▂[38;2;10;44;44;48;2;3;251;250m▃[38;2;5;16;16;48;2;7;239;238m▄[38;2;3;16;16;48;2;13;226;226m▆[38;2;2;12;12;48;2;15;103;103m▉[38;2;14;232;231;48;2;7;53;52m▅[38;2;14;190;189;48;2;2;9;9m▃[38;2;0;0;0;48;2;0;5;5m┈[48;2;1;6;6m┈[38;2;21;82;81;48;2;0;0;0m▁    [38;2;0;0;0;48;2;0;1;1m┈[48;2;0;0;0m [38;2;16;92;92;48;2;0;5;5m▁[38;2;11;216;215;48;2;5;47;46m▄[38;2;28;192;191;48;2;2;18;17m▍[38;2;1;5;5;48;2;20;113;112m▇[38;2;2;13;13;48;2;13;224;223m▅[38;2;3;12;12;48;2;6;234;233m▃[38;2;11;47;47;48;2;4;250;249m▂[38;2;17;95;94;48;2;3;251;250m▁[38;2;28;237;236;48;2;0;252;251m▁[38;2;0;252;251;48;2;3;247;246m┈[0m[38;2;3;250;249m▆[38;2;6;243;242m▅[38;2;11;237;236m▄[38;2;27;205;204m▃[0m [38;2;0;0;0m      [0m
 [38;2;0;0;0m        [0m   [38;2;0;0;0m [38;2;161;6;5m▝[38;2;235;3;2;48;2;78;2;2m▇[38;2;71;3;3;48;2;235;3;3m▝[38;2;155;6;6;48;2;9;0;0m▂[38;2;34;0;0;48;2;0;1;1m▁[38;2;14;19;18;48;2;15;184;183m▃[38;2;94;8;8;48;2;7;232;232m▂[38;2;22;223;222;48;2;94;23;23m▘[38;2;233;3;3;48;2;33;98;97m▄[38;2;243;2;2;48;2;36;59;59m▅[38;2;240;3;2;48;2;19;0;0m▆[38;2;237;4;4;48;2;45;0;0m▆[38;2;241;3;3;48;2;27;0;0m▆[38;2;228;2;2;48;2;3;0;0m▆[38;2;239;2;2;48;2;38;60;60m▄[38;2;205;5;5;48;2;25;118;118m▃[38;2;113;20;20;48;2;16;226;225m▂[38;2;15;20;20;48;2;11;213;212m▃[38;2;0;0;0;48;2;9;15;15m┈[38;2;151;6;5;48;2;3;0;0m▂[38;2;6;0;0;48;2;192;4;4m▘[38;2;244;2;2;48;2;87;3;3m▇[0m[7m[38;2;163;3;3m▂[0m[38;2;72;4;4m╸[7m[38;2;2;42;41m▇[38;2;22;122;121m▇[38;2;28;135;134m▇[38;2;9;111;110m▇[38;2;5;56;56m▇[0m [38;2;0;0;0m       [0m
 [38;2;0;0;0m             [7m[38;2;108;4;4m▆[38;2;212;4;4m▄[38;2;227;3;2m▃[0m[38;2;95;4;4;48;2;233;5;5m▃[38;2;149;5;4;48;2;236;4;4m▃[38;2;165;8;8;48;2;215;3;3m┌[38;2;88;2;1;48;2;229;3;3m─[38;2;77;3;3;48;2;198;5;5m┳[38;2;31;1;1;48;2;181;4;4m╸[38;2;242;2;2;48;2;64;2;2m▅[38;2;237;3;3;48;2;25;0;0m▅[38;2;240;3;3;48;2;46;1;1m▅[38;2;83;2;2;48;2;177;4;4m┗[38;2;140;7;7;48;2;212;4;4m━[38;2;144;4;4;48;2;225;3;3m┐[38;2;152;6;6;48;2;238;2;2m▂[38;2;145;7;7;48;2;242;2;2m▂[0m[7m[38;2;226;3;3m▁[38;2;229;2;2m▂▄[38;2;169;5;5m▆[0m [38;2;0;0;0m              [0m
 [38;2;0;0;0m                [7m[38;2;81;5;5m▇[38;2;191;5;4m▅[38;2;236;3;3m▄[0m[38;2;46;1;1;48;2;187;5;5m▖[38;2;164;5;5;48;2;247;1;1m▘[48;2;251;0;0m     [38;2;162;7;7;48;2;228;4;3m▝[0m[7m[38;2;215;3;3m▃[38;2;231;3;3m▄[38;2;184;8;8m▆[0m [38;2;0;0;0m                  [0m
 [38;2;0;0;0m                   [0m [7m[38;2;219;3;3m▅[38;2;237;2;2m▃[38;2;248;1;1m▃[38;2;242;2;2m▃[38;2;247;1;1m▃[38;2;231;3;3m▃[38;2;204;3;3m▅[0m [38;2;0;0;0m                     [0m[u[0m [38;2;0;0;0m                                  [0m  [38;2;0;0;0m           [0m  [0m
 [38;2;0;0;0m                             [0m [38;2;195;6;5m▂[38;2;230;3;3m▃[38;2;234;3;2m▄[38;2;193;3;3m▅[7m[38;2;152;4;4m▄[0m[38;2;27;1;1m           [0m [38;2;207;3;3m▗[38;2;175;7;6m▍[0m
 [38;2;0;0;0m                           [38;2;121;3;3m▁[38;2;211;2;2m▅[38;2;251;0;0;48;2;212;2;2m┈[0m[7m[38;2;237;1;1m▃[38;2;225;2;2m▅[38;2;133;5;5m▆[0m [38;2;0;0;0m     [0m [38;2;144;9;8m▖   [38;2;104;5;5m▁[38;2;217;3;3m▃[38;2;169;3;2m▆[38;2;220;3;3m▘ [0m
 [38;2;0;0;0m                         [0m [38;2;219;3;2m▄[38;2;244;0;0;48;2;224;2;2m┈[0m[7m[38;2;185;2;2m▄[0m[38;2;57;9;7m▁[0m [38;2;0;0;0m      [38;2;95;5;5m▁[38;2;210;5;5m▃[38;2;89;3;3;48;2;213;5;5m▚[0m[38;2;119;4;4m▘ [38;2;107;4;4m▗[38;2;149;4;4m▆[7m[38;2;201;4;3m▄[38;2;156;4;4m▆[0m [38;2;0;0;0m  [0m
 [38;2;0;0;0m╴[38;2;33;4;4m▁[0m  [38;2;0;0;0m        [38;2;121;7;6m▄[38;2;41;2;2m▎      [0m  [38;2;0;0;0m  [38;2;204;7;6m▗[38;2;232;3;2;48;2;145;4;4m▇[48;2;242;2;1m [38;2;129;6;6;48;2;240;3;2m▝[0m[38;2;230;5;4m▄[38;2;190;7;6;48;2;82;7;6m▊[0m [38;2;0;0;0m    [0m [38;2;132;6;5m▆[7m[38;2;201;6;5m▃[38;2;175;5;5m▅[0m [38;2;0;0;0m  [7m[38;2;89;5;5m▃[0m [38;2;0;0;0m     [0m
 [38;2;0;0;0m [0m [38;2;40;2;2;48;2;183;6;6m▋[38;2;9;0;0;48;2;155;3;3m▝[0m [38;2;0;0;0m      [0m [38;2;81;5;4;48;2;195;8;7m▖[0m[38;2;141;4;4m▃[0m [38;2;0;0;0m     [7m[38;2;145;8;7m▎[0m [38;2;0;0;0m  [38;2;45;1;1;48;2;207;7;7m▎[48;2;242;2;1m     [38;2;233;3;3;48;2;94;5;5m▆[0m[38;2;225;5;4m▄[38;2;213;4;4m▄[38;2;175;6;6;48;2;44;3;3m▇[0m   [38;2;39;0;0m▁ [38;2;75;7;6m╺[38;2;124;8;7m▄        [0m
 [38;2;0;0;0m [0m [38;2;49;2;2;48;2;230;2;2m▍[38;2;235;2;2;48;2;33;1;1m▊[0m [38;2;0;0;0m       [0m [7m[38;2;218;4;4m▖[38;2;202;3;3m▝[0m [38;2;60;2;2m  [38;2;107;7;7m▂[0m [7m[38;2;195;6;5m▍[0m[38;2;232;1;1;48;2;92;5;5m▆[0m[38;2;209;3;3m▄[38;2;213;5;5m▃[38;2;79;4;4;48;2;231;4;4m▘[38;2;247;0;0;48;2;244;0;0m▃▃▃▃▃[38;2;244;0;0;48;2;235;1;1m┈[0m[7m[38;2;202;5;4m▄[38;2;178;5;5m▖[0m[38;2;169;5;5m▋  [7m[38;2;163;7;7m▌[0m[38;2;201;8;7;48;2;82;3;3m▋[0m  [38;2;76;1;1;48;2;195;10;10m▎[0m[38;2;51;1;1m▎[38;2;97;7;6m▂    [38;2;183;12;11m╻ [0m
 [38;2;0;0;0m [0m  [7m[38;2;199;1;1m▃[0m[38;2;149;3;3;48;2;37;1;1m▅[0m[38;2;0;0;0m╴       [0m [7m[38;2;227;3;3m▖[0m[38;2;57;3;3;48;2;230;3;3m▝[0m[38;2;80;3;3m▖ [38;2;148;7;7m▝[38;2;202;4;4m▇[38;2;251;0;0;48;2;234;1;1m┈[48;2;247;0;0m▅▅▅▅▅▅▅▅▅[0m[38;2;182;6;5m▋[38;2;166;6;5m▄[7m[38;2;81;5;4m▚[0m [38;2;0;0;0m [0m [38;2;52;2;2;48;2;195;6;5m▎[38;2;251;0;0;48;2;249;0;0m┈[38;2;67;3;3;48;2;229;3;3m▝[0m[38;2;79;5;5m▖[7m[38;2;106;7;7m▅[0m [38;2;50;1;1;48;2;208;6;6m▎[0m[38;2;224;4;4m▖  [0m [38;2;65;2;2;48;2;190;8;7m▎[0m[38;2;136;5;5m▖[0m
 [38;2;0;0;0m    [0m  [38;2;202;10;10;48;2;41;2;2m╺[0m[38;2;205;5;5m▃[0m [38;2;58;3;3m   [0m [38;2;115;7;7m▗[7m[38;2;75;5;4m▚[0m[38;2;138;5;5;48;2;236;3;2m▏[38;2;226;3;3;48;2;133;3;3m▇[0m[38;2;136;6;6m▄[38;2;178;8;8m▖[38;2;43;1;1;48;2;219;5;5m▍[48;2;251;0;0m          [38;2;249;1;1;48;2;179;8;8m▇[38;2;251;0;0;48;2;249;1;1m┈[38;2;232;1;1;48;2;133;4;4m▇[0m[38;2;227;2;2m▅[38;2;242;2;2m▅[38;2;238;1;1;48;2;96;4;3m▇[48;2;251;0;0m  [38;2;251;0;0;48;2;241;1;1m╴[0m[38;2;119;5;4m▍[0m [7m[38;2;173;4;4m▘[0m[38;2;251;0;0;48;2;249;1;0m┈[38;2;84;3;3;48;2;217;5;5m▗[0m [38;2;23;0;0m  [7m[38;2;159;6;6m▋[0m[38;2;233;3;3;48;2;160;3;3m▇[0m
[7m[38;2;142;8;8m▌[0m[38;2;143;6;6m▖[0m [38;2;120;8;8m▃[0m [38;2;43;5;5m▗[0m  [7m[38;2;151;4;4m▖[0m[38;2;230;2;2;48;2;119;4;3m▇[0m[38;2;132;4;4m▄[0m [38;2;54;7;6m▂ [38;2;118;7;7m▗[38;2;119;8;7;48;2;16;1;1m▖[38;2;90;3;3;48;2;236;4;4m▍[48;2;251;0;0m [38;2;250;0;0;48;2;216;8;8m▇[38;2;89;3;3;48;2;225;4;4m▝[38;2;251;0;0;48;2;239;1;1m┈[48;2;251;0;0m     [48;2;236;2;2m╴[38;2;91;3;3;48;2;238;3;2m▖[48;2;251;0;0m [38;2;143;5;4;48;2;249;1;1m▂[38;2;56;2;2;48;2;236;2;2m▃[38;2;74;4;3;48;2;218;5;5m▅[38;2;224;9;8;48;2;249;1;1m▏[48;2;251;0;0m  [38;2;251;0;0;48;2;235;1;1m╴[38;2;178;4;4;48;2;242;1;1m▁[48;2;251;0;0m  [38;2;213;4;4;48;2;59;2;2m▊[0m [38;2;179;8;8m▗[7m[38;2;193;5;5m▗[38;2;194;6;6m▆[0m[38;2;81;4;4m▁[38;2;184;7;6m▆[38;2;52;1;1m▏ [0m [38;2;84;2;2;48;2;206;6;6m▏[0m
 [7m[38;2;196;6;5m▖[0m[38;2;188;8;8m▖[7m[38;2;45;2;1m▌[38;2;193;7;7m▝[38;2;114;5;5m▘[0m[38;2;204;5;5m▅[38;2;175;4;4m▄[0m [38;2;47;1;1;48;2;206;5;4m▖[38;2;251;0;0;48;2;239;2;2m╴[0m[38;2;97;4;4m▌[7m[38;2;86;4;4m▖[38;2;131;6;5m▝[38;2;187;5;5m▍[0m[38;2;69;2;2;48;2;232;3;3m▝[38;2;213;7;6;48;2;76;3;2m▝[38;2;251;0;0;48;2;247;1;1m┊[48;2;251;0;0m [38;2;213;8;8;48;2;250;0;0m▁[38;2;251;0;0m┈[38;2;249;0;0;48;2;251;0;0m▁  [38;2;119;4;4;48;2;243;1;1m▗[38;2;101;3;3;48;2;229;3;3m▅[38;2;231;3;3;48;2;82;3;3m▄[38;2;90;2;2;48;2;157;8;8m┃[38;2;229;4;4;48;2;104;3;3m▘[38;2;222;2;2;48;2;51;2;2m▅[38;2;246;1;1;48;2;143;6;6m▇[38;2;213;7;7;48;2;122;5;4m▍[38;2;230;7;7;48;2;250;0;0m▏[48;2;251;0;0m [38;2;249;1;1;48;2;230;5;5m▉[38;2;193;6;6;48;2;60;2;2m▘[38;2;166;6;6;48;2;56;2;2m▝[38;2;188;4;4;48;2;241;2;2m▏[48;2;251;0;0m [38;2;251;0;0;48;2;245;2;1m╴[38;2;153;7;7;48;2;68;3;3m▆[38;2;232;4;4;48;2;181;10;10m▉[0m[38;2;88;3;3m▎[38;2;138;8;8m▄[7m[38;2;190;6;5m▍[0m[38;2;251;0;0;48;2;250;0;0m┈[0m[38;2;168;6;6m▌ [0m [38;2;99;9;8m▘[0m
  [7m[38;2;73;5;4m▅[0m [7m[38;2;124;5;4m▖[0m[38;2;248;2;1;48;2;243;2;2m┊[38;2;251;0;0;48;2;248;1;1m┈[38;2;107;7;6;48;2;228;5;4m▗[0m[7m[38;2;131;7;6m▝[0m[38;2;67;2;2m▝[38;2;68;3;2;48;2;227;4;4m▖[38;2;181;7;7;48;2;89;4;4m╴[0m[38;2;18;121;120m▁[7m[38;2;128;6;6m▖[0m[38;2;248;1;1;48;2;233;3;2m┈[48;2;251;0;0m [38;2;243;1;1;48;2;153;4;4m▇[38;2;166;9;8;48;2;246;1;1m▘[48;2;251;0;0m [38;2;96;3;3;48;2;236;3;3m▝[38;2;42;1;1;48;2;174;6;6m▆[38;2;25;2;2;48;2;201;7;6m▄[38;2;91;6;5;48;2;206;5;5m▆[38;2;167;7;7;48;2;228;4;4m╴[38;2;75;2;2;48;2;169;6;6m┛[38;2;250;0;0;48;2;244;1;1m┈[48;2;251;0;0m [38;2;86;3;3;48;2;241;2;2m▝[38;2;239;1;1;48;2;176;4;3m▇[48;2;251;0;0m [38;2;243;2;2;48;2;174;6;6m▉[38;2;114;4;4;48;2;212;8;8m▌[38;2;102;3;3;48;2;244;1;1m▃[38;2;163;11;11;48;2;230;2;2m╴[38;2;251;0;0;48;2;250;0;0m┈[48;2;228;7;7m▇[38;2;249;1;1;48;2;250;0;0m┊[38;2;251;0;0;48;2;240;4;3m▇[48;2;251;0;0m  [38;2;131;5;4;48;2;233;3;3m▝[38;2;80;2;2;48;2;216;5;4m▖[0m[38;2;209;5;5m▋[7m[38;2;132;4;3m▖[0m[38;2;248;1;1;48;2;244;2;2m┊[38;2;251;0;0;48;2;238;2;2m╴[0m[38;2;174;7;7m▘   [0m
[38;2;38;1;1;48;2;198;4;4m▌[0m[38;2;114;4;4m▌ [0m [38;2;120;9;9m▃[7m[38;2;134;5;5m▆[38;2;159;4;3m▄[0m[38;2;6;0;0;48;2;42;11;11m╴[0m[38;2;16;192;191m▆[38;2;6;235;234;48;2;16;27;27m▅[38;2;11;233;232;48;2;47;100;100m▆[38;2;9;233;232;48;2;62;73;73m▃[38;2;22;239;238;48;2;4;251;250m▏[38;2;0;252;251;48;2;6;238;237m┈[38;2;13;242;241;48;2;72;62;61m▖[38;2;118;8;8;48;2;244;1;1m▖[38;2;251;0;0;48;2;244;2;1m╴[48;2;245;1;1m┈[38;2;219;8;8;48;2;249;1;1m▁[38;2;249;0;0;48;2;250;0;0m┊[48;2;194;6;6m▇[38;2;228;2;2;48;2;49;2;1m▆[38;2;28;0;0;48;2;183;7;6m▘[38;2;251;0;0;48;2;249;0;0m▇[48;2;247;1;0m▇[48;2;251;0;0m [48;2;250;0;0m┈[38;2;232;5;5m▁[48;2;251;0;0m [38;2;251;0;0;48;2;250;0;0m┈[38;2;204;5;5;48;2;64;2;2m▌[38;2;166;12;11;48;2;90;6;5m╹[38;2;61;1;1;48;2;223;4;3m▘[48;2;251;0;0m   [38;2;251;0;0;48;2;245;1;1m┈[38;2;66;2;2;48;2;241;2;1m▃[38;2;8;0;0;48;2;223;3;3m▄[38;2;9;0;0;48;2;220;4;4m▄[38;2;106;4;4;48;2;238;3;3m▖[38;2;96;4;3;48;2;176;7;7m▚[0m[38;2;178;7;7m▋[7m[38;2;164;4;4m▍[0m[38;2;226;3;3;48;2;143;3;3m▉[0m[38;2;147;5;5m▘[38;2;113;7;6m▃   [0m
[38;2;13;0;0;48;2;175;2;1m▖[38;2;7;0;0;48;2;162;2;2m▝[0m  [38;2;28;0;0;48;2;206;6;6m▍[38;2;203;6;6;48;2;38;0;0m▌[0m[38;2;70;5;4m▅[38;2;18;241;240;48;2;13;74;73m▝[38;2;15;72;72;48;2;13;226;225m▅[38;2;8;43;43;48;2;24;209;208m▆[38;2;1;8;8;48;2;24;203;202m▆[38;2;5;43;43;48;2;33;233;232m▆[38;2;8;47;47;48;2;12;207;206m━[38;2;15;73;72;48;2;18;188;187m▗[38;2;21;115;114;48;2;26;221;220m▅[38;2;200;8;7;48;2;26;16;16m▝[38;2;154;6;5;48;2;236;3;2m▁[38;2;91;3;3;48;2;202;7;7m▚[38;2;145;6;6;48;2;212;5;5m▝[38;2;188;9;9;48;2;245;1;1m▏[48;2;251;0;0m  [38;2;251;0;0;48;2;248;0;0m▇[38;2;249;0;0;48;2;251;0;0m▂[38;2;108;4;4;48;2;225;4;4m▗[38;2;225;11;10;48;2;245;2;1m▏[38;2;97;3;3;48;2;179;6;6m┏[38;2;206;8;8;48;2;245;1;1m▏[48;2;251;0;0m [38;2;250;0;0;48;2;235;5;4m▉[38;2;225;9;9;48;2;79;3;3m▁[38;2;240;3;3;48;2;227;3;3m┈[48;2;251;0;0m [38;2;250;0;0m╶[48;2;248;1;0m┊[38;2;88;3;3;48;2;235;2;2m▃[38;2;155;6;6;48;2;14;1;1m▘[48;2;0;0;0m   [38;2;17;0;0;48;2;171;8;8m▊[38;2;158;5;5;48;2;241;3;3m▝[38;2;47;5;4;48;2;146;9;8m▝[38;2;136;5;4;48;2;237;3;3m▏[38;2;211;8;7;48;2;68;2;1m▌[38;2;105;5;4;48;2;237;3;3m▘[0m[38;2;204;5;5m▋   [0m
  [38;2;73;3;3;48;2;25;1;1m╶[38;2;118;9;9;48;2;3;0;0m▄[38;2;93;4;4;48;2;236;4;4m▎[38;2;124;3;3;48;2;234;4;4m▝[38;2;229;4;4;48;2;129;5;5m▉[38;2;1;0;0;48;2;18;1;1m┊[38;2;32;130;129;48;2;3;24;24m┗[38;2;9;57;57;48;2;22;175;174m▘[38;2;15;104;104;48;2;21;207;206m╴[38;2;21;236;235;48;2;22;119;118m▝[38;2;16;108;107;48;2;28;168;167m▖[38;2;132;12;12;48;2;27;109;108m▄[38;2;158;9;8;48;2;35;86;86m▄[38;2;103;7;7;48;2;22;106;105m▖[38;2;24;105;104;48;2;17;13;13m▏[38;2;9;1;0;48;2;126;6;6m▇[38;2;228;6;6;48;2;53;2;2m▝[38;2;67;1;1;48;2;243;2;2m▁[38;2;117;6;6;48;2;209;4;4m▂[38;2;177;6;6;48;2;239;2;2m▏[38;2;126;4;4;48;2;240;2;2m▗[38;2;228;8;8;48;2;248;1;1m▏[38;2;203;8;8;48;2;66;2;2m▍[38;2;99;4;4;48;2;228;5;5m▖[38;2;94;3;3;48;2;187;7;7m▚[38;2;153;5;5;48;2;241;2;2m▁[48;2;251;0;0m  [38;2;251;0;0;48;2;249;0;0m▇[48;2;250;0;0m▇[48;2;241;1;1m┈[38;2;52;2;2;48;2;231;2;2m▃[38;2;135;7;6;48;2;36;2;2m▚[38;2;87;7;7;48;2;2;0;0m▖[48;2;0;0;0m    [38;2;12;0;0;48;2;152;7;7m▊[38;2;218;14;13;48;2;249;0;0m▏[38;2;226;5;5;48;2;241;2;2m┊[38;2;251;0;0;48;2;249;0;0m┈[38;2;88;3;3;48;2;177;8;8m╽[38;2;231;8;8;48;2;248;0;0m▏[0m[38;2;191;7;7m▌   [0m
 [38;2;0;0;0m [0m [38;2;83;4;4;48;2;190;8;8m▖[48;2;250;0;0m [48;2;251;0;0m  [38;2;205;5;5;48;2;71;4;4m▌[38;2;33;1;1;48;2;1;0;0m╴[38;2;0;3;3;48;2;12;67;66m▇[38;2;8;52;51;48;2;20;223;222m▆[38;2;7;49;48;48;2;26;164;163m▅[38;2;24;113;112;48;2;30;164;163m▘[38;2;37;127;126;48;2;131;9;9m▆[38;2;37;156;155;48;2;129;12;12m▄[38;2;56;67;66;48;2;27;167;166m▘[38;2;17;230;229;48;2;20;110;109m▅[38;2;2;16;16;48;2;12;82;82m▉[38;2;23;236;235;48;2;0;2;2m▄[38;2;23;94;93;48;2;4;10;10m▏[38;2;225;6;6;48;2;97;8;7m▗[38;2;157;5;5;48;2;187;6;5m▁[38;2;243;1;1;48;2;137;5;5m▅[38;2;251;0;0;48;2;250;0;0m┈[48;2;244;1;1m┈[38;2;235;2;2;48;2;64;2;2m▅[38;2;42;1;1;48;2;180;6;6m━[38;2;24;0;0;48;2;156;9;8m╾[38;2;51;3;3;48;2;220;5;5m▄[38;2;11;0;0;48;2;227;4;3m▄[38;2;21;1;1;48;2;240;3;3m▅[38;2;16;0;0;48;2;222;5;5m▆[38;2;5;0;0;48;2;101;5;5m▇[38;2;144;11;11;48;2;40;3;2m╺[38;2;2;0;0;48;2;129;7;6m▃[38;2;131;6;6;48;2;1;0;0m▘[48;2;0;0;0m   [38;2;142;5;4;48;2;12;0;0m▂[38;2;71;3;3;48;2;232;4;4m▘[38;2;168;7;7;48;2;225;3;3m┎[38;2;155;7;7;48;2;231;4;4m┛[38;2;250;0;0;48;2;248;0;0m▇[38;2;50;1;1;48;2;191;5;5m▗[0m[7m[38;2;183;7;7m▄[0m [38;2;0;0;0m   [0m
 [38;2;0;0;0m  [38;2;119;6;6m▝[38;2;108;4;4;48;2;239;2;2m▂[38;2;251;0;0;48;2;250;0;0m┈[38;2;240;2;2;48;2;164;13;12m▉[38;2;107;8;7;48;2;12;0;0m▏[38;2;2;23;23;48;2;26;159;158m▌[38;2;18;104;104;48;2;13;217;217m▁[38;2;17;220;219;48;2;14;105;104m▅[38;2;16;241;240;48;2;11;70;70m▃[38;2;14;239;238;48;2;14;81;80m▂[38;2;24;242;242;48;2;22;115;115m▁[38;2;31;194;193;48;2;18;109;108m┻[38;2;36;194;193;48;2;17;103;102m━[38;2;24;242;241;48;2;12;74;74m▁[38;2;19;235;234;48;2;2;15;14m▂[38;2;15;234;233;48;2;6;38;37m▃[38;2;22;139;138;48;2;5;11;11m▖[38;2;8;9;9;48;2;158;10;10m▇[38;2;193;7;7;48;2;25;38;37m▝[38;2;63;3;3;48;2;241;4;4m▆[38;2;90;5;4;48;2;227;4;4m▅[38;2;103;3;3;48;2;244;2;2m▁[38;2;251;0;0;48;2;250;0;0m┊[38;2;125;4;4;48;2;231;4;4m╶[38;2;135;5;5;48;2;189;8;8m▃[38;2;208;7;6;48;2;149;9;8m▃[38;2;149;8;8;48;2;61;2;2m▇[38;2;166;10;9;48;2;10;0;0m▆[38;2;164;8;8;48;2;5;0;0m▅[38;2;162;10;10;48;2;6;0;0m▄[38;2;165;10;10;48;2;15;0;0m▃[38;2;176;8;8;48;2;9;0;0m▃[38;2;187;7;7;48;2;14;0;0m▃[38;2;176;7;7;48;2;7;0;0m▄[38;2;183;7;7;48;2;14;0;0m▅[38;2;200;7;6;48;2;79;3;3m▆[38;2;140;5;5;48;2;232;4;4m╼[38;2;178;8;8;48;2;208;5;5m╹[38;2;103;3;3;48;2;232;4;3m▃[38;2;156;6;6;48;2;239;2;2m╴[38;2;121;6;6;48;2;243;2;2m▗[0m[38;2;24;180;179m▂[0m [38;2;17;84;84m    [0m
 [38;2;0;0;0m  [0m [38;2;123;9;9m─[7m[38;2;136;7;6m━[0m[38;2;48;3;3;48;2;214;4;4m▄[38;2;189;10;9;48;2;60;4;3m╾[38;2;19;183;182;48;2;15;11;11m▝[38;2;44;18;17;48;2;18;208;207m▃[38;2;0;6;6;48;2;25;181;180m▁[38;2;0;31;30;48;2;30;169;169m╾[38;2;18;104;103;48;2;24;200;199m╴[38;2;28;149;148;48;2;15;229;228m╾[38;2;30;183;182;48;2;16;221;220m╷[38;2;30;154;153;48;2;10;238;237m▃[38;2;1;13;12;48;2;9;226;225m▃[38;2;0;12;12;48;2;9;244;243m▄[38;2;7;41;40;48;2;9;245;244m▅[38;2;5;29;28;48;2;14;111;110m▇[38;2;14;70;69;48;2;17;203;202m▍[38;2;20;225;224;48;2;10;70;69m▍[38;2;11;2;2;48;2;165;9;8m▆[38;2;136;7;6;48;2;17;0;0m▗[38;2;234;6;6;48;2;98;4;4m▖[38;2;157;7;6;48;2;243;3;3m▎[48;2;251;0;0m [38;2;243;1;1;48;2;140;4;4m▇[38;2;235;2;2;48;2;91;4;3m▄[38;2;56;2;2;48;2;172;5;5m┭[38;2;215;6;6;48;2;127;5;4m┯[38;2;60;1;1;48;2;200;4;4m╺[38;2;95;3;3;48;2;236;3;3m▄[38;2;46;1;1;48;2;239;3;3m▃[38;2;26;0;0;48;2;233;4;4m▂[38;2;30;0;0;48;2;236;4;3m▂[38;2;20;0;0;48;2;228;5;4m▂[38;2;36;1;1;48;2;236;4;3m▃[38;2;62;2;2;48;2;229;3;3m▄[38;2;23;0;0;48;2;177;4;4m━[38;2;228;4;4;48;2;85;3;3m▄[38;2;77;12;12;48;2;218;3;3m▂[38;2;35;65;64;48;2;209;3;3m▄[38;2;22;218;217;48;2;28;65;64m╼[38;2;17;123;122;48;2;16;198;197m┕[38;2;0;27;26;48;2;18;184;183m╴[0m[38;2;15;173;172m▆[38;2;13;189;188m▖  [0m
 [38;2;0;0;0m    [0m [7m[38;2;39;3;3m▇[0m[38;2;114;7;7;48;2;10;0;0m▃[38;2;109;5;5;48;2;8;0;0m▖[38;2;172;12;12;48;2;68;4;4m┗[38;2;10;0;0;48;2;0;0;0m▏[38;2;0;0;0;48;2;0;1;1m┈[48;2;1;51;51m▇[48;2;1;71;70m▇[48;2;0;5;5m┈[38;2;27;171;170;48;2;1;8;8m▁[38;2;22;226;225;48;2;0;3;3m▂[38;2;19;221;220m▂[38;2;6;41;41;48;2;12;229;228m▘[38;2;0;252;251;48;2;6;243;242m┈[38;2;16;186;185;48;2;4;39;38m▋[38;2;18;119;118;48;2;10;245;244m▎[38;2;6;248;247;48;2;14;95;94m▆[38;2;25;138;137;48;2;26;11;11m▎[38;2;214;6;6;48;2;53;2;2m▗[38;2;166;4;4;48;2;233;3;3m▁[38;2;114;3;3;48;2;242;2;2m▖[48;2;251;0;0m  [38;2;251;0;0;48;2;248;1;1m┈[38;2;238;2;2;48;2;105;5;4m▆[38;2;15;0;0;48;2;149;5;5m▗[38;2;53;2;2;48;2;232;3;2m▃[38;2;226;3;3;48;2;91;3;3m▇[38;2;244;2;2;48;2;47;1;1m▆[38;2;243;2;2;48;2;33;1;1m▆[38;2;248;1;1;48;2;93;4;4m▆[38;2;239;2;2;48;2;152;9;9m▇[38;2;41;120;120;48;2;207;6;5m▃[38;2;12;241;240;48;2;124;22;21m▄[38;2;18;219;218;48;2;31;81;80m▂[38;2;13;207;206;48;2;17;96;95m▇[38;2;1;252;251;48;2;13;246;245m▇[38;2;10;234;233;48;2;17;118;118m▆[38;2;25;148;147;48;2;10;57;56m▖[38;2;9;65;64;48;2;10;232;231m▅[38;2;17;193;192;48;2;14;92;91m▆[38;2;17;109;108;48;2;17;198;197m┓[0m[38;2;14;179;178m▋ [0m
 [38;2;0;0;0m      [0m [7m[38;2;112;6;6m▃[0m[38;2;1;0;0;48;2;0;0;0m┈[38;2;0;0;0m┈[38;2;44;3;2m▁ [38;2;1;8;8;48;2;16;79;78m▉[38;2;8;46;46;48;2;11;222;221m▘[38;2;14;122;121;48;2;7;244;243m▂[38;2;8;59;58;48;2;8;238;237m▂[38;2;13;99;98;48;2;3;250;249m▂[38;2;7;248;247;48;2;35;209;208m▉[38;2;4;35;35;48;2;14;169;168m━[38;2;9;231;230;48;2;13;83;82m▄[38;2;0;252;251;48;2;4;250;249m┈[38;2;3;251;250;48;2;50;215;214m▉[38;2;19;114;113;48;2;3;8;8m▏[38;2;147;10;10;48;2;82;5;5m╻[38;2;215;4;4;48;2;97;5;4m▅[38;2;251;0;0;48;2;239;1;1m┈[38;2;28;0;0;48;2;229;4;3m▗[38;2;40;2;2;48;2;219;5;5m▆[38;2;234;4;4;48;2;99;4;4m▃[38;2;120;5;4;48;2;233;3;3m▁[38;2;205;8;8;48;2;34;1;1m▘[38;2;162;9;8;48;2;7;0;0m▃[38;2;165;7;7;48;2;31;1;1m▄[38;2;86;4;4;48;2;170;6;5m━[38;2;109;4;4;48;2;227;2;2m▄[38;2;250;0;0;48;2;236;2;2m┊[0m[38;2;178;5;5m▍[7m[38;2;11;194;194m▃[0m[38;2;21;147;146;48;2;3;247;246m▁[48;2;0;252;251m [38;2;5;247;246;48;2;18;137;137m▆[38;2;20;222;221;48;2;13;96;95m▖[38;2;1;8;8;48;2;26;153;152m▄[38;2;4;28;27;48;2;11;243;242m▃[38;2;6;43;42;48;2;9;246;245m▂[38;2;19;99;98;48;2;9;236;235m▂[38;2;24;192;191;48;2;15;218;218m╷[0m[38;2;19;206;205m▘ [0m
 [38;2;0;0;0m         [0m [7m[38;2;54;4;4m╴[0m[38;2;0;0;0;48;2;3;0;0m┈[48;2;1;4;4m┈[38;2;7;60;59;48;2;29;215;214m▆[38;2;13;94;93;48;2;10;237;236m▘[38;2;0;252;251;48;2;28;237;236m▇[38;2;5;245;244;48;2;23;116;115m▇[38;2;12;240;239;48;2;14;83;82m▖[38;2;8;71;70;48;2;17;197;196m▎[38;2;18;124;123;48;2;13;205;204m▗[38;2;13;103;102;48;2;12;219;218m▖[38;2;15;98;97;48;2;14;214;213m┭[38;2;9;86;85;48;2;20;160;159m┘[38;2;14;60;59;48;2;103;10;9m▆[38;2;4;1;1;48;2;187;6;6m▆[38;2;5;0;0;48;2;159;6;6m━[38;2;210;7;7;48;2;31;1;1m▂[38;2;188;6;5;48;2;8;0;0m▂[38;2;234;4;4;48;2;64;3;3m▂[38;2;211;5;4;48;2;43;1;1m▅[38;2;26;165;164;48;2;132;10;9m▗[38;2;9;230;229;48;2;56;30;30m▆[38;2;6;248;247;48;2;8;73;72m▇[38;2;50;58;57;48;2;9;226;225m▝[38;2;36;127;126;48;2;181;9;9m▖[38;2;117;5;5;48;2;198;6;6m┗[0m[38;2;85;5;4m▎ [0m [7m[38;2;17;223;222m▆[38;2;13;170;169m▄[38;2;20;211;210m▃[38;2;13;212;211m▁[38;2;10;192;191m▁[38;2;11;187;186m▁[38;2;12;215;214m▂[0m[38;2;13;229;228m▘  [0m
 [38;2;0;0;0m         [0m [38;2;16;187;186m▁[38;2;10;231;230m▃[38;2;8;229;228;48;2;4;31;30m▆[38;2;0;252;251;48;2;3;247;246m┈[48;2;0;252;251m  [48;2;5;240;239m╴[38;2;8;248;247;48;2;10;62;61m▘[38;2;0;5;5;48;2;16;197;196m▅[38;2;0;6;5;48;2;18;220;219m▅[38;2;0;1;1;48;2;19;191;190m▅[38;2;1;9;9;48;2;26;176;175m▅[38;2;0;1;1;48;2;17;185;184m▄[38;2;0;4;4;48;2;26;160;159m▄[38;2;0;0;0;48;2;0;1;1m┈[38;2;209;7;6;48;2;15;0;0m▝[38;2;34;1;1;48;2;248;0;0m▄[38;2;35;2;2;48;2;248;1;1m▄[38;2;5;0;0;48;2;209;4;4m▄[48;2;119;4;4m▆[38;2;23;236;235;48;2;8;43;43m▝[38;2;0;252;251;48;2;4;245;244m┈[48;2;0;252;251m  [48;2;5;245;244m┈[38;2;7;233;232;48;2;101;40;39m▅[38;2;13;189;188;48;2;128;11;11m▃[0m [38;2;11;72;72m           [0m
 [38;2;0;0;0m     [0m [38;2;16;125;125m▄[38;2;8;211;210m▄[38;2;13;221;220m▆[38;2;10;233;232;48;2;22;93;93m▇[38;2;23;132;131;48;2;1;251;250m▁[38;2;4;76;75;48;2;2;251;250m▁[38;2;0;22;21;48;2;6;241;240m▁[38;2;0;9;9;48;2;6;237;236m▂[38;2;5;30;29;48;2;6;246;245m▄[38;2;0;5;5;48;2;14;195;194m▅[38;2;2;16;16;48;2;12;101;100m▉[38;2;15;230;229;48;2;10;44;43m▅[38;2;13;169;168;48;2;1;6;6m▃[38;2;0;0;0;48;2;0;3;3m┈┈[38;2;10;54;54;48;2;0;0;0m▁      [38;2;0;0;0;48;2;2;12;12m┈[38;2;13;210;209;48;2;6;39;38m▄[38;2;26;182;181;48;2;2;18;17m▍[38;2;1;8;8;48;2;17;143;142m▇[38;2;2;19;19;48;2;9;230;229m▅[38;2;5;28;27;48;2;6;243;242m▃[38;2;12;68;68;48;2;2;251;250m▂[38;2;24;133;133;48;2;1;252;251m▁[38;2;0;252;251;48;2;2;251;250m┈[48;2;3;242;241m┈[0m[38;2;5;248;247m▆[38;2;6;234;233m▅[38;2;11;224;223m▄[38;2;23;192;191m▃[0m [38;2;0;0;0m      [0m
 [38;2;0;0;0m        [0m   [38;2;0;0;0m [38;2;146;5;4m▝[38;2;233;3;3;48;2;54;0;0m▇[38;2;61;3;3;48;2;227;3;3m▝[38;2;136;5;4;48;2;8;0;0m▂[38;2;0;0;0;48;2;2;1;1m┈[38;2;11;28;27;48;2;14;188;187m▃[38;2;73;14;13;48;2;8;240;239m▂[38;2;24;209;208;48;2;86;28;28m▘[38;2;220;4;4;48;2;32;113;112m▄[38;2;236;3;2;48;2;30;62;62m▅[38;2;235;3;2;48;2;9;0;0m▆[38;2;237;4;4;48;2;30;0;0m▆[38;2;237;3;3;48;2;18;0;0m▆[38;2;243;2;2;48;2;29;1;1m▅[38;2;233;3;3;48;2;31;58;58m▄[38;2;191;9;9;48;2;21;115;114m▃[38;2;89;29;29;48;2;14;220;219m▂[38;2;10;29;29;48;2;9;219;219m▃[38;2;0;0;0;48;2;6;18;18m┊[38;2;182;7;7;48;2;12;0;0m▁[38;2;5;0;0;48;2;183;4;4m▘[38;2;241;2;2;48;2;59;1;1m▇[38;2;176;4;4;48;2;32;0;0m▆[0m[38;2;78;7;7m╸[7m[38;2;5;86;85m▇[38;2;41;159;158m▇[38;2;48;183;182m▇[38;2;38;151;150m▇[38;2;14;101;100m▇[0m [38;2;0;0;0m       [0m
 [38;2;0;0;0m             [7m[38;2;122;5;5m▆[38;2;222;3;3m▄[38;2;233;3;3m▃[0m[38;2;95;4;4;48;2;229;5;5m▃[38;2;144;5;5;48;2;231;4;3m▃[38;2;161;5;5;48;2;237;4;4m▃[38;2;114;3;3;48;2;226;3;3m─[38;2;58;1;1;48;2;192;5;5m┮[38;2;25;0;0;48;2;182;4;3m╸[38;2;235;3;3;48;2;73;4;4m▅[38;2;229;3;3;48;2;30;0;0m▅[38;2;232;3;3;48;2;52;1;1m▅[38;2;41;0;0;48;2;169;4;4m╺[38;2;134;8;7;48;2;215;4;4m━[38;2;165;6;6;48;2;226;3;2m┒[38;2;146;6;6;48;2;240;2;2m▂[38;2;145;7;7;48;2;237;2;2m▂[38;2;40;0;0;48;2;226;4;3m▁[0m[7m[38;2;235;3;2m▂[38;2;236;1;1m▄[38;2;184;4;4m▆[0m [38;2;0;0;0m              [0m
 [38;2;0;0;0m                [7m[38;2;95;6;6m▇[38;2;204;3;3m▅[38;2;209;2;2m▃[0m[38;2;47;1;1;48;2;192;6;5m▖[38;2;153;6;6;48;2;245;1;1m▘[48;2;251;0;0m    [38;2;251;0;0;48;2;250;0;0m┈[38;2;160;7;6;48;2;224;4;4m▝[0m[7m[38;2;223;4;4m▃[38;2;235;2;2m▄[38;2;159;8;7m▅[0m [38;2;0;0;0m                  [0m
 [38;2;0;0;0m                   [7m[38;2;83;4;4m▇[38;2;198;4;3m▄[38;2;241;2;2m▃[38;2;230;1;1m▂[38;2;221;2;2m▂[38;2;230;1;1m▂[38;2;237;2;2m▃[38;2;213;4;4m▅[0m [38;2;0;0;0m                     [0m[u[0m [38;2;0;0;0m                                  [0m  [38;2;0;0;0m             [0m
 [38;2;0;0;0m                             [38;2;115;5;4m▁[38;2;205;4;4m▄[38;2;220;3;3m▅[38;2;218;3;2m▆[38;2;210;3;3m▆[7m[38;2;197;4;4m▃[0m [38;2;0;0;0m           [38;2;110;3;3m▗[38;2;202;5;5m▋[0m
 [38;2;0;0;0m                           [0m [38;2;199;2;2m▃[38;2;251;0;0;48;2;234;2;2m┈[0m[7m[38;2;234;2;2m▂[38;2;201;3;3m▄[38;2;148;5;4m▆[0m [38;2;0;0;0m     [7m[38;2;54;3;3m▉[0m[38;2;124;10;9m▄   [0m [38;2;191;4;3m▂[38;2;202;2;2m▅[7m[38;2;200;3;3m▃[0m [0m
 [38;2;0;0;0m                          [38;2;180;3;3m▂[7m[38;2;231;1;1m▘[38;2;244;1;1m▗[0m[38;2;173;2;2m▘[0m [38;2;0;0;0m      [0m [38;2;193;5;5m▃[38;2;72;4;4;48;2;218;3;3m▘[0m[38;2;237;4;3m▘ [0m [38;2;142;5;5m▄[7m[38;2;157;3;3m▂[38;2;200;3;2m▅[0m [38;2;2;0;0m  [0m
 [38;2;0;0;0m╴[38;2;8;0;0m▁[0m [38;2;0;0;0m         [38;2;119;9;8m▗[38;2;102;5;4m▖[0m [38;2;0;0;0m      [0m [38;2;29;0;0m  [38;2;119;5;5m▗[7m[38;2;216;3;3m▘[0m[38;2;245;0;0;48;2;244;0;0m┊[38;2;244;0;0;48;2;241;2;2m▉[0m[7m[38;2;174;4;3m▝[38;2;167;5;5m▘[0m [38;2;0;0;0m    [0m [38;2;133;7;6m▄[7m[38;2;186;4;4m▂[38;2;202;3;3m▄[38;2;89;6;6m▆[0m[38;2;1;0;0m  [7m[38;2;81;4;4m▋[0m[38;2;124;7;7m▘     [0m
 [38;2;0;0;0m [0m [38;2;224;6;5;48;2;85;3;3m▗[38;2;222;4;3;48;2;21;1;1m▖[0m [38;2;0;0;0m      [0m [38;2;115;6;6;48;2;215;8;7m▎[0m[38;2;157;7;7m▖[0m [38;2;0;0;0m     [7m[38;2;155;8;8m▌[0m[38;2;120;7;7m▎ [0m [38;2;72;3;3;48;2;215;6;6m▎[48;2;242;2;1m    [38;2;242;2;1;48;2;237;3;2m┈[0m[38;2;229;4;3m▅[38;2;210;5;4m▄[38;2;208;5;4m▄[38;2;211;6;5m▆[38;2;85;7;7m▎ [0m  [38;2;34;3;2m [38;2;115;7;7m▗[38;2;157;8;8m▖        [0m
 [38;2;0;0;0m [0m [38;2;50;3;3;48;2;225;3;2m▎[38;2;236;2;1;48;2;29;1;1m▋[0m [38;2;0;0;0m       [38;2;132;6;6m▝[7m[38;2;222;5;4m▖[38;2;196;4;3m▝[0m [38;2;67;3;3m [0m [38;2;118;7;7m▂[0m [7m[38;2;202;6;6m▌[0m[38;2;87;3;3;48;2;236;2;2m▝[0m[38;2;216;4;3m▃[38;2;211;5;5m▃[38;2;200;6;6;48;2;238;3;2m▏[38;2;244;0;0;48;2;242;2;1m▃▃▃▃▃[38;2;242;2;1;48;2;226;3;3m┈[0m[7m[38;2;190;5;4m▄[38;2;179;7;6m▖[38;2;152;5;4m▗[0m  [7m[38;2;182;6;6m▘[0m[38;2;128;7;6m▌ [7m[38;2;95;3;3m▋[0m[38;2;208;11;11;48;2;83;3;3m▊[0m[38;2;14;0;0m▏[38;2;93;7;6m▂    [38;2;123;10;9m┏[0m [0m
 [38;2;0;0;0m [0m  [38;2;17;1;1;48;2;194;2;2m▂[38;2;139;3;3;48;2;16;1;1m▄[0m [38;2;0;0;0m       [0m [7m[38;2;213;4;4m▖[0m[38;2;53;3;3;48;2;225;3;3m▝[0m [38;2;53;2;2m [7m[38;2;140;7;7m▌[0m[38;2;235;3;3;48;2;75;3;3m▆[38;2;247;0;0;48;2;238;1;1m┈[48;2;244;0;0m▅▅▅▅▅▅▅▅[38;2;245;0;0;48;2;243;1;1m▉[0m[38;2;159;5;5m▌[38;2;174;7;6m▅[7m[38;2;43;5;4m▆[0m [38;2;0;0;0m [38;2;76;4;4m▁[38;2;160;9;9;48;2;239;3;3m▎[38;2;242;1;1;48;2;177;4;4m▇[0m[38;2;196;4;4m▅[0m [7m[38;2;95;7;6m▄[0m [7m[38;2;196;6;6m▎[0m[38;2;213;5;5m▖  [7m[38;2;63;1;1m▉[0m[38;2;95;5;5;48;2;201;7;7m▝[0m [0m
 [38;2;0;0;0m   [0m  [7m[38;2;17;1;1m╴[0m[38;2;143;7;7m▗[38;2;196;5;5m▃[0m [38;2;56;4;4m    [38;2;121;7;6m▗[7m[38;2;81;3;3m▊[0m[38;2;169;7;7;48;2;242;2;2m▏[38;2;52;2;2;48;2;213;4;4m▝[0m[38;2;155;6;6m▄[0m [38;2;72;2;2;48;2;225;5;4m▎[38;2;251;0;0;48;2;247;0;0m▆▆▆▆▆▆▆▆▆[48;2;248;0;0m▅[38;2;247;1;1;48;2;167;9;9m▇[38;2;251;0;0;48;2;249;0;0m┈[38;2;70;3;3;48;2;229;2;2m▝[0m[38;2;219;2;2m▅[38;2;219;3;3m▆[38;2;242;1;1;48;2;134;6;5m▇[38;2;251;0;0;48;2;247;0;0m▇[48;2;250;0;0m▇[38;2;250;0;0;48;2;240;2;1m╴[0m[38;2;103;4;4m▍[0m [7m[38;2;166;4;4m▍[0m[38;2;250;0;0;48;2;246;1;1m┈[38;2;202;5;5;48;2;43;1;1m▊[0m[38;2;202;5;5m   [7m[38;2;132;4;4m▖[0m[38;2;111;6;6;48;2;241;2;2m▝[0m
[7m[38;2;137;8;7m▌[0m[38;2;134;5;5m▖[0m [38;2;117;7;7m▃[0m [38;2;40;6;5m▁[0m  [7m[38;2;133;4;4m▖[0m[38;2;131;5;5;48;2;240;2;2m▝[0m[38;2;119;4;3m▄[0m [38;2;66;8;7m▁ [38;2;103;7;7m▗[38;2;107;7;7;48;2;33;2;1m▏[38;2;79;2;2;48;2;226;4;4m▎[38;2;251;0;0;48;2;249;0;0m┈[38;2;250;0;0;48;2;219;7;6m▇[38;2;69;1;1;48;2;214;5;5m▝[38;2;250;0;0;48;2;237;2;2m┈[48;2;251;0;0m     [38;2;251;0;0;48;2;238;2;2m╴[38;2;108;4;4;48;2;241;2;2m▖[48;2;251;0;0m [38;2;136;5;5;48;2;244;1;1m▁[38;2;61;3;2;48;2;238;2;2m▃[38;2;83;5;4;48;2;227;4;4m▅[38;2;233;7;6;48;2;250;0;0m▏[48;2;251;0;0m  [38;2;251;0;0;48;2;244;1;1m┈[38;2;170;4;4;48;2;249;1;1m▖[48;2;251;0;0m  [0m[38;2;207;4;4m▊[0m [38;2;164;8;8m▗[7m[38;2;197;6;5m▗[38;2;172;5;4m▅[38;2;80;4;4m▉[0m[38;2;190;7;6m▅[0m [38;2;34;1;1m [0m [38;2;69;3;3;48;2;219;6;5m▎[0m
 [7m[38;2;189;6;6m▖[0m[38;2;120;4;4m▄[38;2;80;3;3m▝[7m[38;2;187;7;7m▝[38;2;100;4;4m▘[38;2;184;6;6m▝[0m[38;2;171;4;4m▄[38;2;28;1;1m╱[38;2;46;1;1;48;2;203;5;5m▖[38;2;251;0;0;48;2;236;2;2m╴[0m[38;2;99;4;4m▍[7m[38;2;91;6;5m▖[0m[38;2;165;6;6m▄[7m[38;2;166;5;5m▍[0m[38;2;80;3;3;48;2;238;3;2m▝[38;2;203;7;7;48;2;72;2;2m▝[38;2;251;0;0;48;2;245;1;1m┊[48;2;251;0;0m [38;2;217;7;7;48;2;250;0;0m▁[38;2;251;0;0m┈[38;2;250;0;0;48;2;251;0;0m▁  [38;2;131;4;4;48;2;245;1;1m▗[38;2;100;3;3;48;2;234;3;2m▅[38;2;226;3;3;48;2;83;3;2m▄[38;2;57;2;2;48;2;165;9;8m▘[38;2;50;1;1;48;2;173;5;4m┏[38;2;229;2;2;48;2;66;2;2m▄[38;2;242;1;1;48;2;110;5;5m▇[38;2;224;6;6;48;2;118;4;4m▍[38;2;221;10;9;48;2;249;1;1m▏[48;2;251;0;0m [38;2;251;0;0;48;2;249;1;1m┈[38;2;226;4;4;48;2;74;3;3m▘[38;2;145;5;5;48;2;47;2;2m▝[38;2;179;5;4;48;2;241;2;2m▏[48;2;251;0;0m [38;2;251;0;0;48;2;244;2;2m╴[38;2;149;9;8;48;2;53;2;2m▆[38;2;232;4;4;48;2;191;10;9m▉[0m[38;2;108;5;4m▎[38;2;122;8;7m▄[7m[38;2;170;6;6m▍[0m[38;2;251;0;0;48;2;250;0;0m┊[0m[38;2;179;6;6m▌ [0m [7m[38;2;86;7;7m▅[0m
  [7m[38;2;89;5;5m▅[0m [7m[38;2;127;4;4m▖[0m[38;2;249;1;1;48;2;243;2;2m┈[38;2;250;0;0;48;2;221;6;6m▇[38;2;110;5;5;48;2;233;4;4m▗[0m[7m[38;2;138;7;6m▝[0m[38;2;72;3;3m▝[38;2;72;3;2;48;2;229;4;3m▖[38;2;208;8;8;48;2;28;1;1m▍[0m[38;2;10;93;92m▁[7m[38;2;120;5;5m▖[0m[38;2;236;2;2;48;2;192;7;7m▇[48;2;251;0;0m [38;2;244;1;1;48;2;160;5;5m▇[38;2;158;7;6;48;2;244;2;1m▘[48;2;251;0;0m [38;2;105;4;4;48;2;237;3;3m▝[38;2;42;1;1;48;2;181;6;6m▆[38;2;26;2;2;48;2;210;6;6m▄[38;2;91;5;4;48;2;214;4;4m▆[38;2;186;4;3;48;2;229;4;4m▏[38;2;72;2;1;48;2;167;6;6m┛[38;2;250;0;0;48;2;243;1;1m┈[48;2;251;0;0m [38;2;95;3;3;48;2;243;2;2m▝[38;2;233;2;2;48;2;148;4;4m▇[48;2;251;0;0m [38;2;246;1;1;48;2;190;5;5m▉[38;2;131;5;5;48;2;218;7;7m▋[38;2;107;4;3;48;2;246;1;1m▃[38;2;181;12;11;48;2;230;2;2m╴[38;2;251;0;0;48;2;250;0;0m┈[48;2;223;9;8m▇[48;2;249;1;0m┈[48;2;239;5;5m▇[48;2;251;0;0m  [38;2;133;4;4;48;2;234;3;3m▝[38;2;77;2;2;48;2;211;5;5m▖[0m[38;2;202;5;5m▊[38;2;229;5;5m▝[38;2;247;2;2;48;2;242;2;2m┈[38;2;251;0;0;48;2;241;1;1m╴[0m[38;2;196;6;6m▘   [0m
[38;2;35;0;0;48;2;192;3;3m▌[38;2;159;4;4;48;2;51;2;2m╴[0m[38;2;159;4;4m [0m [38;2;114;9;8m▃[7m[38;2;149;6;6m▆[38;2;171;3;3m▄[0m[38;2;11;0;0;48;2;45;8;8m╴[0m[38;2;12;180;179m▆[38;2;7;234;233;48;2;17;20;19m▅[38;2;11;230;229;48;2;50;89;89m▆[38;2;11;228;227;48;2;67;68;67m▃[38;2;26;235;234;48;2;4;250;249m▏[38;2;0;252;251;48;2;6;239;238m┈[38;2;12;240;239;48;2;69;61;60m▖[38;2;124;6;6;48;2;245;1;1m▖[38;2;251;0;0;48;2;244;1;1m┈[48;2;245;1;1m┈[38;2;219;9;8;48;2;250;0;0m▁[38;2;249;0;0;48;2;251;0;0m─[48;2;184;6;6m▇[38;2;228;3;3;48;2;41;1;1m▆[38;2;27;0;0;48;2;180;6;6m▘[38;2;251;0;0;48;2;250;0;0m▇[48;2;246;1;1m▇[48;2;251;0;0m [48;2;250;0;0m┈[38;2;236;4;4;48;2;251;0;0m▁ [38;2;251;0;0;48;2;250;0;0m┈[38;2;208;5;5;48;2;66;2;2m▌[38;2;179;15;14;48;2;91;6;5m╹[38;2;62;1;1;48;2;222;4;3m▘[48;2;251;0;0m   [38;2;251;0;0;48;2;246;1;1m┈[38;2;41;1;1;48;2;227;2;2m▂[38;2;12;0;0;48;2;230;3;3m▄[38;2;11;0;0;48;2;227;3;3m▄[38;2;112;5;5;48;2;242;2;2m▖[38;2;99;4;4;48;2;172;7;6m▚[0m[38;2;159;6;6m▊[38;2;238;4;4;48;2;64;3;2m▗[38;2;226;3;3;48;2;146;3;3m▉[0m[38;2;155;5;5m▘[38;2;102;7;7m▃   [0m
[38;2;19;0;0;48;2;181;3;3m▖[38;2;0;0;0;48;2;143;2;2m┕[0m  [38;2;30;0;0;48;2;207;6;6m▍[38;2;200;6;6;48;2;35;0;0m▌[0m[38;2;81;5;5m▄[38;2;3;22;22;48;2;18;169;168m▍[38;2;13;70;70;48;2;12;235;234m▅[38;2;6;33;33;48;2;16;241;240m▆[38;2;0;5;5;48;2;16;240;240m▆[38;2;5;43;42;48;2;17;241;240m▆[38;2;5;32;32;48;2;8;211;210m━[38;2;19;89;88;48;2;18;192;191m▗[38;2;12;67;66;48;2;22;176;175m╺[38;2;203;7;6;48;2;30;15;15m▝[38;2;165;5;5;48;2;237;3;2m▁[38;2;95;3;3;48;2;202;6;6m▚[38;2;149;6;5;48;2;212;5;5m▝[38;2;186;9;8;48;2;245;2;1m▏[48;2;251;0;0m  [38;2;251;0;0;48;2;249;0;0m▇[38;2;249;0;0;48;2;251;0;0m▂[38;2;109;4;4;48;2;227;3;3m▗[38;2;224;10;10;48;2;246;2;1m▏[38;2;98;3;3;48;2;181;6;6m┏[38;2;206;8;8;48;2;245;1;1m▏[48;2;251;0;0m [38;2;250;0;0;48;2;233;4;4m▉[38;2;213;9;8;48;2;75;3;3m▁[38;2;237;3;3;48;2;167;5;5m▇[48;2;251;0;0m [38;2;250;0;0m╶[38;2;251;0;0;48;2;249;0;0m┊[38;2;67;4;4;48;2;226;2;2m▗[38;2;168;6;5;48;2;16;1;1m▘[48;2;0;0;0m   [38;2;18;0;0;48;2;172;9;8m▊[38;2;143;5;5;48;2;241;3;3m▝[38;2;48;4;3;48;2;142;10;9m▝[38;2;135;5;4;48;2;237;3;3m▏[38;2;212;7;7;48;2;68;1;1m▌[38;2;95;4;4;48;2;235;3;3m▘[0m[38;2;201;5;5m▋   [0m
  [38;2;64;4;4;48;2;15;1;1m▗[38;2;111;9;8;48;2;2;0;0m▄[38;2;90;4;4;48;2;235;4;4m▎[38;2;122;3;3;48;2;233;4;4m▝[38;2;228;4;4;48;2;125;6;6m▉[38;2;74;3;3;48;2;8;0;0m▏[38;2;42;170;169;48;2;6;35;34m╺[38;2;9;62;61;48;2;19;177;176m━[38;2;17;207;206;48;2;18;133;132m▇[38;2;19;108;107;48;2;25;213;212m▋[38;2;13;83;82;48;2;24;165;164m╱[38;2;146;9;8;48;2;34;95;94m▃[38;2;158;8;8;48;2;25;87;86m▄[38;2;101;52;51;48;2;32;83;83m▏[38;2;24;101;100;48;2;19;13;13m▏[38;2;1;0;0;48;2;99;9;8m▆[38;2;230;6;5;48;2;56;2;2m▝[38;2;86;4;4;48;2;245;1;1m▁[38;2;117;6;6;48;2;214;3;3m▂[38;2;182;5;5;48;2;239;2;2m▏[38;2;127;4;4;48;2;242;2;2m▗[38;2;228;8;8;48;2;248;1;1m▏[38;2;202;8;8;48;2;63;2;2m▍[38;2;115;4;4;48;2;231;5;4m▖[38;2;91;3;3;48;2;186;7;6m▚[38;2;164;4;4;48;2;244;1;1m▁[48;2;251;0;0m  [38;2;251;0;0;48;2;249;0;0m▇[48;2;250;0;0m▇[48;2;244;1;1m┈[38;2;63;2;2;48;2;236;2;1m▃[38;2;60;3;3;48;2;185;4;4m▆[38;2;79;7;6;48;2;3;0;0m▖[48;2;0;0;0m    [38;2;12;0;0;48;2;151;7;7m▊[38;2;218;14;13;48;2;249;0;0m▏[38;2;226;4;4;48;2;241;2;2m┊[38;2;251;0;0;48;2;249;0;0m┈[38;2;72;0;0;48;2;175;7;7m╻[38;2;232;8;8;48;2;248;0;0m▏[0m[38;2;195;7;6m▌   [0m
 [38;2;0;0;0m [0m [38;2;90;6;6;48;2;190;8;7m▎[48;2;250;0;0m [48;2;251;0;0m  [38;2;208;5;5;48;2;72;3;3m▌[38;2;33;0;0;48;2;2;0;0m╴[38;2;0;2;2;48;2;18;88;87m▇[38;2;9;53;53;48;2;16;234;233m▆[38;2;6;48;47;48;2;26;171;170m▅[38;2;8;68;67;48;2;29;159;158m╶[38;2;32;142;141;48;2;114;16;15m▅[38;2;31;158;157;48;2;140;9;9m▄[38;2;58;51;50;48;2;26;166;165m▘[38;2;16;227;226;48;2;22;109;108m▅[38;2;2;15;15;48;2;13;80;79m▉[38;2;20;232;231;48;2;0;2;2m▄[38;2;23;91;90;48;2;4;9;9m▏[38;2;224;6;6;48;2;95;8;7m▗[38;2;148;5;5;48;2;190;5;5m╺[38;2;242;2;2;48;2;133;5;5m▅[48;2;250;0;0m [38;2;251;0;0;48;2;243;1;1m┈[38;2;232;2;2;48;2;61;2;2m▅[38;2;34;1;1;48;2;185;6;6m━[38;2;33;0;0;48;2;152;8;8m╾[38;2;49;2;2;48;2;229;5;5m▄[38;2;13;0;0;48;2;236;3;3m▄[38;2;27;2;2;48;2;245;2;2m▅[38;2;21;1;1;48;2;233;4;3m▆[38;2;6;0;0;48;2;118;5;5m▇[38;2;126;8;8;48;2;29;2;2m┗[38;2;182;9;8;48;2;51;3;3m▝[38;2;139;6;6;48;2;2;0;0m▘[48;2;0;0;0m   [38;2;134;4;4;48;2;10;0;0m▂[38;2;62;3;3;48;2;231;3;3m▘[38;2;170;8;8;48;2;233;2;2m▂[38;2;155;7;7;48;2;232;5;4m┛[38;2;250;0;0;48;2;248;1;0m▇[38;2;53;1;1;48;2;192;5;5m▗[0m[7m[38;2;188;7;7m▄[0m [38;2;0;0;0m   [0m
 [38;2;0;0;0m  [38;2;123;6;6m▝[38;2;86;4;4;48;2;229;2;2m▁[38;2;251;0;0;48;2;250;0;0m┈[48;2;231;4;4m╴[38;2;111;7;7;48;2;13;0;0m▏[38;2;2;22;22;48;2;23;155;154m▌[38;2;13;218;217;48;2;18;84;84m▇[38;2;20;223;222;48;2;15;109;108m▅[38;2;14;241;240;48;2;10;70;69m▃[38;2;18;233;232;48;2;12;77;76m▂[38;2;35;227;226;48;2;21;116;115m▁[38;2;33;226;225;48;2;18;114;113m━[38;2;39;192;191;48;2;15;103;102m┷[38;2;36;229;228;48;2;10;74;73m▁[38;2;18;221;220;48;2;1;13;13m▂[38;2;14;225;224;48;2;8;41;40m▃[38;2;17;127;126;48;2;5;11;11m▂[38;2;11;8;8;48;2;176;11;11m▇[38;2;203;7;7;48;2;27;36;35m▝[38;2;45;2;2;48;2;211;3;3m▅[38;2;92;5;5;48;2;235;3;3m▅[38;2;130;4;4;48;2;246;1;1m▁[38;2;251;0;0;48;2;250;0;0m┊[38;2;117;3;3;48;2;231;4;4m╶[38;2;141;6;5;48;2;191;8;7m▃[38;2;209;7;6;48;2;149;9;9m▃[38;2;148;8;8;48;2;44;1;1m▇[38;2;165;9;9;48;2;5;0;0m▆[38;2;178;9;9;48;2;22;0;0m▄[38;2;152;8;8;48;2;2;0;0m▄[38;2;163;9;9;48;2;10;0;0m▃[38;2;174;7;7;48;2;3;0;0m▃[38;2;183;7;7;48;2;10;0;0m▃[38;2;172;6;6;48;2;3;0;0m▄[38;2;180;6;6;48;2;8;0;0m▅[38;2;199;6;6;48;2;61;2;2m▆[38;2;138;6;6;48;2;231;4;4m╼[38;2;225;4;4;48;2;177;7;6m▅[38;2;103;4;4;48;2;231;3;3m▃[38;2;161;7;7;48;2;238;2;2m╴[38;2;128;6;6;48;2;245;1;1m▗[0m[38;2;26;163;162m▂[0m [38;2;15;73;73m    [0m
 [38;2;0;0;0m  [0m [38;2;94;6;6m┒[7m[38;2;146;6;6m━[0m[38;2;51;3;2;48;2;220;4;4m▄[38;2;221;9;9;48;2;65;4;4m╸[38;2;21;190;189;48;2;16;12;12m▝[38;2;40;26;26;48;2;17;205;204m▃[38;2;1;20;19;48;2;23;180;179m▁[38;2;1;37;36;48;2;29;177;176m╾[38;2;24;128;127;48;2;21;202;201m╴[38;2;22;157;156;48;2;14;231;230m┑[38;2;36;195;194;48;2;17;225;224m╷[38;2;33;160;159;48;2;14;228;227m▗[38;2;1;13;13;48;2;11;236;235m▃[38;2;3;23;23;48;2;6;249;248m▄[38;2;2;18;17;48;2;13;224;223m▄[38;2;4;28;27;48;2;15;115;114m▇[38;2;13;88;87;48;2;15;218;217m▌[38;2;20;224;223;48;2;9;63;63m▍[38;2;1;1;1;48;2;138;9;8m▅[38;2;129;7;7;48;2;18;0;0m▗[38;2;234;6;6;48;2;96;4;4m▖[38;2;160;6;6;48;2;243;3;2m▎[48;2;251;0;0m [38;2;241;1;1;48;2;131;3;2m▇[38;2;232;3;2;48;2;93;3;3m▄[38;2;65;3;2;48;2;168;5;5m┓[38;2;218;5;5;48;2;131;4;4m┯[38;2;96;3;3;48;2;210;4;4m━[38;2;92;3;3;48;2;238;3;3m▄[38;2;15;0;0;48;2;221;4;4m▂[38;2;39;0;0;48;2;233;4;4m▂[38;2;49;0;0;48;2;235;3;3m▂[38;2;31;0;0;48;2;229;5;4m▂[38;2;42;1;1;48;2;238;4;4m▃[38;2;58;2;2;48;2;235;3;3m▄[38;2;21;0;0;48;2;176;5;5m━[38;2;227;4;4;48;2;82;3;3m▄[38;2;96;9;8;48;2;216;3;3m▂[38;2;38;55;55;48;2;214;3;3m▄[38;2;21;214;213;48;2;30;63;63m╼[38;2;23;126;125;48;2;15;206;205m▘[38;2;0;33;32;48;2;19;183;182m╴[0m[38;2;17;177;176m▆[38;2;13;177;176m▖  [0m
 [38;2;0;0;0m    [7m[38;2;21;0;0m▇[38;2;24;2;2m▆[0m[38;2;113;8;8;48;2;6;0;0m▃[38;2;101;5;4;48;2;8;0;0m▖[38;2;38;3;2;48;2;132;8;8m▃[38;2;10;0;0;48;2;1;0;0m▏[38;2;0;0;0;48;2;0;2;1m┈[48;2;14;95;94m▇[48;2;20;107;106m▇[48;2;8;78;77m▇[38;2;24;150;149;48;2;0;6;6m▁[38;2;21;212;211;48;2;0;2;2m▂[38;2;13;211;210;48;2;0;1;1m▂[38;2;6;37;37;48;2;12;225;224m▘[38;2;0;252;251;48;2;6;240;239m┈[38;2;17;182;181;48;2;4;42;41m▋[38;2;19;120;119;48;2;10;244;243m▎[38;2;7;246;245;48;2;10;78;77m▆[38;2;22;135;134;48;2;29;11;11m▎[38;2;209;6;6;48;2;54;2;2m▗[38;2;175;4;4;48;2;233;3;3m▁[38;2;123;3;3;48;2;242;2;2m▖[48;2;251;0;0m  [38;2;251;0;0;48;2;248;1;1m┈[38;2;236;2;2;48;2;99;3;3m▆[38;2;15;0;0;48;2;150;6;5m▗[38;2;61;2;2;48;2;233;3;3m▃[38;2;227;3;3;48;2;70;2;2m▇[38;2;241;2;2;48;2;32;0;0m▆[38;2;239;2;2;48;2;23;0;0m▆[38;2;246;1;1;48;2;73;2;2m▆[38;2;239;2;2;48;2;127;5;5m▇[38;2;46;107;106;48;2;212;5;5m▃[38;2;13;236;235;48;2;132;14;14m▄[38;2;19;203;202;48;2;37;78;77m▂[38;2;13;206;205;48;2;21;79;78m▇[38;2;1;252;251;48;2;20;243;242m▇[38;2;10;234;233;48;2;11;97;96m▆[38;2;10;68;67;48;2;17;150;149m▇[38;2;7;47;46;48;2;13;215;214m▄[38;2;13;86;85;48;2;17;194;193m▝[38;2;18;106;105;48;2;18;201;200m┓[0m[38;2;14;174;173m▋ [0m
 [38;2;0;0;0m      [0m [7m[38;2;116;7;6m▃[0m[38;2;1;0;0;48;2;0;0;0m┈[38;2;0;0;0m┈[38;2;34;0;0m▁ [38;2;1;8;8;48;2;14;75;74m▉[38;2;5;37;37;48;2;12;218;217m▘[38;2;14;128;127;48;2;8;245;244m▂[38;2;3;53;52;48;2;9;244;243m▂[38;2;17;118;117;48;2;2;251;250m▂[38;2;6;248;247;48;2;33;214;213m▉[38;2;0;24;24;48;2;16;180;179m━[38;2;10;248;247;48;2;14;93;93m▃[38;2;1;252;251;48;2;4;250;249m┈[38;2;4;251;250;48;2;51;215;214m▉[38;2;16;111;110;48;2;3;8;8m▏[38;2;151;9;8;48;2;82;5;5m╻[38;2;224;4;4;48;2;111;4;4m▄[38;2;246;1;1;48;2;183;4;4m▇[38;2;32;0;0;48;2;232;3;3m▗[38;2;44;2;2;48;2;229;4;4m▆[38;2;230;4;4;48;2;101;4;4m▃[38;2;129;6;6;48;2;235;3;3m▁[38;2;208;8;7;48;2;33;1;1m▘[38;2;158;8;8;48;2;5;0;0m▃[38;2;166;7;7;48;2;31;1;1m▄[38;2;68;2;2;48;2;178;6;6m━[38;2;108;4;4;48;2;232;2;2m▄[38;2;250;0;0;48;2;238;2;2m┊[38;2;185;5;5;48;2;37;3;3m▍[0m[7m[38;2;14;198;197m▃[0m[38;2;14;156;155;48;2;4;249;248m▁[48;2;0;252;251m [38;2;5;244;243;48;2;13;122;121m▆[38;2;13;75;75;48;2;18;187;187m▚[38;2;1;9;9;48;2;24;156;155m▄[38;2;7;38;37;48;2;11;243;242m▃[38;2;14;66;66;48;2;8;244;243m▂[38;2;7;63;62;48;2;13;222;221m▁[38;2;14;246;245;48;2;14;216;215m┈[0m[38;2;20;210;209m▘ [0m
 [38;2;0;0;0m         [0m [7m[38;2;106;10;9m▄[0m[38;2;0;0;0;48;2;3;0;0m┊[48;2;1;6;6m┈[38;2;8;60;59;48;2;27;222;221m▆[38;2;16;93;92;48;2;11;234;233m▘[38;2;1;252;251;48;2;42;232;231m▇[38;2;6;243;242;48;2;12;96;95m▇[38;2;17;237;236;48;2;15;86;86m▖[38;2;8;66;65;48;2;17;197;196m▎[38;2;19;120;119;48;2;13;208;207m▗[38;2;22;112;111;48;2;12;211;210m╼[38;2;17;97;96;48;2;14;217;216m▗[38;2;16;83;83;48;2;21;168;167m▝[38;2;33;143;142;48;2;38;30;29m▁[38;2;7;1;1;48;2;206;7;7m▆[38;2;2;0;0;48;2;161;5;5m━[38;2;194;7;7;48;2;32;1;1m▂[38;2;164;7;7;48;2;9;0;0m▂[38;2;227;5;4;48;2;65;3;3m▂[38;2;209;4;4;48;2;38;2;2m▅[38;2;26;161;160;48;2;134;9;9m▗[38;2;7;244;243;48;2;56;56;56m▅[38;2;8;246;245;48;2;1;39;38m▇[38;2;55;52;51;48;2;10;220;219m▝[38;2;37;116;115;48;2;185;8;8m▖[38;2;116;6;6;48;2;197;6;6m┗[0m[38;2;84;5;5m▎ [0m [7m[38;2;16;188;187m▅[38;2;16;184;183m▄[38;2;18;194;193m▂[38;2;12;212;211m▁[38;2;10;187;186m▁[38;2;11;184;183m▁[38;2;14;216;215m▂[0m[38;2;15;232;231m▘[0m [38;2;0;0;0m [0m
 [38;2;0;0;0m          [38;2;19;167;166m▁[38;2;13;221;220m▃[38;2;6;242;241;48;2;8;59;58m▅[38;2;0;252;251;48;2;4;246;245m┈[48;2;0;252;251m  [48;2;5;241;240m┈[38;2;8;248;247;48;2;12;69;68m▘[38;2;0;10;10;48;2;16;205;204m▅[38;2;0;13;13;48;2;17;222;222m▅[38;2;0;5;4;48;2;17;196;195m▅[38;2;3;16;16;48;2;24;175;174m▅[38;2;0;1;1;48;2;20;194;193m▄[38;2;0;8;7;48;2;30;168;167m▄[38;2;0;0;0;48;2;0;1;1m┈[38;2;213;8;7;48;2;19;1;1m▝[38;2;10;0;0;48;2;230;2;2m▃[48;2;232;2;2m▃[38;2;9;0;0;48;2;218;4;3m▄[38;2;7;0;0;48;2;128;5;5m▆[38;2;23;237;236;48;2;8;47;47m▝[38;2;0;252;251;48;2;4;247;246m┈[48;2;0;252;251m  [48;2;4;241;240m┈[38;2;9;228;227;48;2;115;35;35m▅[38;2;18;179;178;48;2;128;10;10m▃[0m [38;2;22;0;0m           [0m
 [38;2;0;0;0m     [0m [38;2;23;157;157m▃[38;2;17;220;219m▄[38;2;16;221;220m▆[38;2;15;241;240m▇[38;2;47;179;179;48;2;2;251;250m▁[38;2;20;124;123;48;2;1;251;250m▁[38;2;1;31;30;48;2;6;244;243m▁[38;2;1;20;19;48;2;6;240;239m▂[38;2;0;4;4;48;2;10;224;223m▃[38;2;1;7;7;48;2;15;208;207m▅[38;2;3;20;20;48;2;17;104;103m▉[38;2;16;228;227;48;2;8;36;36m▅[38;2;19;196;195;48;2;3;17;17m▂[38;2;0;0;0;48;2;0;2;2m┈┈[38;2;1;32;31;48;2;0;0;0m▁      [38;2;0;0;0;48;2;2;10;10m┈[38;2;14;202;201;48;2;6;34;34m▄[38;2;21;177;176;48;2;2;18;18m▍[38;2;0;1;1;48;2;19;113;112m▆[38;2;4;23;23;48;2;11;237;236m▅[38;2;8;35;35;48;2;6;244;243m▃[38;2;1;20;19;48;2;6;239;238m▁[38;2;36;177;176;48;2;1;252;251m▁[38;2;0;252;251;48;2;2;251;250m┈[48;2;5;240;239m┈[0m[38;2;5;245;244m▆[38;2;7;229;228m▅[38;2;9;214;213m▄[38;2;26;233;232m▂[0m [38;2;11;53;53m      [0m
 [38;2;0;0;0m        [0m    [38;2;149;6;6m┗[38;2;229;3;3;48;2;37;0;0m▇[38;2;55;2;2;48;2;220;3;3m▝[38;2;165;6;5;48;2;15;1;1m▁[38;2;0;0;0;48;2;2;1;1m┈[38;2;10;35;35;48;2;14;193;192m▃[38;2;59;24;24;48;2;9;244;243m▂[38;2;21;210;209;48;2;78;31;31m▘[38;2;211;4;4;48;2;29;113;112m▄[38;2;231;3;3;48;2;27;76;75m▅[38;2;229;2;2;48;2;6;0;0m▆[38;2;234;5;5;48;2;26;0;0m▆[38;2;232;3;3;48;2;10;0;0m▆[38;2;239;3;2;48;2;22;0;0m▅[38;2;225;3;3;48;2;27;61;61m▄[38;2;177;11;11;48;2;23;115;114m▃[38;2;74;48;48;48;2;15;220;219m▂[38;2;11;39;39;48;2;10;226;225m▃[38;2;0;0;0;48;2;5;19;19m┊[38;2;159;7;7;48;2;8;0;0m▁[38;2;3;0;0;48;2;177;4;4m▘[38;2;236;2;2;48;2;41;0;0m▇[38;2;179;5;5;48;2;21;0;0m▆[0m[38;2;83;8;8m╸[7m[38;2;10;60;60m▆[38;2;29;118;117m▆[38;2;60;220;219m▇[38;2;53;198;197m▇[38;2;32;145;144m▇[0m [38;2;0;0;0m       [0m
 [38;2;0;0;0m             [7m[38;2;137;4;4m▆[38;2;229;3;2m▄[38;2;236;4;3m▃[0m[38;2;99;6;5;48;2;221;3;3m▃[38;2;145;6;6;48;2;222;3;3m▃[38;2;156;5;5;48;2;237;4;4m▃[38;2;112;2;2;48;2;218;3;3m╶[38;2;77;5;4;48;2;196;5;5m┲[38;2;64;3;3;48;2;193;4;4m━[38;2;247;1;1;48;2;101;5;5m▄[38;2;246;2;2;48;2;61;1;1m▄[38;2;247;1;1;48;2;87;4;4m▄[38;2;70;3;3;48;2;179;5;4m━[38;2;124;7;6;48;2;214;5;5m╾[38;2;179;6;6;48;2;228;2;2m▗[38;2;146;6;6;48;2;240;3;3m▂[38;2;120;1;0;48;2;224;3;3m▁[38;2;51;1;1;48;2;223;3;3m▁[0m[7m[38;2;237;3;3m▂[38;2;240;2;2m▄[38;2;159;4;4m▅[0m [38;2;0;0;0m              [0m
 [38;2;0;0;0m                [7m[38;2;109;5;5m▇[38;2;213;4;4m▅[38;2;214;3;3m▃[0m[38;2;54;1;1;48;2;194;5;5m▖[38;2;154;6;6;48;2;243;1;1m▘[48;2;251;0;0m    [38;2;251;0;0;48;2;250;0;0m┈[38;2;156;6;6;48;2;224;4;4m┗[0m[7m[38;2;203;3;3m▂[38;2;213;4;3m▃[38;2;162;9;9m▅[0m [38;2;0;0;0m                  [0m
 [38;2;0;0;0m                   [7m[38;2;94;4;4m▇[38;2;205;3;3m▄[38;2;219;2;2m▂[38;2;236;3;3m▂[38;2;230;2;2m▂[38;2;236;2;2m▂[38;2;242;2;2m▃[38;2;193;3;3m▄[0m [38;2;0;0;0m                     [0m[u[0m [38;2;0;0;0m                               [0m    [38;2;47;2;2m              [0m
 [38;2;0;0;0m                             [38;2;145;5;5m▗[38;2;216;3;2m▅[38;2;245;1;1;48;2;76;6;6m▆[38;2;190;7;7;48;2;239;3;3m▁[0m[7m[38;2;224;2;2m▁[38;2;161;5;5m▃[0m[38;2;13;0;0m           [0m [7m[38;2;137;6;6m▌[0m[38;2;190;3;3m▅[0m
 [38;2;0;0;0m                            [38;2;205;4;4m▗[38;2;252;0;0;48;2;239;1;1m┈[38;2;116;2;2;48;2;234;1;1m▁[0m[7m[38;2;177;4;3m▄[38;2;91;4;4m▇[0m[38;2;3;0;0m     [0m [38;2;158;10;9m▅[38;2;96;4;4m▃    [38;2;120;3;3m▗[38;2;230;2;2m▄[7m[38;2;211;3;3m▂[0m[38;2;194;4;4m▘[0m
 [38;2;0;0;0m                          [38;2;121;3;3m▁[38;2;208;2;2m▅[38;2;251;0;0;48;2;244;1;1m┈[0m[7m[38;2;186;2;2m▗[0m [38;2;8;1;1m      [0m [38;2;189;4;4m▄[38;2;250;1;1;48;2;240;3;3m┈[0m[7m[38;2;168;5;5m▗[0m [38;2;0;0;0m [0m [38;2;163;3;3m▅[7m[38;2;210;2;2m▄[38;2;123;3;3m▆[0m[38;2;2;0;0m  [0m
 [38;2;0;0;0m┈[0m  [38;2;0;0;0m         [0m [38;2;104;6;6m▄[38;2;58;5;5m╸         [0m [38;2;214;3;3m▄[38;2;251;0;0;48;2;237;1;1m┈[38;2;247;0;0;48;2;251;0;0m▁[38;2;235;2;2;48;2;112;4;4m▊[0m[38;2;200;3;3m▄[38;2;88;4;4m▍     [38;2;149;8;8m▗[7m[38;2;168;4;4m▁[38;2;237;2;1m▄[38;2;121;4;4m▅[0m [38;2;0;0;0m [0m [38;2;136;8;8m┛[0m [38;2;0;0;0m    [0m
 [38;2;0;0;0m [0m [38;2;238;2;1;48;2;83;3;3m▗[38;2;82;3;3;48;2;40;0;0m╴[0m [38;2;0;0;0m      [7m[38;2;52;3;3m▉[0m[38;2;105;5;5;48;2;221;7;6m▘[0m[38;2;122;6;6m▍[0m [38;2;0;0;0m     [38;2;129;6;6m▗[38;2;153;8;8m▌  [7m[38;2;180;5;4m▘[0m[38;2;244;0;0;48;2;245;0;0m┈[48;2;247;0;0m▅▅▅[38;2;245;0;0;48;2;242;1;1m┊[0m[7m[38;2;193;3;3m▝[0m[38;2;228;5;5m▃[38;2;209;4;4m▄[38;2;222;4;4m▆[38;2;120;6;6m▍ [0m  [38;2;28;3;2m [38;2;156;9;9m▗[38;2;122;8;8m▖        [0m
 [38;2;0;0;0m [0m [38;2;50;2;2;48;2;227;2;2m▎[38;2;222;2;2;48;2;8;1;1m▋[0m [38;2;0;0;0m      [0m [7m[38;2;177;6;5m▅[0m[38;2;132;6;6;48;2;225;4;3m▖[0m[7m[38;2;185;4;3m▝[0m[38;2;81;3;2m▁ [0m [38;2;123;7;6m▂[0m [7m[38;2;160;6;5m▌[0m[38;2;226;3;2;48;2;147;3;3m▇[0m[38;2;209;3;3m▃[38;2;216;4;3m▃[38;2;244;0;0;48;2;236;2;2m┊[48;2;244;0;0m     [38;2;243;1;1;48;2;226;2;2m┈[0m[7m[38;2;181;4;4m▄[38;2;192;6;6m▖[38;2;158;5;5m▗[0m  [7m[38;2;175;6;5m▘[0m[38;2;125;7;7m▍[0m [38;2;33;0;0;48;2;186;9;9m▍[0m[38;2;159;8;8m▋ [38;2;74;6;6m▃   [0m [38;2;138;12;11m┎[0m [0m
 [38;2;0;0;0m  [0m [38;2;47;1;1;48;2;192;2;2m▂[38;2;63;0;0;48;2;44;1;1m╴[0m [38;2;0;0;0m       [0m [7m[38;2;201;4;4m▖[0m[38;2;83;4;4;48;2;231;3;3m▝[0m[38;2;55;2;2m▖[0m [7m[38;2;182;8;7m▍[0m[38;2;226;2;2m▇[38;2;244;0;0;48;2;240;1;1m┈[48;2;244;0;0m        [48;2;243;1;0m▉[0m[38;2;161;5;5m▌[38;2;134;6;6m▆[7m[38;2;59;8;7m▇[0m [38;2;0;0;0m [38;2;147;7;7m▗[38;2;204;10;10;48;2;241;2;2m▏[38;2;131;4;4;48;2;239;1;1m▝[0m[38;2;157;4;4m▄[7m[38;2;105;6;6m▆[0m[38;2;106;8;7m▘[0m [7m[38;2;188;7;7m▎[0m[38;2;221;4;4m▖  [7m[38;2;95;5;5m▋[0m[38;2;210;9;8m▋[0m [0m
 [38;2;0;0;0m   [0m  [7m[38;2;6;1;1m╴[0m[38;2;173;8;8m▗[38;2;181;6;5m▃[0m [38;2;52;2;2m    [38;2;120;7;6m▗[7m[38;2;95;3;3m▉[0m[38;2;160;8;8;48;2;239;2;2m▏[38;2;28;0;0;48;2;189;4;4m▝[0m[38;2;150;7;7m▅[7m[38;2;64;2;2m▋[0m[38;2;170;10;10;48;2;238;3;3m▏[38;2;247;0;0;48;2;244;0;0m▇▇▇▇▇▇▇▇▇▇[38;2;244;1;1;48;2;179;8;7m▇[38;2;247;0;0;48;2;242;1;1m┈[0m[38;2;235;2;2m▅[38;2;227;3;3m▅[38;2;231;3;3m▆[38;2;247;0;0;48;2;237;2;2m┈[48;2;247;0;0m  [48;2;230;3;3m╴[0m[38;2;80;5;5m▎[0m [38;2;237;4;3;48;2;66;3;3m▗[38;2;247;0;0;48;2;242;1;1m┈[38;2;218;4;4;48;2;66;4;4m▋[0m[38;2;218;4;4m  [0m [7m[38;2;200;6;5m▖[38;2;222;3;3m▝[0m
[7m[38;2;130;8;8m▍[0m[38;2;120;5;5m▖[0m [38;2;132;10;10m▂[0m [38;2;42;8;7m▁[0m  [7m[38;2;122;3;3m▖[0m[38;2;224;3;3;48;2;113;5;5m▇[0m[38;2;203;5;5m▖[0m [38;2;55;9;8m▁ [38;2;109;8;8m▗[38;2;98;7;7;48;2;32;2;2m▏[38;2;89;4;4;48;2;229;4;4m▎[38;2;251;0;0;48;2;246;1;1m┈[38;2;247;1;1;48;2;231;6;6m▇[38;2;230;3;3;48;2;106;5;5m▄[38;2;250;0;0;48;2;244;1;1m┈[38;2;251;0;0;48;2;247;0;0m▇▇▇▇▇[48;2;237;2;2m╴[38;2;121;5;4;48;2;245;1;1m▖[38;2;251;0;0;48;2;247;0;0m▇[38;2;151;6;6;48;2;246;1;1m▁[38;2;68;2;2;48;2;239;2;2m▃[38;2;92;4;4;48;2;230;4;4m▅[38;2;239;4;4;48;2;250;0;0m▏[38;2;251;0;0;48;2;247;0;0m▇▇[48;2;246;1;1m┈[38;2;142;5;5;48;2;238;1;1m▁[38;2;251;0;0;48;2;247;0;0m▇▇[0m[38;2;206;4;4m▊[0m [38;2;171;8;7m▗[7m[38;2;196;5;5m▗[38;2;180;5;4m▅[38;2;82;5;4m▉[0m[38;2;172;7;6m▅[0m [38;2;0;0;0m [0m [38;2;82;4;4;48;2;218;5;4m▎[0m
 [7m[38;2;184;6;6m▖[0m[38;2;134;5;4m▄[38;2;84;3;3m▝[7m[38;2;179;8;7m▝[38;2;94;4;4m▘[38;2;179;7;6m▝[0m[38;2;210;5;5m▃[0m [38;2;52;2;2;48;2;208;5;5m▍[38;2;251;0;0;48;2;235;2;2m╴[0m[38;2;91;4;4m▍[7m[38;2;100;6;5m▖[0m[38;2;180;6;6m▃[7m[38;2;163;6;6m▍[0m[38;2;85;4;4;48;2;238;2;2m▝[38;2;49;1;1;48;2;155;6;6m▚[38;2;251;0;0;48;2;242;2;2m┊[48;2;251;0;0m [38;2;225;7;7;48;2;250;0;0m▁[38;2;251;0;0m┈[48;2;251;0;0m   [38;2;138;5;4;48;2;246;1;1m▗[38;2;101;4;3;48;2;239;2;2m▅[38;2;242;2;2;48;2;97;3;3m▃[38;2;52;2;2;48;2;170;9;8m▘[38;2;98;4;4;48;2;219;3;3m▅[38;2;218;3;3;48;2;58;2;2m▄[38;2;247;1;1;48;2;132;5;5m▆[38;2;230;6;5;48;2;111;5;5m▍[38;2;211;11;11;48;2;248;1;1m▏[48;2;251;0;0m [38;2;251;0;0;48;2;249;0;0m┈[38;2;237;3;3;48;2;95;3;3m▘[38;2;158;10;10;48;2;42;1;1m▁[38;2;158;5;5;48;2;236;2;2m▏[48;2;251;0;0m [38;2;251;0;0;48;2;243;2;2m╴[0m[38;2;147;9;8m▆[38;2;231;4;4;48;2;185;9;9m▉[0m[38;2;98;3;3m▎[38;2;139;7;7m▃[7m[38;2;180;7;6m▌[0m[38;2;251;0;0;48;2;249;0;0m┊[0m[38;2;157;5;4m▋ [0m [7m[38;2;95;7;6m▅[0m
  [7m[38;2;93;5;5m▅[0m [38;2;19;0;0;48;2;160;5;5m▌[38;2;249;1;1;48;2;244;2;2m┈[38;2;250;0;0;48;2;211;5;5m▇[38;2;116;5;5;48;2;236;3;3m▗[0m[7m[38;2;145;7;7m▝[0m[38;2;71;2;2m▝[38;2;72;3;3;48;2;232;3;3m▖[0m[38;2;181;7;6m▌[38;2;4;63;62m▁[7m[38;2;119;5;5m▖[0m[38;2;234;2;2;48;2;186;6;6m▇[48;2;251;0;0m [38;2;245;1;1;48;2;177;4;4m▇[38;2;148;6;6;48;2;242;2;2m▘[48;2;251;0;0m [38;2;116;5;5;48;2;238;2;2m▝[38;2;40;1;1;48;2;179;5;5m▆[38;2;28;2;1;48;2;213;5;5m▄[38;2;91;5;4;48;2;216;4;4m▆[38;2;179;3;3;48;2;229;4;3m▏[38;2;72;2;1;48;2;164;7;6m┛[38;2;250;0;0;48;2;243;1;1m┈[48;2;251;0;0m [38;2;91;3;3;48;2;242;2;2m▝[38;2;121;5;5;48;2;246;1;1m▘[48;2;251;0;0m [38;2;251;0;0;48;2;244;1;1m╴[38;2;98;3;3;48;2;185;7;6m▖[38;2;115;4;4;48;2;247;1;1m▃[38;2;194;12;11;48;2;229;2;2m╴[38;2;251;0;0;48;2;250;0;0m┈[48;2;217;10;9m▇[48;2;249;1;0m┈[48;2;232;6;6m▇[48;2;251;0;0m  [38;2;131;4;4;48;2;232;3;3m▝[38;2;79;2;2;48;2;209;5;5m▖[38;2;210;5;5;48;2;46;1;1m▊[0m[38;2;220;5;5m▝[38;2;245;2;2;48;2;238;2;2m┈[38;2;251;0;0;48;2;245;1;1m╴[0m[38;2;145;4;4m▌   [0m
[38;2;29;0;0;48;2;192;3;3m▌[38;2;178;3;3;48;2;54;2;2m╴[0m[38;2;178;3;3m [7m[38;2;4;0;0m▉[0m[38;2;112;9;8m▃[0m [7m[38;2;178;3;2m▄[0m[38;2;11;0;0;48;2;49;8;7m╴[0m[38;2;12;196;195m▅[38;2;7;230;229;48;2;19;17;17m▅[38;2;11;227;226;48;2;47;76;75m▆[48;2;71;66;64m▃[38;2;28;233;232;48;2;5;250;249m▏[38;2;0;252;251;48;2;7;240;239m┈[38;2;12;241;240;48;2;67;62;61m▖[38;2;123;6;6;48;2;245;2;1m▖[38;2;251;0;0;48;2;244;1;1m┈[48;2;246;1;1m┈[38;2;224;9;8;48;2;250;0;0m▁[38;2;249;0;0;48;2;251;0;0m─[38;2;249;1;0;48;2;180;5;5m▇[38;2;227;2;2;48;2;33;1;1m▆[38;2;21;0;0;48;2;176;7;6m▘[38;2;251;0;0;48;2;250;0;0m▇[48;2;245;2;2m▇[48;2;251;0;0m  [38;2;238;4;4m▁ [38;2;251;0;0;48;2;250;0;0m┈[38;2;213;4;4;48;2;77;3;3m▌[38;2;175;15;15;48;2;90;5;5m╹[38;2;60;1;1;48;2;222;3;3m▘[48;2;251;0;0m   [38;2;251;0;0;48;2;248;1;0m┈[38;2;85;2;2;48;2;246;1;1m▃[38;2;13;0;0;48;2;234;3;3m▄[38;2;11;0;0;48;2;232;3;3m▄[38;2;115;5;4;48;2;243;2;2m▖[38;2;68;1;1;48;2;156;7;7m┃[0m[38;2;167;6;6m▊[38;2;234;5;5m▗[38;2;228;3;3;48;2;157;5;5m▉[0m[38;2;171;4;4m▘[38;2;99;7;7m▃   [0m
[38;2;21;2;2;48;2;181;3;3m▖[38;2;222;4;4;48;2;111;2;2m╴[0m  [38;2;32;0;0;48;2;208;7;6m▍[38;2;196;6;6;48;2;33;0;0m▌[0m[38;2;78;5;4m▄[38;2;4;27;26;48;2;21;172;172m▍[38;2;13;74;73;48;2;10;238;237m▅[38;2;4;32;31;48;2;14;244;243m▆[38;2;0;4;3;48;2;16;241;240m▆[38;2;4;39;38;48;2;11;248;247m▆[38;2;2;20;20;48;2;8;213;212m━[38;2;19;97;96;48;2;19;196;195m▗[38;2;12;67;66;48;2;21;176;175m╺[38;2;205;7;7;48;2;31;17;17m▝[38;2;249;0;0;48;2;228;3;3m┊[38;2;100;3;3;48;2;203;6;6m▚[38;2;148;6;5;48;2;213;5;5m▝[38;2;189;10;10;48;2;245;2;2m▏[48;2;251;0;0m  [38;2;251;0;0;48;2;248;0;0m▇[38;2;249;0;0;48;2;251;0;0m▂[38;2;111;4;4;48;2;228;3;3m▗[38;2;225;10;9;48;2;246;1;1m▏[38;2;100;3;3;48;2;185;5;5m┏[38;2;205;9;9;48;2;245;1;1m▏[48;2;251;0;0m [38;2;250;0;0;48;2;233;5;4m▉[38;2;205;9;9;48;2;74;3;3m▁[38;2;236;3;3;48;2;167;5;5m▇[48;2;251;0;0m  [38;2;251;0;0;48;2;250;0;0m┊[38;2;68;4;3;48;2;229;2;2m▗[38;2;175;5;4;48;2;17;1;1m▘[48;2;0;0;0m   [38;2;18;0;0;48;2;173;8;8m▊[38;2;138;5;5;48;2;241;3;3m▝[38;2;48;3;2;48;2;139;9;8m▝[38;2;130;4;4;48;2;237;3;3m▏[38;2;212;7;7;48;2;65;1;1m▌[38;2;88;4;4;48;2;234;3;3m▘[0m[38;2;198;5;4m▋   [0m
 [7m[38;2;138;3;3m▅[0m[38;2;69;4;4;48;2;15;1;1m▗[38;2;109;9;8;48;2;2;0;0m▄[38;2;86;3;3;48;2;235;4;4m▎[38;2;121;3;3;48;2;234;4;4m▝[38;2;236;3;3;48;2;146;6;6m▊[38;2;0;0;0;48;2;16;1;1m┊[38;2;39;165;164;48;2;6;34;34m╺[38;2;7;46;45;48;2;22;188;187m━[38;2;17;208;207;48;2;16;119;118m▇[38;2;19;108;107;48;2;25;213;212m▋[38;2;15;107;106;48;2;24;171;170m▖[38;2;148;8;8;48;2;31;99;98m▃[38;2;158;8;7;48;2;15;86;85m▄[38;2;99;59;58;48;2;32;82;81m▏[38;2;10;27;27;48;2;107;4;4m▇[38;2;2;0;0;48;2;110;9;8m▆[38;2;230;6;5;48;2;60;2;2m▝[38;2;105;5;5;48;2;248;1;1m▁[38;2;122;5;4;48;2;208;4;3m┎[38;2;180;7;7;48;2;239;2;2m╸[38;2;128;4;4;48;2;243;2;2m▗[38;2;229;8;8;48;2;248;1;1m▏[38;2;202;8;8;48;2;61;2;2m▍[38;2;120;5;5;48;2;233;5;4m▖[38;2;90;3;3;48;2;186;7;6m▚[38;2;168;4;4;48;2;244;1;1m▁[38;2;250;0;0;48;2;251;0;0m▁ [38;2;251;0;0;48;2;249;0;0m▇[48;2;251;0;0m [48;2;245;1;1m┈[38;2;66;3;3;48;2;238;2;1m▃[38;2;62;4;4;48;2;190;4;4m▆[38;2;77;7;6;48;2;3;0;0m▖[48;2;0;0;0m    [38;2;10;0;0;48;2;150;6;6m▊[38;2;218;14;13;48;2;249;0;0m▏[38;2;245;2;1;48;2;209;6;6m▇[38;2;251;0;0;48;2;249;0;0m┈[38;2;70;0;0;48;2;176;8;7m╻[38;2;232;8;8;48;2;248;0;0m▏[0m[38;2;197;6;6m▌   [0m
 [38;2;0;0;0m [0m [38;2;92;6;6;48;2;191;8;7m▎[48;2;250;0;0m [48;2;251;0;0m  [38;2;208;5;5;48;2;72;3;3m▌[38;2;33;0;0;48;2;2;0;0m╴[38;2;0;3;3;48;2;17;89;88m▇[38;2;8;54;53;48;2;9;239;238m▆[38;2;6;45;44;48;2;27;176;175m▅[38;2;21;108;107;48;2;30;168;167m▘[38;2;35;125;124;48;2;144;8;8m▆[38;2;29;155;154;48;2;143;8;7m▄[38;2;61;46;45;48;2;25;168;167m▘[38;2;17;227;226;48;2;21;102;101m▅[38;2;2;15;15;48;2;13;79;79m▉[38;2;18;226;225;48;2;0;0;0m▄[38;2;23;85;84;48;2;5;9;8m▏[38;2;225;6;6;48;2;95;8;7m▗[38;2;146;5;5;48;2;191;4;4m┉[38;2;240;2;2;48;2;134;4;4m▅[38;2;251;0;0;48;2;250;0;0m┈[48;2;243;1;1m┈[38;2;230;2;2;48;2;56;2;2m▅[38;2;25;0;0;48;2;186;5;5m━[38;2;39;1;1;48;2;149;7;7m╾[38;2;47;2;2;48;2;233;5;5m▄[38;2;16;0;0;48;2;241;3;3m▄[38;2;5;0;0;48;2;222;3;2m▄[48;2;199;3;3m▅[38;2;7;0;0;48;2;131;6;5m▇[38;2;130;10;9;48;2;27;2;1m┗[38;2;180;8;8;48;2;53;3;3m▝[38;2;141;7;7;48;2;2;0;0m▘[48;2;0;0;0m   [38;2;123;4;4;48;2;8;0;0m▂[38;2;60;3;3;48;2;230;3;3m▘[38;2;169;9;9;48;2;235;2;2m▗[38;2;156;8;7;48;2;232;5;4m┛[38;2;251;0;0;48;2;250;0;0m┊[38;2;112;4;4;48;2;164;4;4m▁[0m[7m[38;2;193;7;6m▄[0m [38;2;0;0;0m   [0m
 [38;2;0;0;0m  [38;2;127;6;6m▝[38;2;99;4;4;48;2;232;2;2m▁[48;2;251;0;0m [38;2;251;0;0;48;2;231;4;3m╴[38;2;111;7;7;48;2;13;0;0m▏[38;2;2;22;22;48;2;24;153;152m▌[38;2;13;220;219;48;2;17;73;72m▇[38;2;16;239;238;48;2;16;124;124m▄[38;2;13;241;240;48;2;8;69;69m▃[38;2;20;227;226;48;2;11;73;72m▂[38;2;12;94;93;48;2;30;153;152m▃[38;2;28;211;210;48;2;17;108;107m┷[38;2;34;187;186;48;2;15;100;99m┻[38;2;9;61;61;48;2;26;188;187m▆[38;2;20;216;216;48;2;1;10;10m▂[38;2;15;222;221;48;2;10;47;46m▃[38;2;18;121;121;48;2;5;12;12m▂[38;2;13;7;7;48;2;189;12;12m▇[38;2;208;8;8;48;2;28;35;35m▝[38;2;44;2;2;48;2;222;2;2m▅[38;2;47;1;1;48;2;185;5;4m┓[38;2;140;6;5;48;2;247;1;1m▁[38;2;251;0;0;48;2;250;0;0m┊[38;2;123;4;4;48;2;231;4;4m╶[38;2;130;7;7;48;2;186;8;8m▂[38;2;138;8;8;48;2;187;8;8m┹[38;2;149;8;8;48;2;33;1;1m▇[38;2;182;9;9;48;2;29;1;1m▅[38;2;179;9;8;48;2;15;0;0m▄[38;2;151;7;7;48;2;0;0;0m▄[38;2;165;8;8;48;2;5;0;0m▃[38;2;181;7;7;48;2;2;0;0m▃[38;2;189;6;5;48;2;5;0;0m▃[38;2;173;5;5;48;2;1;0;0m▄[38;2;177;6;5;48;2;4;0;0m▅[38;2;199;6;6;48;2;53;2;2m▆[38;2;137;6;6;48;2;230;4;3m╼[38;2;226;4;4;48;2;177;6;5m▅[38;2;82;3;3;48;2;220;4;3m▂[38;2;168;7;7;48;2;238;2;2m╴[38;2;134;7;6;48;2;245;1;1m▗[0m[38;2;26;160;159m▂[0m [38;2;15;64;64m    [0m
 [38;2;0;0;0m  [0m [38;2;97;5;5m┐[7m[38;2;152;7;6m━[0m[38;2;52;3;3;48;2;224;4;4m▄[38;2;224;8;7;48;2;65;4;4m╸[38;2;25;200;199;48;2;16;13;13m▝[38;2;37;31;30;48;2;15;205;204m▃[38;2;1;20;20;48;2;24;178;177m▁[38;2;3;37;36;48;2;31;183;182m╾[38;2;26;145;145;48;2;21;203;202m╴[38;2;24;137;136;48;2;14;226;225m╸[38;2;31;194;193;48;2;15;224;223m╷[38;2;37;176;176;48;2;18;215;214m╷[38;2;1;15;15;48;2;10;239;238m▃[38;2;6;31;31;48;2;4;251;250m▄[38;2;3;16;16;48;2;13;231;230m▄[38;2;16;116;115;48;2;2;14;14m▘[38;2;13;88;87;48;2;17;221;220m▌[38;2;20;224;223;48;2;9;62;62m▍[38;2;3;1;1;48;2;139;9;8m▅[38;2;128;7;7;48;2;18;0;0m▗[38;2;234;6;6;48;2;96;4;4m▖[38;2;161;6;6;48;2;243;3;2m▎[48;2;251;0;0m [38;2;240;1;1;48;2;122;3;2m▇[38;2;231;2;2;48;2;94;3;3m▄[38;2;52;2;2;48;2;165;5;5m┑[38;2;78;4;4;48;2;168;5;5m▁[38;2;90;3;3;48;2;213;4;3m━[38;2;93;4;4;48;2;240;3;3m▄[38;2;18;0;0;48;2;224;4;4m▂[38;2;48;1;1;48;2;233;4;4m▂[38;2;58;3;3;48;2;233;3;3m▂[38;2;37;0;0;48;2;230;4;4m▂[38;2;47;2;2;48;2;239;3;3m▃[38;2;56;2;2;48;2;239;2;2m▄[38;2;21;0;0;48;2;176;4;4m━[38;2;228;4;4;48;2;84;3;2m▄[38;2;56;9;9;48;2;207;4;4m▁[38;2;38;48;48;48;2;217;3;3m▄[38;2;24;212;211;48;2;32;64;64m╼[38;2;14;90;89;48;2;17;202;201m╺[38;2;3;34;33;48;2;18;183;182m╴[0m[38;2;18;177;176m▆[38;2;15;173;173m▖  [0m
 [38;2;0;0;0m    [0m [7m[38;2;33;4;3m▆[0m[38;2;116;9;8;48;2;3;0;0m▃[38;2;96;4;4;48;2;8;0;0m▂[38;2;40;3;3;48;2;131;8;8m▃[38;2;10;0;0;48;2;1;0;0m▏[38;2;0;0;0;48;2;0;3;3m┈[48;2;26;123;122m▇[48;2;43;164;163m▇[48;2;14;94;93m▇[38;2;24;137;136;48;2;0;6;6m▁[38;2;15;206;205;48;2;0;0;0m▂[38;2;14;206;205;48;2;0;1;1m▂[38;2;6;35;35;48;2;13;222;221m▘[38;2;0;252;251;48;2;6;239;238m┈[38;2;9;249;248;48;2;13;88;87m▖[38;2;16;124;123;48;2;10;245;244m▎[38;2;7;245;244;48;2;10;68;67m▆[38;2;22;132;131;48;2;31;11;11m▎[38;2;206;6;6;48;2;56;2;2m▗[38;2;177;5;5;48;2;234;3;3m▁[38;2;127;3;3;48;2;242;2;2m▖[48;2;251;0;0m  [38;2;251;0;0;48;2;248;1;1m┈[38;2;235;2;2;48;2;91;3;3m▆[38;2;16;0;0;48;2;154;6;5m▗[38;2;70;2;2;48;2;234;3;3m▃[38;2;227;3;3;48;2;57;1;1m▇[38;2;239;2;2;48;2;20;0;0m▆[38;2;237;2;2;48;2;11;0;0m▆[38;2;246;1;1;48;2;63;2;2m▆[38;2;239;2;2;48;2;121;4;4m▇[38;2;34;135;134;48;2;191;11;11m▗[38;2;14;235;234;48;2;140;11;10m▄[38;2;18;144;144;48;2;83;6;6m▆[38;2;14;211;210;48;2;19;72;71m▇[38;2;1;252;251;48;2;23;242;242m▇[38;2;11;232;231;48;2;13;89;88m▆[38;2;10;66;65;48;2;19;159;158m▇[38;2;7;47;46;48;2;13;220;219m▄[38;2;18;200;199;48;2;13;83;82m▆[38;2;15;100;99;48;2;18;203;202m┓[0m[38;2;14;171;170m▋ [0m
 [38;2;0;0;0m      [0m [7m[38;2;118;7;6m▃[0m[38;2;1;0;0;48;2;0;0;0m┈[38;2;0;0;0m┈[38;2;22;0;0m▁ [38;2;1;7;7;48;2;16;70;69m▉[38;2;6;35;35;48;2;13;215;214m▘[38;2;11;139;138;48;2;9;243;242m▗[38;2;1;46;45;48;2;7;245;244m▂[38;2;11;66;65;48;2;5;244;243m▁[38;2;6;249;248;48;2;33;214;213m▉[38;2;0;14;14;48;2;15;181;181m━[38;2;11;247;246;48;2;12;92;91m▃[38;2;2;252;251;48;2;5;249;248m┈[38;2;4;251;250;48;2;51;215;214m▉[38;2;18;112;111;48;2;3;8;8m▏[38;2;152;8;8;48;2;85;6;5m╻[38;2;223;4;3;48;2;113;4;4m▄[38;2;251;0;0;48;2;236;1;1m┈[38;2;37;0;0;48;2;234;3;3m▗[38;2;45;2;2;48;2;234;4;4m▆[38;2;227;4;4;48;2;101;5;4m▃[38;2;145;6;5;48;2;237;3;3m▁[38;2;209;8;8;48;2;34;1;1m▘[38;2;156;9;8;48;2;4;0;0m▃[38;2;170;7;7;48;2;33;1;1m▄[38;2;65;2;2;48;2;185;6;6m━[38;2;106;4;4;48;2;235;2;2m▄[38;2;250;0;0;48;2;239;2;2m┊[38;2;185;5;5;48;2;41;3;3m▍[0m[7m[38;2;13;199;198m▃[0m[38;2;1;252;251;48;2;5;238;237m┈[38;2;0;252;251;48;2;1;252;251m┈[38;2;5;244;243;48;2;18;124;123m▆[38;2;12;76;75;48;2;19;193;192m▚[38;2;2;10;10;48;2;25;163;162m▄[38;2;9;47;46;48;2;10;243;242m▃[38;2;0;5;5;48;2;12;230;229m▁[38;2;5;69;68;48;2;14;222;221m▁[38;2;28;164;163;48;2;11;237;236m▂[0m[38;2;16;214;213m▘ [0m
 [38;2;0;0;0m         [0m [7m[38;2;107;10;9m▄[0m[38;2;0;0;0;48;2;3;0;0m┊[48;2;1;6;6m┈[38;2;8;58;58;48;2;26;229;228m▆[38;2;16;98;97;48;2;10;232;231m▘[38;2;1;252;251;48;2;50;224;223m▇[38;2;6;241;240;48;2;9;78;77m▇[38;2;18;236;235;48;2;16;89;88m▖[38;2;10;67;66;48;2;19;199;198m▎[38;2;19;120;119;48;2;12;202;201m╾[38;2;20;106;105;48;2;10;218;217m▖[38;2;9;76;75;48;2;17;206;205m┐[38;2;14;81;80;48;2;22;170;169m▝[38;2;22;99;99;48;2;42;30;29m┒[38;2;10;0;0;48;2;214;9;8m▆[38;2;3;0;0;48;2;165;6;6m━[38;2;184;7;6;48;2;33;1;1m▂[38;2;219;12;12;48;2;21;1;1m▁[38;2;222;4;4;48;2;68;3;3m▂[38;2;225;4;4;48;2;63;2;2m▄[38;2;25;154;153;48;2;136;9;9m▗[38;2;9;241;240;48;2;57;51;50m▅[38;2;7;244;243;48;2;2;24;24m▇[38;2;62;50;49;48;2;11;219;218m▝[38;2;43;111;110;48;2;185;7;7m▖[38;2;122;8;7;48;2;196;6;6m┗[0m[38;2;85;6;5m▎ [0m [7m[38;2;17;199;198m▅[38;2;19;194;193m▄[38;2;19;195;194m▂[38;2;12;212;211m▁[0m[38;2;10;218;217;48;2;3;33;33m▆[38;2;13;207;206;48;2;3;37;37m▆[0m[7m[38;2;13;217;216m▂[38;2;15;196;196m▅[0m [38;2;0;0;0m [0m
 [38;2;0;0;0m          [38;2;22;150;149m▁[38;2;14;216;215m▃[38;2;7;240;239;48;2;7;54;54m▅[38;2;0;252;251;48;2;5;246;245m┈[48;2;0;252;251m  [48;2;5;243;242m┈[38;2;7;248;247;48;2;12;70;70m▘[38;2;2;12;12;48;2;16;206;205m▅[38;2;3;17;17;48;2;19;227;226m▅[38;2;0;6;6;48;2;17;197;196m▅[38;2;4;18;18;48;2;24;182;181m▅[38;2;0;4;4;48;2;19;195;194m▄[38;2;0;8;7;48;2;29;169;169m▄[38;2;0;0;0;48;2;0;1;1m┈[38;2;214;8;7;48;2;20;0;0m▝[38;2;12;0;0;48;2;235;3;3m▃[38;2;13;0;0m▃[48;2;222;4;3m▄[38;2;7;0;0;48;2;136;5;5m▆[38;2;22;234;233;48;2;7;49;49m▝[38;2;0;252;251;48;2;4;247;246m┈[48;2;0;252;251m  [48;2;6;240;239m┈[38;2;9;225;224;48;2;122;33;33m▅[38;2;20;218;217;48;2;112;22;21m▂[0m [38;2;28;6;5m           [0m
 [38;2;0;0;0m     [0m [38;2;26;166;165m▃[38;2;21;226;225m▄[38;2;13;245;244m▅[38;2;11;241;240m▇[38;2;0;252;251;48;2;9;246;245m┈[38;2;30;141;140;48;2;1;251;250m▁[38;2;2;40;39;48;2;7;248;247m▁[38;2;2;23;23;48;2;8;245;244m▂[38;2;0;6;6;48;2;9;228;227m▃[38;2;1;9;9;48;2;15;213;212m▅[38;2;3;20;20;48;2;21;111;110m▇[38;2;17;223;222;48;2;8;33;33m▅[38;2;19;191;190;48;2;3;16;15m▂[38;2;0;0;0;48;2;0;2;2m┈[48;2;0;1;1m┈[48;2;0;2;2m┈[48;2;0;0;0m      [48;2;2;9;9m┈[38;2;12;196;195;48;2;5;28;28m▄[38;2;21;174;173;48;2;2;17;17m▍[38;2;0;2;2;48;2;18;121;121m▆[38;2;5;28;27;48;2;11;243;242m▅[38;2;7;41;40;48;2;6;247;246m▃[38;2;2;33;32;48;2;7;241;240m▁[38;2;0;252;251;48;2;7;246;245m┈[38;2;9;249;248;48;2;0;252;251m▁[38;2;2;251;250;48;2;26;151;151m▇[0m[38;2;6;242;241m▆[38;2;9;225;224m▅[38;2;8;248;247m▃[38;2;25;234;233m▂[0m [38;2;14;53;53m      [0m
 [38;2;0;0;0m        [7m[38;2;1;29;28m▇[38;2;2;41;40m▇[0m  [38;2;150;6;6m┗[38;2;230;3;3;48;2;27;0;0m▇[38;2;48;2;2;48;2;218;3;3m▝[38;2;155;7;6;48;2;13;1;0m▁[38;2;0;0;0;48;2;1;1;1m┈[38;2;10;39;39;48;2;13;195;194m▃[38;2;48;32;32;48;2;8;246;245m▂[38;2;21;199;198;48;2;75;34;34m▘[38;2;207;4;4;48;2;31;122;121m▄[38;2;226;3;3;48;2;26;82;81m▅[38;2;245;2;2;48;2;42;1;1m▅[38;2;234;5;5;48;2;17;0;0m▆[38;2;229;3;2;48;2;8;0;0m▆[38;2;236;3;3;48;2;17;0;0m▅[38;2;221;4;3;48;2;25;65;64m▄[38;2;170;11;11;48;2;23;115;114m▃[38;2;66;60;59;48;2;15;219;218m▂[38;2;10;42;41;48;2;11;227;226m▃[38;2;4;12;12;48;2;14;85;84m▇[38;2;150;8;8;48;2;8;0;0m▁[38;2;227;3;3;48;2;72;3;3m▃[38;2;235;3;2;48;2;33;0;0m▇[38;2;179;5;5;48;2;18;0;0m▆[0m[38;2;88;8;8m╸[7m[38;2;16;79;78m▆[38;2;26;129;128m▆[38;2;45;227;226m▇[38;2;59;221;220m▇[38;2;49;190;189m▇[38;2;3;65;64m▇[0m[38;2;0;0;0m       [0m
 [38;2;0;0;0m             [7m[38;2;144;5;5m▆[38;2;232;2;2m▄[38;2;238;4;4m▃[0m[38;2;82;7;6;48;2;204;3;3m▂[38;2;128;7;7;48;2;210;4;4m▂[38;2;155;5;5;48;2;237;4;4m▃[38;2;159;5;5;48;2;222;3;3m┎[38;2;65;3;3;48;2;197;6;5m▗[38;2;59;2;2;48;2;196;4;4m━[38;2;247;2;2;48;2;101;5;5m▄[38;2;244;3;2;48;2;60;1;1m▄[38;2;246;2;2;48;2;88;4;4m▄[38;2;65;3;3;48;2;183;4;4m━[38;2;125;6;5;48;2;217;5;5m╾[38;2;182;7;7;48;2;218;3;3m╷[38;2;139;6;6;48;2;240;3;3m▂[38;2;121;1;1;48;2;224;4;4m▁[38;2;60;1;1;48;2;224;4;3m▁[0m[7m[38;2;239;2;2m▂[38;2;217;3;2m▃[38;2;165;5;4m▅[0m [38;2;0;0;0m              [0m
 [38;2;0;0;0m                [7m[38;2;118;7;7m▇[38;2;219;5;4m▅[38;2;223;3;3m▃[0m[38;2;52;1;1;48;2;196;5;5m▖[38;2;149;5;5;48;2;242;1;1m▘[48;2;251;0;0m    [38;2;251;0;0;48;2;250;0;0m┈[38;2;153;7;6;48;2;224;4;4m┗[0m[7m[38;2;207;3;3m▂[38;2;216;4;3m▃[38;2;166;10;9m▅[0m [38;2;0;0;0m                  [0m
 [38;2;0;0;0m                   [7m[38;2;101;4;4m▇[38;2;211;3;3m▄[38;2;225;2;2m▂[38;2;240;1;1m▂[38;2;232;2;2m▂[38;2;240;1;1m▂[38;2;219;2;2m▂[38;2;196;3;3m▄[0m [38;2;0;0;0m                     [0m[u[0m [38;2;0;0;0m                               [0m  [38;2;17;0;0m                [0m
 [38;2;0;0;0m                             [38;2;154;4;3m▂[38;2;210;2;2m▅[38;2;251;0;0;48;2;223;3;3m┈[0m[7m[38;2;139;7;6m▁[0m[38;2;39;0;0m╸           [0m [38;2;162;7;7m▗[38;2;206;3;3m▄[38;2;125;7;7m▂[0m
 [38;2;0;0;0m                           [0m [7m[38;2;153;5;4m▘[0m[38;2;251;0;0;48;2;247;1;1m┈[48;2;235;1;1m┈[0m[38;2;194;6;5m▘[0m [38;2;0;0;0m     [38;2;97;4;4m▗[38;2;151;5;4m▄[0m [38;2;0;0;0m    [38;2;91;2;2m▁[7m[38;2;203;3;3m▘[0m[38;2;92;2;2;48;2;238;2;2m▂[0m[38;2;200;6;6m▘[0m
 [38;2;0;0;0m                          [38;2;93;5;5m▁[7m[38;2;190;3;3m▘[0m[38;2;251;0;0;48;2;247;1;1m┈[38;2;139;2;2;48;2;234;1;1m▁[0m[38;2;173;4;4m▘[0m [38;2;35;3;3m     [0m [7m[38;2;200;5;5m▘[0m[38;2;248;1;1;48;2;207;11;10m▉[0m[38;2;97;5;5m▌   [38;2;193;4;3m▗[7m[38;2;179;2;2m▂[38;2;192;3;3m▆[0m [38;2;0;0;0m [0m
  [38;2;0;0;0m╴[0m [38;2;0;0;0m         [0m [38;2;128;7;6m▃[38;2;88;7;7m━[0m [38;2;0;0;0m         [38;2;224;4;4m▗[38;2;240;1;1;48;2;141;4;3m▇[48;2;251;0;0m [38;2;251;0;0;48;2;244;4;3m▉[0m[7m[38;2;161;4;4m▝[38;2;154;5;4m▚[0m [38;2;0;0;0m    [0m [7m[38;2;182;6;5m▘[38;2;227;3;2m▃[38;2;147;4;4m▅[0m [38;2;0;0;0m  [38;2;109;6;6m┍[38;2;145;6;5m▘    [0m
 [38;2;0;0;0m [0m [38;2;237;2;2;48;2;71;3;3m▗[38;2;70;4;3;48;2;37;0;0m╴[0m [38;2;0;0;0m      [0m [7m[38;2;204;6;6m▘[0m[38;2;139;6;6m▌      [7m[38;2;94;5;5m▊[0m[38;2;157;8;8m▊[0m [38;2;0;0;0m [38;2;195;5;5m▗[38;2;251;0;0;48;2;244;1;1m┊[38;2;247;0;0;48;2;251;0;0m▁▁▁▁[0m[7m[38;2;216;2;2m▝[0m[38;2;215;5;5m▃[38;2;214;3;3m▄[38;2;219;5;5m▇[38;2;102;6;6m▍ [0m   [38;2;107;6;5m▗[38;2;133;9;9m▖        [0m
 [38;2;0;0;0m [0m [38;2;37;2;2;48;2;223;3;3m▎[38;2;226;1;1;48;2;10;0;0m▋[0m [38;2;0;0;0m      [0m [7m[38;2;181;5;4m▖[0m[38;2;228;3;3;48;2;146;4;4m▇[0m[38;2;213;3;3m▄[38;2;78;3;3m▁ [0m [38;2;111;6;6m▃[0m [38;2;198;6;5m▗[38;2;243;2;2;48;2;232;3;2m┈[0m[38;2;215;3;2m▃[38;2;205;3;3m▃[38;2;232;1;1;48;2;161;3;3m▇[38;2;244;0;0;48;2;247;0;0m▄▄▄▄▄[38;2;245;1;1;48;2;234;2;2m┊[0m[7m[38;2;195;4;4m▄[38;2;204;6;6m▖[38;2;157;4;4m▗[0m  [38;2;156;4;4m▅[38;2;140;6;6m▌[0m [38;2;51;2;2;48;2;190;9;9m▘[0m[38;2;144;7;7m▘[0m [38;2;99;9;8m▂   [0m [38;2;87;7;7m▄[0m [0m
 [38;2;0;0;0m  [0m [38;2;38;1;1;48;2;193;1;1m▖[38;2;54;4;4;48;2;34;1;1m╴[0m [38;2;0;0;0m       [7m[38;2;105;4;4m▆[38;2;209;4;4m▖[0m[38;2;104;4;4;48;2;235;3;3m▝[0m[38;2;82;3;3m▖ [7m[38;2;180;6;6m▎[0m[38;2;232;2;2m▇[48;2;243;0;0m [48;2;244;0;0m         [0m[38;2;186;5;5m▌[38;2;142;6;6m▅[7m[38;2;38;4;3m▆[0m[38;2;0;0;0m [0m [38;2;205;7;7m▗[38;2;244;0;0;48;2;239;2;2m┊[38;2;99;4;4;48;2;238;2;1m▝[0m[38;2;176;6;6m▖[7m[38;2;99;6;6m▄[0m  [38;2;62;1;1;48;2;201;7;7m▎[0m[38;2;229;3;3m▖  [7m[38;2;139;7;7m▋[0m[38;2;192;8;7m▋ [0m
 [38;2;0;0;0m   [0m  [38;2;57;3;3m╺[38;2;137;7;6m▅[38;2;199;5;5m▂[0m [38;2;0;0;0m   [0m [38;2;124;8;7m▗[38;2;77;6;5m▂[38;2;147;7;7;48;2;236;3;3m▏[38;2;206;5;5;48;2;62;2;2m▋[0m[38;2;149;8;7m▅[7m[38;2;145;7;7m▌[0m[38;2;235;5;5;48;2;244;0;0m▏[38;2;247;0;0m▃▃▃▃▃▃▃▃▃▃[38;2;243;1;1;48;2;177;8;8m▇[38;2;245;0;0;48;2;238;1;1m┊[0m[38;2;234;2;2m▅[38;2;212;3;2m▆[38;2;229;2;2;48;2;61;2;2m▇[38;2;244;0;0;48;2;243;1;1m┈[38;2;247;0;0;48;2;244;0;0m▃[38;2;246;0;0m▃[38;2;238;2;2;48;2;135;7;7m▊[0m[38;2;42;0;0m▏[0m [7m[38;2;160;5;5m▘[0m[38;2;244;0;0;48;2;241;1;1m┊[38;2;59;3;3;48;2;204;4;4m▗[0m [38;2;0;0;0m [38;2;75;4;4m▝[38;2;120;5;5;48;2;231;4;4m▖[0m[7m[38;2;168;4;4m▝[0m
[38;2;201;10;10;48;2;67;4;4m▗[0m[38;2;103;4;4m▖[0m [38;2;109;9;8m▃[0m [38;2;41;5;4m▁[0m  [7m[38;2;129;3;3m▖[0m[38;2;219;4;3;48;2;95;4;4m▇[0m[38;2;139;5;4m▄[0m [38;2;46;6;5m▁ [38;2;137;10;9m▗[38;2;85;5;5;48;2;27;1;1m▏[38;2;102;4;4;48;2;231;4;4m▎[38;2;247;0;0;48;2;220;6;5m▇[38;2;243;2;1;48;2;202;9;9m▉[38;2;63;1;1;48;2;210;4;4m▘[38;2;247;0;0;48;2;246;0;0m┈[38;2;249;0;0;48;2;247;0;0m▁▁▁▁[38;2;248;0;0m▁[38;2;247;0;0;48;2;233;2;2m╴[38;2;138;5;5;48;2;244;1;1m▖[48;2;247;0;0m [38;2;153;6;6;48;2;244;1;1m▁[38;2;68;2;2;48;2;238;2;2m▃[38;2;32;2;2;48;2;187;5;5m▖[38;2;247;0;0;48;2;246;0;0m┊[38;2;249;0;0;48;2;247;0;0m▁▁[38;2;247;0;0;48;2;244;1;1m┈[38;2;155;5;5;48;2;243;1;1m▂[38;2;248;0;0;48;2;247;0;0m▁▁[0m[38;2;208;4;4m▊[0m [38;2;183;8;8m▗[7m[38;2;197;5;5m▗[38;2;177;5;5m▅[38;2;84;4;4m▉[0m[38;2;159;6;6m▅[0m [38;2;0;0;0m [38;2;88;3;3m▝[38;2;98;6;6;48;2;231;5;4m▖[0m
[7m[38;2;73;3;3m▇[38;2;183;6;6m▖[0m[38;2;139;5;5m▄[38;2;84;3;3m▝[7m[38;2;168;8;8m▝[38;2;94;4;4m▘[38;2;170;7;7m▝[0m[38;2;205;6;5m▃[0m [38;2;55;2;2;48;2;212;6;6m▌[38;2;251;0;0;48;2;238;2;2m╴[0m[38;2;102;5;5m▍[7m[38;2;104;7;6m▖[0m[38;2;168;7;6m▃[7m[38;2;181;6;5m▍[0m[38;2;76;3;2;48;2;234;3;3m▝[38;2;49;1;1;48;2;156;6;5m▚[38;2;250;0;0;48;2;238;2;2m┊[48;2;251;0;0m [38;2;224;7;7;48;2;250;0;0m▁[38;2;251;0;0m┈[48;2;251;0;0m   [38;2;142;4;4;48;2;237;1;1m▁[38;2;104;3;3;48;2;241;2;2m▅[38;2;240;2;2;48;2;95;4;3m▃[38;2;56;2;2;48;2;174;9;9m▘[38;2;94;4;4;48;2;216;3;3m▅[38;2;215;3;3;48;2;55;2;2m▄[38;2;246;1;1;48;2;121;4;4m▆[38;2;214;7;7;48;2;100;3;3m▌[38;2;200;11;11;48;2;246;1;1m▏[48;2;251;0;0m [38;2;251;0;0;48;2;250;0;0m┈[38;2;196;4;4;48;2;80;3;3m▌[38;2;156;10;10;48;2;34;1;1m▁[38;2;142;6;6;48;2;241;2;2m▖[48;2;251;0;0m [38;2;247;1;1;48;2;218;7;7m▉[0m[38;2;150;8;7m▆[38;2;229;5;5;48;2;166;6;6m▉[0m[38;2;78;3;3m▎[38;2;135;8;7m▃[7m[38;2;173;7;7m▌[0m[38;2;250;0;0;48;2;247;1;1m┈[0m[38;2;156;5;5m▋ [0m [7m[38;2;91;7;7m▄[0m
  [7m[38;2;102;5;5m▅[0m [7m[38;2;122;5;5m▍[0m[38;2;248;1;1;48;2;243;2;2m┈[38;2;250;0;0;48;2;204;6;6m▇[38;2;117;5;5;48;2;238;3;3m▗[38;2;34;1;1;48;2;148;7;7m▝[0m[7m[38;2;60;2;2m▚[0m[38;2;71;2;2;48;2;229;4;4m▖[0m[38;2;182;7;7m▌[38;2;2;50;50m▁[7m[38;2;123;5;5m▖[0m[38;2;232;3;3;48;2;181;5;5m▇[48;2;251;0;0m [38;2;247;1;1;48;2;186;5;4m▇[38;2;146;5;4;48;2;238;2;2m▘[48;2;251;0;0m [38;2;133;5;5;48;2;240;2;2m▝[38;2;40;1;1;48;2;175;5;5m▆[38;2;27;2;1;48;2;215;5;5m▄[38;2;90;5;5;48;2;213;5;4m▆[38;2;177;4;4;48;2;229;3;3m▏[38;2;79;4;4;48;2;165;6;6m▝[38;2;250;0;0;48;2;240;1;1m┈[48;2;251;0;0m [38;2;81;2;2;48;2;238;3;2m▝[38;2;119;5;5;48;2;245;1;1m▘[48;2;251;0;0m [38;2;251;0;0;48;2;246;1;1m┊[38;2;202;7;7;48;2;120;4;4m▚[38;2;97;4;4;48;2;235;2;2m▂[38;2;205;10;10;48;2;225;2;2m╴[38;2;251;0;0;48;2;250;0;0m┊[38;2;250;0;0;48;2;219;10;10m▇[38;2;251;0;0;48;2;241;4;3m▇[48;2;230;7;6m▇[48;2;251;0;0m  [38;2;124;4;4;48;2;231;4;3m▝[38;2;83;2;2;48;2;211;5;5m▖[38;2;64;2;2;48;2;208;5;5m▝[0m[38;2;213;6;6m▝[38;2;192;3;3;48;2;239;3;3m▏[38;2;251;0;0;48;2;247;1;1m┊[0m[38;2;161;4;4m▌   [0m
[38;2;29;1;1;48;2;187;3;3m▌[38;2;185;1;1;48;2;58;2;2m╴[0m[38;2;185;1;1m [0m [38;2;112;9;8m▃[7m[38;2;117;3;3m▅[38;2;181;3;3m▄[0m[38;2;11;0;0;48;2;50;8;8m╴[0m[38;2;12;194;193m▅[38;2;6;230;229;48;2;20;16;15m▅[38;2;11;225;225;48;2;47;75;74m▆[38;2;11;227;226;48;2;72;62;61m▃[38;2;27;233;232;48;2;6;249;248m▏[38;2;0;252;251;48;2;7;240;239m┈[38;2;9;244;243;48;2;62;63;62m▖[38;2;115;6;6;48;2;245;2;1m▖[38;2;251;0;0;48;2;244;1;1m┈[48;2;246;1;1m┈[38;2;224;9;8;48;2;250;0;0m▁[38;2;249;0;0;48;2;251;0;0m─[38;2;249;1;1;48;2;178;5;5m▇[38;2;227;2;2;48;2;31;1;1m▆[38;2;21;0;0;48;2;176;7;7m▘[38;2;251;0;0;48;2;250;0;0m▇[48;2;243;3;2m▇[48;2;251;0;0m  [38;2;238;4;4m▁ [38;2;251;0;0;48;2;250;0;0m┈[38;2;218;4;4;48;2;86;3;2m▌[38;2;181;14;13;48;2;88;5;4m╹[38;2;52;1;1;48;2;217;4;3m▘[38;2;251;0;0;48;2;250;0;0m┈[48;2;251;0;0m  [48;2;248;0;0m┈[38;2;52;1;1;48;2;231;2;2m▂[38;2;13;0;0;48;2;235;3;3m▄[38;2;10;0;0;48;2;233;3;3m▄[38;2;113;5;4;48;2;244;2;2m▖[38;2;64;1;1;48;2;156;7;7m┃[0m[38;2;175;7;6m▊[38;2;233;5;5m▗[38;2;228;3;3;48;2;163;3;3m▉[0m[38;2;186;4;4m▘[38;2;124;8;8m▂   [0m
[38;2;22;2;2;48;2;183;2;2m▖[38;2;222;4;4;48;2;111;2;1m╴[0m  [38;2;32;0;0;48;2;208;6;6m▍[38;2;195;5;5;48;2;32;0;0m▌[0m[38;2;74;5;4m▄[38;2;5;27;27;48;2;19;173;173m▍[38;2;12;74;73;48;2;9;239;238m▅[38;2;3;31;30;48;2;8;249;248m▆[38;2;0;3;3;48;2;11;247;246m▆[38;2;4;38;38;48;2;9;249;248m▆[38;2;2;20;19;48;2;8;215;214m━[38;2;19;98;97;48;2;19;198;197m▗[38;2;12;60;59;48;2;20;178;177m╺[38;2;203;7;7;48;2;32;19;19m▝[38;2;249;0;0;48;2;229;3;3m┊[38;2;100;4;3;48;2;203;6;6m▚[38;2;148;6;5;48;2;212;5;5m▝[38;2;187;9;9;48;2;246;2;2m▏[48;2;251;0;0m  [38;2;251;0;0;48;2;249;0;0m▇[38;2;249;0;0;48;2;251;0;0m▗[38;2;115;6;5;48;2;230;3;3m▗[38;2;224;10;9;48;2;246;1;1m▏[38;2;100;3;3;48;2;185;6;5m┏[38;2;248;1;0;48;2;239;2;2m┊[48;2;251;0;0m [38;2;250;0;0;48;2;234;4;3m▉[38;2;204;9;9;48;2;75;3;3m▁[38;2;235;3;3;48;2;167;5;5m▇[48;2;251;0;0m  [38;2;251;0;0;48;2;250;0;0m┊[38;2;70;3;3;48;2;230;2;2m▗[38;2;175;5;4;48;2;18;1;1m▘[48;2;0;0;0m   [38;2;18;0;0;48;2;172;9;8m▊[38;2;141;5;5;48;2;241;3;3m▝[38;2;48;3;2;48;2;141;9;9m▝[38;2;130;4;4;48;2;237;3;3m▏[38;2;212;7;7;48;2;68;2;2m▌[38;2;86;4;4;48;2;234;3;3m▘[0m[38;2;198;5;5m▋   [0m
 [7m[38;2;115;2;2m▄[0m[38;2;69;4;4;48;2;15;0;0m▗[38;2;109;9;8;48;2;2;0;0m▄[38;2;85;3;3;48;2;235;4;4m▎[38;2;121;3;2;48;2;233;4;4m▝[38;2;236;4;3;48;2;145;6;6m▊[38;2;0;0;0;48;2;15;0;0m┊[38;2;39;165;164;48;2;6;33;33m╺[38;2;7;47;46;48;2;22;188;187m━[38;2;17;208;207;48;2;16;119;118m▇[38;2;19;108;107;48;2;25;213;212m▋[38;2;15;106;105;48;2;24;173;172m▖[38;2;149;8;8;48;2;31;100;99m▃[38;2;158;7;7;48;2;14;85;84m▄[38;2;99;61;60;48;2;31;80;80m▏[38;2;10;26;26;48;2;109;4;4m▇[38;2;2;0;0;48;2;112;9;8m▆[38;2;230;5;5;48;2;60;2;2m▝[38;2;111;6;6;48;2;249;1;1m▁[38;2;122;5;5;48;2;208;3;3m┎[38;2;180;7;7;48;2;239;2;2m╸[38;2;134;4;4;48;2;244;2;2m▗[38;2;229;8;8;48;2;248;1;1m▏[38;2;202;8;8;48;2;61;2;2m▍[38;2;120;5;5;48;2;234;5;5m▖[38;2;89;3;3;48;2;186;6;6m▚[38;2;173;5;5;48;2;245;1;1m▁[48;2;251;0;0m  [38;2;251;0;0;48;2;249;0;0m▇[48;2;251;0;0m [48;2;245;1;1m┈[38;2;69;3;3;48;2;239;1;1m▃[38;2;63;4;4;48;2;193;4;4m▆[38;2;76;7;6;48;2;3;0;0m▖[48;2;0;0;0m    [38;2;10;0;0;48;2;150;6;6m▊[38;2;218;14;13;48;2;249;0;0m▏[38;2;245;2;1;48;2;207;7;6m▇[38;2;251;0;0;48;2;249;0;0m┈[38;2;70;0;0;48;2;176;8;7m╻[38;2;233;8;7;48;2;248;0;0m▏[0m[38;2;198;6;6m▌   [0m
 [38;2;0;0;0m [0m [38;2;92;6;6;48;2;191;8;7m▎[48;2;250;0;0m [48;2;251;0;0m  [38;2;208;5;5;48;2;71;3;3m▌[38;2;34;0;0;48;2;2;0;0m╴[38;2;0;3;3;48;2;13;97;96m▇[38;2;8;54;53;48;2;11;243;242m▆[38;2;7;46;45;48;2;27;176;175m▅[38;2;21;107;106;48;2;29;169;168m▘[38;2;36;123;122;48;2;145;8;8m▆[38;2;26;155;154;48;2;146;7;7m▄[38;2;64;44;43;48;2;24;165;164m▘[38;2;16;227;226;48;2;20;101;100m▅[38;2;2;15;15;48;2;10;80;79m▉[38;2;20;226;225;48;2;0;0;0m▄[38;2;23;85;84;48;2;5;9;8m▏[38;2;225;6;6;48;2;95;8;7m▗[38;2;144;5;5;48;2;192;4;4m┉[38;2;240;2;2;48;2;134;5;4m▅[38;2;251;0;0;48;2;249;0;0m┈[48;2;243;1;1m┈[38;2;229;2;2;48;2;55;2;2m▅[38;2;23;0;0;48;2;189;6;5m━[38;2;20;0;0;48;2;146;7;7m─[38;2;47;2;2;48;2;235;5;5m▄[38;2;17;0;0;48;2;243;3;3m▄[38;2;6;0;0;48;2;223;3;2m▄[38;2;5;0;0;48;2;203;4;4m▅[38;2;8;0;0;48;2;135;6;6m▇[38;2;176;13;12;48;2;36;2;2m╺[38;2;181;7;7;48;2;53;3;3m▝[38;2;144;7;7;48;2;2;0;0m▘[48;2;0;0;0m   [38;2;123;4;4;48;2;8;0;0m▂[38;2;60;3;3;48;2;230;4;3m▘[38;2;165;8;8;48;2;235;2;2m▗[38;2;157;7;7;48;2;232;5;5m┛[38;2;251;0;0;48;2;250;0;0m┊[38;2;112;4;4;48;2;165;4;4m▁[0m[7m[38;2;194;6;6m▄[0m [38;2;0;0;0m   [0m
 [38;2;0;0;0m  [38;2;127;6;6m▝[38;2;100;4;4;48;2;233;2;2m▁[48;2;251;0;0m [38;2;251;0;0;48;2;232;4;3m╴[38;2;115;7;7;48;2;14;0;0m▏[38;2;2;22;22;48;2;22;152;152m▌[38;2;13;220;219;48;2;17;72;71m▇[38;2;17;239;238;48;2;16;124;123m▄[38;2;13;241;240;48;2;9;68;68m▃[38;2;20;226;225;48;2;11;72;71m▂[38;2;13;92;91;48;2;29;155;155m▃[38;2;29;210;209;48;2;17;108;107m┷[38;2;32;186;185;48;2;16;101;100m┻[38;2;9;61;60;48;2;27;193;192m▆[38;2;21;216;215;48;2;1;11;11m▂[38;2;15;219;218;48;2;11;51;50m▃[38;2;16;116;115;48;2;5;12;12m▂[38;2;14;7;7;48;2;192;12;11m▇[38;2;210;9;8;48;2;28;35;35m▝[38;2;44;2;2;48;2;224;3;3m▅[38;2;48;1;1;48;2;186;5;4m┓[38;2;141;5;5;48;2;248;1;1m▁[38;2;251;0;0;48;2;250;0;0m┊[38;2;117;5;5;48;2;231;4;4m╶[38;2;130;9;8;48;2;179;8;7m▁[38;2;212;6;6;48;2;151;9;9m▃[38;2;150;8;8;48;2;29;1;1m▇[38;2;182;9;9;48;2;28;1;1m▅[38;2;179;9;8;48;2;15;0;0m▄[38;2;152;7;7;48;2;0;0;0m▄[38;2;166;8;8;48;2;5;0;0m▃[38;2;181;7;7;48;2;1;0;0m▃[38;2;191;7;7;48;2;4;0;0m▃[38;2;174;5;5;48;2;0;0;0m▄[38;2;178;6;5;48;2;4;0;0m▅[38;2;198;6;6;48;2;47;2;2m▆[38;2;139;6;6;48;2;230;4;3m╼[38;2;227;4;4;48;2;177;6;5m▅[38;2;81;3;3;48;2;221;3;3m▂[38;2;168;7;7;48;2;238;2;2m╴[38;2;136;6;6;48;2;246;1;1m▗[0m[38;2;25;156;156m▂[0m [38;2;0;0;0m    [0m
 [38;2;0;0;0m  [0m [38;2;97;5;5m┐[7m[38;2;153;7;6m━[0m[38;2;53;3;3;48;2;224;4;4m▄[38;2;224;8;7;48;2;66;4;4m╸[38;2;24;205;204;48;2;16;13;13m▝[38;2;37;30;30;48;2;15;207;206m▃[38;2;1;23;23;48;2;23;180;179m▁[38;2;6;44;43;48;2;29;182;181m╾[38;2;26;145;145;48;2;20;204;203m╴[38;2;24;137;136;48;2;14;226;226m╸[38;2;25;196;195;48;2;13;224;223m╷[38;2;36;178;177;48;2;17;216;215m╷[38;2;1;16;16;48;2;9;239;238m▃[38;2;6;31;31;48;2;3;251;250m▄[38;2;3;17;17;48;2;13;231;230m▄[38;2;17;117;117;48;2;2;14;14m▘[38;2;14;87;86;48;2;17;222;221m▌[38;2;19;223;222;48;2;8;61;60m▍[38;2;3;1;1;48;2;143;9;8m▅[38;2;128;7;7;48;2;19;1;1m▗[38;2;234;6;6;48;2;96;4;4m▖[38;2;161;6;6;48;2;243;3;2m▎[48;2;251;0;0m [38;2;239;2;1;48;2;122;3;2m▇[38;2;230;2;2;48;2;92;4;3m▄[38;2;64;2;2;48;2;169;5;5m┓[38;2;194;6;5;48;2;133;5;4m╈[38;2;89;3;3;48;2;213;4;4m━[38;2;94;4;4;48;2;240;3;3m▄[38;2;19;0;0;48;2;225;4;4m▂[38;2;53;1;1;48;2;234;3;3m▂[38;2;59;3;3;48;2;233;3;3m▂[38;2;42;0;0;48;2;230;4;4m▂[38;2;48;2;2;48;2;240;3;3m▃[38;2;57;2;2;48;2;239;2;2m▄[38;2;21;0;0;48;2;176;5;4m━[38;2;228;4;4;48;2;85;3;3m▄[38;2;61;6;5;48;2;207;4;4m▁[38;2;41;46;46;48;2;219;3;3m▄[38;2;24;212;211;48;2;33;64;64m╼[38;2;14;90;89;48;2;16;202;201m╺[38;2;3;34;33;48;2;18;183;182m╴[0m[38;2;17;191;190m▅[38;2;16;173;172m▖  [0m
 [38;2;0;0;0m    [0m [7m[38;2;33;4;3m▆[0m[38;2;118;9;8;48;2;2;0;0m▃[38;2;96;4;4;48;2;7;0;0m▂[38;2;41;3;3;48;2;132;9;8m▃[38;2;10;0;0;48;2;1;0;0m▏[38;2;0;7;7;48;2;0;3;3m┊[38;2;0;0;0;48;2;30;132;131m▇[48;2;43;164;163m▇[48;2;19;107;106m▇[38;2;24;137;136;48;2;0;5;5m▁[38;2;13;201;200;48;2;0;0;0m▂[38;2;14;204;203m▂[38;2;6;35;35;48;2;13;221;220m▘[38;2;0;252;251;48;2;6;238;237m┈[38;2;9;249;248;48;2;13;87;86m▖[38;2;17;123;122;48;2;11;244;243m▎[38;2;7;245;244;48;2;12;67;66m▆[38;2;23;132;132;48;2;32;11;11m▎[38;2;205;6;6;48;2;57;2;2m▗[38;2;177;5;5;48;2;234;3;3m▁[38;2;131;3;3;48;2;242;2;2m▖[48;2;251;0;0m  [38;2;251;0;0;48;2;248;1;1m┈[38;2;234;2;2;48;2;90;3;3m▆[38;2;16;0;0;48;2;155;5;5m▗[38;2;71;3;3;48;2;234;3;3m▃[38;2;228;3;3;48;2;54;1;1m▇[38;2;239;2;2;48;2;20;0;0m▆[38;2;237;2;2;48;2;10;0;0m▆[38;2;246;1;1;48;2;61;2;2m▆[38;2;240;2;2;48;2;116;4;4m▇[38;2;33;133;133;48;2;193;11;11m▗[38;2;14;233;232;48;2;142;9;9m▄[38;2;17;143;142;48;2;92;5;5m▆[38;2;13;210;209;48;2;19;69;69m▇[38;2;1;252;251;48;2;24;242;241m▇[38;2;12;234;233;48;2;13;87;86m▆[38;2;10;66;65;48;2;18;160;159m▇[38;2;7;45;45;48;2;13;220;219m▄[38;2;18;200;199;48;2;13;81;81m▆[38;2;15;99;98;48;2;18;204;203m┓[0m[38;2;13;169;168m▋ [0m
 [38;2;0;0;0m      [0m [7m[38;2;120;7;6m▃[0m[38;2;1;0;0;48;2;0;0;0m┈[38;2;0;0;0m┈[38;2;19;0;0m▁ [38;2;1;7;7;48;2;16;70;70m▉[38;2;6;35;35;48;2;13;214;213m▘[38;2;11;140;139;48;2;9;243;242m▗[38;2;0;44;43;48;2;6;247;246m▂[38;2;10;66;65;48;2;5;244;243m▁[38;2;21;209;209;48;2;8;246;245m╶[38;2;0;14;14;48;2;15;183;182m━[38;2;12;247;246;48;2;13;92;91m▃[38;2;2;252;251;48;2;5;249;248m╴[38;2;4;251;250;48;2;51;215;214m▉[38;2;18;115;115;48;2;3;9;8m▏[38;2;153;11;10;48;2;87;6;5m╻[38;2;223;4;4;48;2;114;5;4m▄[38;2;245;1;1;48;2;174;4;4m▇[38;2;37;0;0;48;2;235;3;3m▗[38;2;46;2;2;48;2;236;4;4m▆[38;2;227;4;4;48;2;100;5;4m▃[38;2;148;6;6;48;2;238;3;3m▁[38;2;209;8;8;48;2;34;1;1m▘[38;2;155;8;8;48;2;3;0;0m▃[38;2;170;7;7;48;2;34;1;1m▄[38;2;62;2;2;48;2;186;6;6m━[38;2;108;4;4;48;2;236;2;2m▄[38;2;250;0;0;48;2;240;2;2m┊[38;2;186;5;5;48;2;41;3;3m▍[0m[7m[38;2;14;199;198m▃[0m[38;2;1;252;251;48;2;5;238;237m┈[38;2;0;252;251;48;2;1;252;251m┈[38;2;5;243;242;48;2;18;122;121m▆[38;2;12;76;75;48;2;19;194;193m▚[38;2;2;10;10;48;2;25;162;161m▄[38;2;0;6;6;48;2;14;225;224m▂[38;2;0;5;5;48;2;12;231;230m▁[38;2;5;68;67;48;2;12;222;221m▁[38;2;28;164;163;48;2;11;237;236m▂[0m[38;2;15;215;214m▘ [0m
 [38;2;0;0;0m         [0m [7m[38;2;108;10;9m▄[0m[38;2;0;0;0;48;2;3;0;0m┊[48;2;1;6;6m┈[38;2;8;58;58;48;2;24;232;231m▆[38;2;14;94;93;48;2;10;231;230m▘[38;2;1;252;251;48;2;50;223;222m▇[38;2;7;241;240;48;2;9;78;77m▇[38;2;18;236;235;48;2;16;88;88m▖[38;2;10;65;64;48;2;19;197;196m▎[38;2;19;120;119;48;2;13;201;200m╾[38;2;20;105;104;48;2;11;219;218m▖[38;2;20;102;101;48;2;15;219;218m▗[38;2;14;76;76;48;2;22;170;169m▝[38;2;15;50;49;48;2;107;11;10m▆[38;2;10;0;0;48;2;217;9;9m▆[38;2;3;0;0;48;2;166;6;6m━[38;2;181;7;7;48;2;33;2;1m▂[38;2;216;14;13;48;2;20;1;1m▁[38;2;220;5;5;48;2;69;3;3m▂[38;2;225;4;4;48;2;62;2;2m▄[38;2;25;154;153;48;2;137;9;9m▗[38;2;8;239;238;48;2;60;50;50m▅[38;2;8;244;243;48;2;3;13;12m▇[38;2;9;232;231;48;2;50;77;77m▅[38;2;41;105;104;48;2;188;8;7m▖[38;2;124;8;7;48;2;196;7;6m┗[0m[38;2;82;6;5m▎ [0m [7m[38;2;16;202;202m▅[38;2;19;197;196m▄[38;2;18;194;193m▂[38;2;13;213;212m▁[0m[38;2;10;218;217;48;2;3;33;32m▆[38;2;14;208;207;48;2;3;35;34m▆[0m[7m[38;2;13;217;216m▂[38;2;15;198;197m▅[0m [38;2;0;0;0m [0m
 [38;2;0;0;0m          [38;2;22;147;147m▁[38;2;14;216;215m▃[38;2;7;240;239;48;2;7;52;51m▅[38;2;0;252;251;48;2;5;246;245m┈[48;2;0;252;251m  [48;2;5;244;243m┈[38;2;8;248;247;48;2;13;72;72m▘[38;2;2;15;14;48;2;17;210;209m▅[38;2;3;17;17;48;2;18;227;226m▅[38;2;0;6;6;48;2;17;199;198m▅[38;2;0;1;1;48;2;24;164;163m▄[38;2;0;4;4;48;2;19;199;198m▄[38;2;0;10;9;48;2;29;171;170m▄[38;2;0;0;0;48;2;0;1;1m┈[38;2;220;7;7;48;2;21;1;1m▝[38;2;12;0;0;48;2;236;4;4m▃[38;2;13;0;0;48;2;237;4;4m▃[38;2;14;0;0;48;2;225;4;3m▄[38;2;7;0;0;48;2;139;5;5m▆[38;2;23;234;233;48;2;7;50;49m▝[38;2;0;252;251;48;2;4;247;246m┈[48;2;0;252;251m  [48;2;6;240;239m┈[38;2;9;225;224;48;2;126;31;31m▅[38;2;19;214;213;48;2;114;21;21m▂[0m [38;2;28;6;5m           [0m
 [38;2;0;0;0m     [0m [38;2;25;164;164m▃[38;2;23;233;233m▄[38;2;12;245;244m▅[38;2;10;240;239m▇[38;2;52;224;223;48;2;2;251;250m▁[38;2;36;163;162;48;2;1;252;251m▁[38;2;2;40;39;48;2;6;248;247m▁[38;2;2;26;25;48;2;7;246;245m▂[38;2;0;9;8;48;2;9;231;230m▃[38;2;1;9;9;48;2;16;219;218m▅[38;2;3;21;21;48;2;21;111;110m▇[38;2;17;223;222;48;2;6;28;28m▅[38;2;19;187;186;48;2;2;15;14m▂[38;2;0;0;0;48;2;0;1;1m┈┈[48;2;0;2;2m┈[48;2;0;0;0m      [48;2;2;9;9m┈[38;2;12;220;219;48;2;7;47;46m▃[38;2;21;172;171;48;2;2;17;17m▍[38;2;0;2;2;48;2;18;122;121m▆[38;2;0;5;5;48;2;14;214;213m▄[38;2;8;45;45;48;2;5;247;246m▃[38;2;1;34;33;48;2;6;242;241m▁[38;2;0;252;251;48;2;6;246;245m┈[38;2;9;249;248;48;2;0;252;251m▁[38;2;3;251;250;48;2;23;141;140m▇[0m[38;2;6;241;240m▆[38;2;8;224;223m▅[38;2;8;247;246m▃[38;2;24;235;234m▂[0m [38;2;15;65;65m      [0m
 [38;2;0;0;0m       [0m [7m[38;2;1;29;28m▇[38;2;2;41;40m▇[0m  [38;2;150;6;6m┗[38;2;228;3;3;48;2;27;0;0m▇[38;2;48;2;2;48;2;217;3;3m▝[38;2;148;6;6;48;2;13;1;0m▁[38;2;0;0;0;48;2;1;1;1m┈[38;2;9;41;41;48;2;14;199;198m▃[38;2;48;32;32;48;2;8;246;245m▂[38;2;21;199;198;48;2;74;36;35m▘[38;2;206;4;4;48;2;31;120;119m▄[38;2;226;3;3;48;2;25;82;81m▅[38;2;246;2;2;48;2;42;1;1m▅[38;2;235;5;4;48;2;12;0;0m▆[38;2;229;3;2;48;2;8;0;0m▆[38;2;235;3;3;48;2;16;0;0m▅[38;2;221;4;3;48;2;22;63;62m▄[38;2;167;11;11;48;2;23;113;112m▃[38;2;67;62;62;48;2;15;218;217m▂[38;2;9;43;43;48;2;9;228;227m▃[38;2;4;12;12;48;2;14;85;84m▇[38;2;143;8;7;48;2;8;0;0m▁[38;2;224;3;3;48;2;72;3;3m▃[38;2;235;3;2;48;2;28;0;0m▇[38;2;180;5;5;48;2;14;0;0m▆[0m[38;2;85;11;10m╸[7m[38;2;20;87;86m▆[38;2;22;132;131m▆[38;2;35;231;230m▇[38;2;59;221;220m▇[38;2;52;200;199m▇[38;2;4;74;74m▇[0m[38;2;0;0;0m       [0m
 [38;2;0;0;0m             [7m[38;2;145;5;5m▆[38;2;234;2;2m▄[38;2;212;3;3m▂[0m[38;2;81;7;6;48;2;204;4;4m▂[38;2;127;7;7;48;2;208;4;4m▂[38;2;152;5;5;48;2;237;4;4m▃[38;2;154;5;5;48;2;219;3;3m┌[38;2;63;2;2;48;2;197;6;5m▗[38;2;59;2;2;48;2;197;5;4m━[38;2;246;2;2;48;2;101;5;5m▄[38;2;244;3;3;48;2;61;1;1m▄[38;2;245;2;2;48;2;88;4;4m▄[38;2;62;2;2;48;2;183;4;4m━[38;2;126;6;5;48;2;217;5;5m╾[38;2;182;8;8;48;2;218;3;3m╷[38;2;139;6;6;48;2;241;3;3m▂[38;2;224;4;4;48;2;105;3;3m▇[38;2;64;1;1;48;2;223;4;4m▁[0m[7m[38;2;240;3;2m▂[38;2;221;3;3m▃[38;2;169;4;4m▅[0m [38;2;0;0;0m              [0m
 [38;2;0;0;0m                [7m[38;2;119;7;7m▇[38;2;220;4;4m▅[38;2;224;3;3m▃[0m[38;2;54;1;1;48;2;198;5;5m▖[38;2;149;6;6;48;2;242;2;1m▘[48;2;251;0;0m    [38;2;251;0;0;48;2;250;0;0m┈[38;2;153;7;6;48;2;224;4;4m┗[0m[7m[38;2;211;3;3m▂[38;2;218;4;4m▃[38;2;167;10;9m▅[0m [38;2;0;0;0m                  [0m
 [38;2;0;0;0m                   [7m[38;2;103;4;4m▇[38;2;213;2;2m▄[38;2;226;2;2m▂[38;2;241;1;1m▂[38;2;234;2;2m▂[38;2;241;1;1m▂[38;2;221;2;2m▂[38;2;200;3;3m▄[0m [38;2;0;0;0m                     [0m[u[0m [38;2;0;0;0m                               [0m [38;2;31;1;1m                 [0m
 [38;2;0;0;0m                            [0m [38;2;151;6;6m▂[38;2;212;3;3m▄[38;2;246;0;0;48;2;187;6;5m╴[0m[38;2;57;2;2m▎            [38;2;97;8;7m╶[38;2;198;6;6m▂[0m [38;2;71;3;3m [0m
 [38;2;0;0;0m                           [38;2;200;6;6m▗[38;2;239;2;2;48;2;89;5;4m▆[38;2;251;0;0;48;2;250;0;0m┈[38;2;244;1;1;48;2;181;6;5m▉[0m[38;2;140;6;6m▘      [7m[38;2;84;3;3m▉[0m[38;2;222;7;6m▖     [0m [38;2;86;5;5;48;2;233;3;3m▘[0m[7m[38;2;210;4;4m▗[0m [0m
 [38;2;0;0;0m                          [38;2;156;7;7m▗[38;2;247;2;2;48;2;234;2;2m┊[48;2;251;0;0m [38;2;251;0;0;48;2;250;0;0m┈[0m[7m[38;2;132;3;3m▗[0m [38;2;40;5;4m     [0m [7m[38;2;197;4;4m▘[0m[38;2;241;3;3;48;2;124;8;8m▊[0m[38;2;30;0;0m▏   [0m [7m[38;2;213;5;4m▚[38;2;202;2;2m▅[0m [38;2;0;0;0m [0m
 [38;2;0;0;0m [0m [38;2;0;0;0m╴[0m [38;2;0;0;0m         [38;2;110;5;5m▂[38;2;127;6;5m▖[0m [38;2;20;0;0m         [38;2;132;5;4m▗[38;2;140;3;3;48;2;230;2;2m▏[48;2;251;0;0m  [38;2;231;3;2;48;2;102;3;2m▊[0m[38;2;180;3;3m▄[38;2;105;4;4m▘    [0m [7m[38;2;170;6;6m▘[38;2;235;2;2m▃[38;2;151;4;4m▅[0m[38;2;8;0;0m   [0m [38;2;124;7;7m┛[0m [38;2;0;0;0m   [0m
 [38;2;0;0;0m [0m [38;2;4;0;0;48;2;174;6;5m▌[38;2;152;4;4;48;2;57;1;1m╴[0m [38;2;0;0;0m       [38;2;243;3;2m▗[38;2;149;5;5m▊[0m [38;2;0;0;0m     [7m[38;2;104;5;5m▋[0m[38;2;182;9;8;48;2;70;6;5m▊[0m [38;2;1;0;0m [0m [38;2;83;3;2;48;2;239;2;2m▘[48;2;251;0;0m    [38;2;92;4;4;48;2;244;1;1m▝[0m[38;2;200;3;3m▃[38;2;236;2;2m▃[38;2;215;5;5m▇[38;2;61;4;4m▎ [0m    [38;2;174;10;10m▖        [0m
 [38;2;0;0;0m [0m [38;2;84;3;3;48;2;240;2;2m▍[38;2;241;1;1;48;2;39;1;1m▋[0m [38;2;0;0;0m       [7m[38;2;201;4;4m▖[0m[38;2;130;5;4;48;2;243;2;1m▝[0m[38;2;174;4;4m▄[0m [38;2;0;0;0m [0m [38;2;112;7;7m▃[0m [38;2;195;5;4m▗[38;2;221;8;8;48;2;244;1;1m▏[0m[7m[38;2;170;3;3m▝[0m[38;2;233;4;4m▂[7m[38;2;234;2;2m▘[0m[38;2;248;0;0;48;2;251;0;0m▂▂▂▂▂[38;2;251;0;0;48;2;243;1;1m┈[0m[7m[38;2;218;2;2m▄[38;2;212;5;4m▖[38;2;160;4;4m▗[0m  [38;2;213;5;5m▗[7m[38;2;148;5;5m▗[0m [7m[38;2;161;8;7m▘[0m[38;2;169;6;6m▘[38;2;77;4;4m▁[38;2;67;5;5m▁   [0m [38;2;78;7;6m▄[0m [0m
 [38;2;0;0;0m  [0m [38;2;20;1;1;48;2;192;2;2m▖[38;2;91;4;4;48;2;42;1;1m╴[0m [38;2;0;0;0m      [0m [7m[38;2;168;5;4m▅[0m[38;2;69;3;3;48;2;229;3;3m▖[38;2;94;4;4;48;2;233;3;3m▝[0m[38;2;105;4;4m▖ [7m[38;2;197;6;6m▍[0m[38;2;238;1;1;48;2;66;2;1m▇[38;2;247;0;0;48;2;245;0;0m┈[38;2;245;0;0;48;2;247;0;0m▂▂▂▂▂▂▂▂[38;2;244;0;0m▂[38;2;201;5;5;48;2;52;3;2m▌[0m[38;2;148;6;6m▅[7m[38;2;40;5;4m▆[0m  [7m[38;2;154;4;4m▘[0m[38;2;247;0;0;48;2;241;1;1m┊[38;2;115;4;4;48;2;242;1;1m▝[0m[38;2;145;5;5m▖[7m[38;2;91;7;6m▅[0m[38;2;6;1;0m [7m[38;2;79;2;2m▊[0m[38;2;209;7;6;48;2;114;7;7m▇[0m[38;2;220;4;4m▖  [7m[38;2;126;6;6m▋[0m[38;2;185;8;7m▋ [0m
 [38;2;24;2;1m   [0m  [38;2;138;10;9;48;2;13;1;1m╺[0m[38;2;171;7;7m▄[38;2;154;6;6m▂[0m [38;2;0;0;0m   [0m [38;2;120;8;7m▗[7m[38;2;71;2;2m▊[0m[38;2;159;10;10;48;2;237;3;3m▏[38;2;217;4;4;48;2;73;2;2m▋[0m[38;2;152;7;7m▅[38;2;14;0;0;48;2;186;8;8m▌[38;2;243;1;1;48;2;244;0;0m▏[38;2;246;0;0m▁▁▁▁▁▁▁▁▁▁[38;2;242;1;1;48;2;180;7;7m▇[38;2;244;0;0;48;2;239;1;1m┈[0m[38;2;234;3;3m▅[38;2;222;2;2m▆[38;2;239;2;2;48;2;134;6;6m▇[48;2;244;0;0m [38;2;244;0;0;48;2;247;0;0m▇▇[38;2;208;4;4;48;2;43;0;0m▉[0m  [38;2;49;2;2;48;2;195;6;5m▘[38;2;244;0;0;48;2;243;0;0m┊[38;2;55;2;2;48;2;204;5;4m▗[0m [38;2;6;0;0m [7m[38;2;112;6;5m▊[0m[38;2;237;3;3;48;2;215;4;4m┊[0m[38;2;214;4;4m▖[0m
[7m[38;2;130;8;7m▎[0m[38;2;86;3;3m▖[38;2;14;0;0m▗[38;2;113;7;6m▃[0m [38;2;46;4;4m▁[0m  [7m[38;2;154;4;4m▖[0m[38;2;228;3;3;48;2;108;5;5m▆[0m[38;2;149;4;4m▄[0m [38;2;48;7;6m▁ [38;2;146;11;11m▗[38;2;13;0;0;48;2;31;1;1m┊[38;2;92;4;4;48;2;225;4;4m▏[38;2;246;0;0;48;2;230;5;5m▇[38;2;243;1;1;48;2;190;7;7m▊[38;2;76;2;2;48;2;231;3;3m▘[38;2;247;0;0;48;2;245;0;0m▇[48;2;247;0;0m     [48;2;234;1;1m╴[38;2;143;6;6;48;2;244;1;1m▖[48;2;247;0;0m [38;2;144;6;6;48;2;242;1;1m▁[38;2;61;3;3;48;2;235;2;2m▃[38;2;35;2;2;48;2;194;5;5m▖[38;2;247;0;0;48;2;246;0;0m┊[48;2;247;0;0m  [48;2;240;1;1m╴[38;2;152;5;5;48;2;242;1;1m▂[48;2;247;0;0m [38;2;247;0;0;48;2;246;0;0m▉[38;2;214;3;3;48;2;61;2;2m▊[0m [38;2;186;10;10m▗[7m[38;2;190;5;5m▗[38;2;156;5;5m▅[0m[38;2;104;5;5m▗[38;2;153;6;5m▅[0m [38;2;0;0;0m [38;2;158;6;6m▝[38;2;153;8;8;48;2;215;6;6m▁[0m
[38;2;92;4;4m▝[7m[38;2;181;6;6m▖[0m[38;2;137;6;6m▄[38;2;86;3;3m▝[7m[38;2;161;8;8m▝[38;2;100;4;4m▘[38;2;164;6;6m▝[0m[38;2;203;5;5m▃[0m [38;2;46;1;1;48;2;199;6;6m▌[38;2;248;0;0;48;2;240;2;2m╴[0m[38;2;104;4;3m▌[7m[38;2;103;6;6m▖[0m[38;2;159;6;6m▃[7m[38;2;199;6;6m▍[0m[38;2;54;2;2;48;2;225;3;3m▝[38;2;202;7;7;48;2;72;3;2m▝[38;2;247;0;0;48;2;235;2;2m┊[38;2;250;0;0;48;2;247;0;0m▂[38;2;226;6;6m▁[38;2;248;0;0m┊[38;2;250;0;0m▂▂[38;2;251;0;0m▂[38;2;157;4;4;48;2;237;1;1m▁[38;2;89;3;3;48;2;225;2;2m▄[38;2;233;3;3;48;2;98;4;4m▃[38;2;60;3;2;48;2;175;9;8m▘[38;2;87;3;3;48;2;205;4;4m▅[38;2;219;3;3;48;2;55;2;2m▄[38;2;244;1;1;48;2;126;5;5m▆[38;2;224;6;6;48;2;112;5;4m▍[38;2;196;13;13;48;2;244;2;1m▏[38;2;251;0;0;48;2;247;0;0m▂[38;2;248;0;0m┊[38;2;195;4;4;48;2;74;3;3m▌[38;2;157;11;11;48;2;30;1;1m▁[38;2;119;5;5;48;2;235;3;3m▖[38;2;251;0;0;48;2;247;0;0m▂[38;2;248;0;0;48;2;242;2;2m┈[38;2;154;8;7;48;2;56;2;2m▆[38;2;230;5;4;48;2;158;7;7m▊[0m[38;2;66;3;2m▏[38;2;137;9;9m▃[7m[38;2;155;7;6m▍[0m[38;2;248;0;0;48;2;245;1;1m┊[0m[38;2;152;4;4m▋ [0m [7m[38;2;95;7;7m▄[0m
  [7m[38;2;101;6;6m▅[0m [7m[38;2;119;5;5m▌[0m[38;2;246;2;2;48;2;240;2;2m┊[38;2;249;0;0;48;2;201;6;6m▇[38;2;117;5;5;48;2;238;3;3m▗[38;2;39;1;1;48;2;148;6;6m▝[0m[7m[38;2;55;2;2m▚[0m[38;2;71;2;2;48;2;226;4;4m▖[0m[38;2;159;6;6m▋[38;2;2;50;50m▁[7m[38;2;128;6;6m▖[0m[38;2;184;5;5;48;2;231;3;3m▁[48;2;251;0;0m [38;2;251;0;0;48;2;239;1;1m┈[38;2;146;4;4;48;2;236;3;3m▘[48;2;250;0;0m [38;2;244;2;2;48;2;154;4;4m▊[38;2;44;1;1;48;2;161;5;5m▆[38;2;24;1;1;48;2;209;5;5m▄[38;2;91;6;6m▆[38;2;151;8;8;48;2;224;3;3m╴[38;2;74;4;3;48;2;168;7;7m▝[38;2;246;1;1;48;2;186;4;3m▇[48;2;251;0;0m [38;2;75;2;2;48;2;236;3;3m▝[38;2;123;5;5;48;2;246;1;1m▘[48;2;251;0;0m [38;2;251;0;0;48;2;248;1;1m╴[38;2;198;6;6;48;2;119;4;4m▚[38;2;104;3;3;48;2;237;2;2m▂[38;2;152;6;6;48;2;243;1;1m▖[38;2;251;0;0;48;2;250;0;0m┊[38;2;250;0;0;48;2;211;12;12m▇[38;2;251;0;0;48;2;240;4;3m▇[38;2;250;0;0;48;2;229;7;7m▇[48;2;251;0;0m  [38;2;124;5;4;48;2;231;3;3m▝[38;2;83;2;2;48;2;212;5;5m▖[38;2;59;3;3;48;2;205;5;5m▝[0m[38;2;213;6;6m▝[38;2;240;3;3;48;2;228;3;3m┈[38;2;251;0;0;48;2;248;1;1m┊[0m[38;2;160;5;5m▋   [0m
[38;2;28;1;1;48;2;184;5;4m▌[38;2;193;0;0;48;2;62;1;1m╴[0m[38;2;193;0;0m [0m [38;2;107;8;7m▃[0m [7m[38;2;178;3;3m▄[0m[38;2;11;0;0;48;2;50;8;8m╴[0m[38;2;12;196;195m▅[38;2;6;230;229;48;2;20;17;16m▅[38;2;11;225;224;48;2;47;75;75m▆[38;2;11;228;227;48;2;71;62;61m▃[38;2;14;241;240;48;2;8;246;245m╴[38;2;0;252;251;48;2;7;240;239m┈[38;2;9;245;244;48;2;59;67;67m▖[38;2;106;5;5;48;2;243;2;2m▖[38;2;251;0;0;48;2;245;1;1m┈┈[38;2;220;8;8;48;2;250;0;0m▁[38;2;249;0;0;48;2;251;0;0m─[48;2;186;7;7m▇[38;2;227;2;2;48;2;36;1;1m▆[38;2;21;0;0;48;2;176;7;7m▘[38;2;251;0;0;48;2;249;0;0m▇[48;2;244;2;2m▇[48;2;251;0;0m  [38;2;238;4;4m▁ [38;2;251;0;0;48;2;250;0;0m┈[38;2;43;0;0;48;2;196;4;4m▗[38;2;175;15;15;48;2;87;5;5m╹[38;2;53;1;1;48;2;213;4;4m▘[38;2;251;0;0;48;2;250;0;0m┈[48;2;251;0;0m  [48;2;248;1;1m┈[38;2;85;2;2;48;2;246;1;1m▃[38;2;12;0;0;48;2;233;3;3m▄[38;2;9;0;0;48;2;229;3;3m▄[38;2;106;4;4;48;2;242;2;2m▖[38;2;68;2;1;48;2;156;7;7m┃[0m[38;2;179;6;6m▊[38;2;231;5;5m▗[38;2;228;3;3;48;2;168;4;4m▉[0m[38;2;193;4;4m▘[38;2;124;6;6m▂   [0m
[38;2;20;0;0;48;2;181;3;3m▖[38;2;222;4;4;48;2;113;2;2m╴[0m  [38;2;30;0;0;48;2;208;6;6m▍[38;2;195;5;5;48;2;32;0;0m▌[0m[38;2;77;5;4m▄[38;2;4;27;26;48;2;21;174;173m▍[38;2;13;74;73;48;2;10;238;237m▅[38;2;4;32;31;48;2;12;246;245m▆[38;2;0;4;3;48;2;16;241;240m▆[38;2;4;39;38;48;2;11;248;247m▆[38;2;2;20;19;48;2;8;213;212m━[38;2;17;91;90;48;2;20;198;197m▗[38;2;12;67;66;48;2;20;177;176m╺[38;2;202;7;7;48;2;31;19;18m▝[38;2;249;0;0;48;2;229;3;3m┊[38;2;97;3;3;48;2;200;6;6m▚[38;2;147;5;5;48;2;212;5;5m▝[38;2;189;11;10;48;2;246;2;2m▏[48;2;251;0;0m  [38;2;251;0;0;48;2;249;0;0m▇[38;2;249;0;0;48;2;251;0;0m▂[38;2;115;4;4;48;2;230;3;3m▗[38;2;224;10;9;48;2;246;2;1m▏[38;2;99;3;3;48;2;186;6;6m┏[38;2;248;1;0;48;2;239;2;2m┊[48;2;251;0;0m [38;2;250;0;0;48;2;235;3;3m▉[38;2;205;9;9;48;2;76;3;3m▁[38;2;236;3;3;48;2;164;4;3m▇[48;2;251;0;0m  [38;2;251;0;0;48;2;250;0;0m┊[38;2;68;4;3;48;2;228;2;2m▗[38;2;174;4;4;48;2;17;1;1m▘[48;2;0;0;0m   [38;2;17;0;0;48;2;171;8;8m▊[38;2;147;5;5;48;2;241;3;3m▝[38;2;48;4;3;48;2;140;9;8m▝[38;2;126;4;4;48;2;237;3;3m▏[38;2;213;7;6;48;2;69;2;2m▌[38;2;86;4;4;48;2;234;3;3m▘[0m[38;2;200;5;4m▋   [0m
 [7m[38;2;137;3;3m▅[0m[38;2;69;4;4;48;2;15;1;1m▗[38;2;109;9;8;48;2;2;0;0m▄[38;2;86;3;3;48;2;235;4;4m▎[38;2;121;3;3;48;2;234;4;4m▝[38;2;236;3;3;48;2;146;6;6m▊[38;2;0;0;0;48;2;16;1;1m┊[38;2;39;165;164;48;2;6;34;34m╺[38;2;7;46;45;48;2;22;188;187m━[38;2;17;208;207;48;2;16;119;118m▇[38;2;19;108;107;48;2;25;213;212m▋[38;2;15;107;106;48;2;24;171;170m▖[38;2;148;8;8;48;2;31;99;98m▃[38;2;158;8;7;48;2;15;86;85m▄[38;2;99;59;58;48;2;32;82;81m▏[38;2;10;27;27;48;2;108;4;4m▇[38;2;2;0;0;48;2;110;9;8m▆[38;2;230;6;5;48;2;60;2;2m▝[38;2;105;5;5;48;2;248;1;1m▁[38;2;122;5;4;48;2;208;4;3m┎[38;2;180;7;7;48;2;239;2;2m╸[38;2;128;4;4;48;2;243;2;2m▗[38;2;229;8;8;48;2;248;1;1m▏[38;2;202;8;8;48;2;61;2;2m▍[38;2;120;5;5;48;2;233;5;4m▖[38;2;90;3;3;48;2;186;7;6m▚[38;2;168;4;4;48;2;244;1;1m▁[38;2;250;0;0;48;2;251;0;0m▁ [38;2;251;0;0;48;2;249;0;0m▇[48;2;251;0;0m [48;2;245;1;1m┈[38;2;66;3;3;48;2;238;2;1m▃[38;2;62;4;4;48;2;190;4;4m▆[38;2;77;7;6;48;2;3;0;0m▖[48;2;0;0;0m    [38;2;10;0;0;48;2;150;6;6m▊[38;2;218;14;13;48;2;249;0;0m▏[38;2;245;2;1;48;2;209;6;6m▇[38;2;251;0;0;48;2;249;0;0m┈[38;2;217;7;7;48;2;130;6;6m▍[38;2;232;8;8;48;2;248;0;0m▏[0m[38;2;197;6;6m▌   [0m
 [38;2;0;0;0m [0m [38;2;92;6;6;48;2;191;8;7m▎[48;2;250;0;0m [48;2;251;0;0m  [38;2;208;5;5;48;2;72;3;3m▌[38;2;33;0;0;48;2;2;0;0m╴[38;2;0;3;3;48;2;17;89;88m▇[38;2;8;54;53;48;2;9;239;238m▆[38;2;6;45;44;48;2;27;176;175m▅[38;2;21;108;107;48;2;30;168;167m▘[38;2;35;125;124;48;2;144;8;8m▆[38;2;29;155;154;48;2;143;8;7m▄[38;2;61;46;45;48;2;25;168;167m▘[38;2;17;227;226;48;2;21;102;101m▅[38;2;2;15;15;48;2;13;79;79m▉[38;2;18;226;225;48;2;0;0;0m▄[38;2;23;85;84;48;2;5;9;8m▏[38;2;225;6;6;48;2;95;8;7m▗[38;2;146;5;5;48;2;191;4;4m┉[38;2;240;2;2;48;2;134;4;4m▅[38;2;251;0;0;48;2;250;0;0m┈[48;2;243;1;1m┈[38;2;230;2;2;48;2;56;2;2m▅[38;2;25;0;0;48;2;186;5;5m━[38;2;39;1;1;48;2;149;7;7m╾[38;2;47;2;2;48;2;233;5;5m▄[38;2;16;0;0;48;2;241;3;3m▄[38;2;5;0;0;48;2;222;3;2m▄[48;2;199;3;3m▅[38;2;7;0;0;48;2;131;6;5m▇[38;2;130;10;9;48;2;27;2;1m┗[38;2;180;8;8;48;2;53;3;3m▝[38;2;141;7;7;48;2;2;0;0m▘[48;2;0;0;0m   [38;2;123;4;4;48;2;8;0;0m▂[38;2;60;3;3;48;2;230;3;3m▘[38;2;169;9;9;48;2;235;2;2m▗[38;2;156;8;7;48;2;232;5;4m┛[38;2;251;0;0;48;2;250;0;0m┊[38;2;112;4;4;48;2;164;4;4m▁[0m[7m[38;2;193;7;6m▄[0m [38;2;0;0;0m   [0m
 [38;2;0;0;0m  [38;2;127;6;6m▝[38;2;99;4;4;48;2;232;2;2m▁[48;2;251;0;0m [38;2;251;0;0;48;2;231;4;3m╴[38;2;111;7;7;48;2;13;0;0m▏[38;2;2;22;22;48;2;24;153;152m▌[38;2;13;220;219;48;2;17;73;72m▇[38;2;16;239;238;48;2;16;124;124m▄[38;2;13;241;240;48;2;8;69;69m▃[38;2;20;227;226;48;2;11;73;72m▂[38;2;12;94;93;48;2;30;153;152m▃[38;2;28;211;210;48;2;17;108;107m┷[38;2;34;187;186;48;2;15;100;99m┻[38;2;9;61;61;48;2;26;188;187m▆[38;2;20;216;216;48;2;1;10;10m▂[38;2;15;222;221;48;2;10;47;46m▃[38;2;18;121;121;48;2;5;12;12m▂[38;2;13;7;7;48;2;189;12;12m▇[38;2;208;8;8;48;2;28;35;35m▝[38;2;44;2;2;48;2;222;2;2m▅[38;2;47;1;1;48;2;185;5;4m┓[38;2;140;6;5;48;2;247;1;1m▁[38;2;251;0;0;48;2;250;0;0m┊[38;2;123;4;4;48;2;231;4;4m╶[38;2;130;7;7;48;2;186;8;8m▂[38;2;138;8;8;48;2;187;8;8m┹[38;2;149;8;8;48;2;33;1;1m▇[38;2;182;9;9;48;2;29;1;1m▅[38;2;179;9;8;48;2;15;0;0m▄[38;2;151;7;7;48;2;0;0;0m▄[38;2;165;8;8;48;2;5;0;0m▃[38;2;181;7;7;48;2;2;0;0m▃[38;2;189;6;5;48;2;5;0;0m▃[38;2;173;5;5;48;2;1;0;0m▄[38;2;177;6;5;48;2;4;0;0m▅[38;2;199;6;6;48;2;53;2;2m▆[38;2;137;6;6;48;2;230;4;3m╼[38;2;226;4;4;48;2;177;6;5m▅[38;2;82;3;3;48;2;220;4;3m▂[38;2;168;7;7;48;2;238;2;2m╴[38;2;134;7;6;48;2;245;1;1m▗[0m[38;2;26;160;159m▂[0m [38;2;15;64;64m    [0m
 [38;2;0;0;0m  [0m [38;2;97;5;5m┐[7m[38;2;152;7;6m━[0m[38;2;52;3;3;48;2;224;4;4m▄[38;2;224;8;7;48;2;65;4;4m╸[38;2;25;200;199;48;2;16;13;13m▝[38;2;37;31;30;48;2;15;205;204m▃[38;2;1;20;20;48;2;24;178;177m▁[38;2;3;37;36;48;2;31;183;182m╾[38;2;26;145;145;48;2;21;203;202m╴[38;2;24;137;136;48;2;14;226;225m╸[38;2;31;194;193;48;2;15;224;223m╷[38;2;37;176;176;48;2;18;215;214m╷[38;2;1;15;15;48;2;10;239;238m▃[38;2;6;31;31;48;2;4;251;250m▄[38;2;3;16;16;48;2;13;231;230m▄[38;2;16;116;115;48;2;2;14;14m▘[38;2;13;88;87;48;2;17;221;220m▌[38;2;20;224;223;48;2;9;62;62m▍[38;2;3;1;1;48;2;139;9;8m▅[38;2;128;7;7;48;2;18;0;0m▗[38;2;234;6;6;48;2;96;4;4m▖[38;2;161;6;6;48;2;243;3;2m▎[48;2;251;0;0m [38;2;240;1;1;48;2;122;3;2m▇[38;2;231;2;2;48;2;94;3;3m▄[38;2;52;2;2;48;2;165;5;5m┑[38;2;78;4;4;48;2;168;5;5m▁[38;2;90;3;3;48;2;213;4;3m━[38;2;93;4;4;48;2;240;3;3m▄[38;2;18;0;0;48;2;224;4;4m▂[38;2;48;1;1;48;2;233;4;4m▂[38;2;58;3;3;48;2;233;3;3m▂[38;2;37;0;0;48;2;230;4;4m▂[38;2;47;2;2;48;2;239;3;3m▃[38;2;56;2;2;48;2;239;2;2m▄[38;2;21;0;0;48;2;176;4;4m━[38;2;228;4;4;48;2;84;3;2m▄[38;2;56;9;9;48;2;207;4;4m▁[38;2;38;48;48;48;2;217;3;3m▄[38;2;24;212;211;48;2;32;64;64m╼[38;2;14;90;89;48;2;17;202;201m╺[38;2;3;34;33;48;2;18;183;182m╴[0m[38;2;18;177;176m▆[38;2;15;173;173m▖  [0m
 [38;2;0;0;0m    [0m [7m[38;2;33;4;3m▆[0m[38;2;116;9;8;48;2;3;0;0m▃[38;2;96;4;4;48;2;8;0;0m▂[38;2;40;3;3;48;2;131;8;8m▃[38;2;10;0;0;48;2;1;0;0m▏[38;2;0;0;0;48;2;0;3;3m┈[48;2;26;123;122m▇[48;2;43;164;163m▇[48;2;14;94;93m▇[38;2;24;137;136;48;2;0;6;6m▁[38;2;15;206;205;48;2;0;0;0m▂[38;2;14;206;205;48;2;0;1;1m▂[38;2;6;35;35;48;2;13;222;221m▘[38;2;0;252;251;48;2;6;239;238m┈[38;2;9;249;248;48;2;13;88;87m▖[38;2;16;124;123;48;2;10;245;244m▎[38;2;7;245;244;48;2;10;68;67m▆[38;2;22;132;131;48;2;31;11;11m▎[38;2;206;6;6;48;2;56;2;2m▗[38;2;177;5;5;48;2;234;3;3m▁[38;2;127;3;3;48;2;242;2;2m▖[48;2;251;0;0m  [38;2;251;0;0;48;2;248;1;1m┈[38;2;235;2;2;48;2;91;3;3m▆[38;2;16;0;0;48;2;154;6;5m▗[38;2;70;2;2;48;2;234;3;3m▃[38;2;227;3;3;48;2;57;1;1m▇[38;2;239;2;2;48;2;20;0;0m▆[38;2;237;2;2;48;2;11;0;0m▆[38;2;246;1;1;48;2;63;2;2m▆[38;2;239;2;2;48;2;121;4;4m▇[38;2;34;135;134;48;2;191;11;11m▗[38;2;14;235;234;48;2;140;11;10m▄[38;2;18;144;144;48;2;83;6;6m▆[38;2;14;211;210;48;2;19;72;71m▇[38;2;1;252;251;48;2;23;242;242m▇[38;2;11;232;231;48;2;13;89;88m▆[38;2;10;66;65;48;2;19;159;158m▇[38;2;7;47;46;48;2;13;220;219m▄[38;2;18;200;199;48;2;13;83;82m▆[38;2;15;100;99;48;2;18;203;202m┓[0m[38;2;14;171;170m▋ [0m
 [38;2;0;0;0m      [0m [7m[38;2;118;7;6m▃[0m[38;2;1;0;0;48;2;0;0;0m┈[38;2;0;0;0m┈[38;2;22;0;0m▁ [38;2;1;7;7;48;2;16;70;69m▉[38;2;6;35;35;48;2;13;215;214m▘[38;2;11;139;138;48;2;9;243;242m▗[38;2;1;46;45;48;2;7;245;244m▂[38;2;11;66;65;48;2;5;244;243m▁[38;2;6;249;248;48;2;33;214;213m▉[38;2;0;14;14;48;2;15;181;181m━[38;2;11;247;246;48;2;12;92;91m▃[38;2;2;252;251;48;2;5;249;248m┈[38;2;4;251;250;48;2;51;215;214m▉[38;2;18;112;111;48;2;3;8;8m▏[38;2;152;8;8;48;2;85;6;5m╻[38;2;223;4;3;48;2;113;4;4m▄[38;2;251;0;0;48;2;236;1;1m┈[38;2;37;0;0;48;2;234;3;3m▗[38;2;45;2;2;48;2;234;4;4m▆[38;2;227;4;4;48;2;101;5;4m▃[38;2;145;6;5;48;2;237;3;3m▁[38;2;209;8;8;48;2;34;1;1m▘[38;2;156;9;8;48;2;4;0;0m▃[38;2;170;7;7;48;2;33;1;1m▄[38;2;65;2;2;48;2;185;6;6m━[38;2;106;4;4;48;2;235;2;2m▄[38;2;250;0;0;48;2;239;2;2m┊[38;2;185;5;5;48;2;41;3;3m▍[0m[7m[38;2;13;199;198m▃[0m[38;2;1;252;251;48;2;5;238;237m┈[38;2;0;252;251;48;2;1;252;251m┈[38;2;5;244;243;48;2;18;124;123m▆[38;2;12;76;75;48;2;19;193;192m▚[38;2;2;10;10;48;2;25;163;162m▄[38;2;9;47;46;48;2;10;243;242m▃[38;2;0;5;5;48;2;12;230;229m▁[38;2;5;69;68;48;2;14;222;221m▁[38;2;28;164;163;48;2;11;237;236m▂[0m[38;2;16;214;213m▘ [0m
 [38;2;0;0;0m         [0m [7m[38;2;107;10;9m▄[0m[38;2;0;0;0;48;2;3;0;0m┊[48;2;1;6;6m┈[38;2;8;58;58;48;2;26;229;228m▆[38;2;16;98;97;48;2;10;232;231m▘[38;2;1;252;251;48;2;50;224;223m▇[38;2;6;241;240;48;2;9;78;77m▇[38;2;18;236;235;48;2;16;89;88m▖[38;2;10;67;66;48;2;19;199;198m▎[38;2;19;120;119;48;2;12;202;201m╾[38;2;20;106;105;48;2;10;218;217m▖[38;2;9;76;75;48;2;17;206;205m┐[38;2;14;81;80;48;2;22;170;169m▝[38;2;22;99;99;48;2;42;30;29m┒[38;2;10;0;0;48;2;214;9;8m▆[38;2;3;0;0;48;2;165;6;6m━[38;2;184;7;6;48;2;33;1;1m▂[38;2;219;12;12;48;2;21;1;1m▁[38;2;222;4;4;48;2;68;3;3m▂[38;2;225;4;4;48;2;63;2;2m▄[38;2;25;154;153;48;2;136;9;9m▗[38;2;9;241;240;48;2;57;51;50m▅[38;2;7;244;243;48;2;2;24;24m▇[38;2;62;50;49;48;2;11;219;218m▝[38;2;43;111;110;48;2;185;7;7m▖[38;2;122;8;7;48;2;196;6;6m┗[0m[38;2;85;6;5m▎ [0m [7m[38;2;17;199;198m▅[38;2;19;194;193m▄[38;2;19;195;194m▂[38;2;12;212;211m▁[0m[38;2;10;218;217;48;2;3;33;33m▆[38;2;13;207;206;48;2;3;37;37m▆[0m[7m[38;2;13;217;216m▂[38;2;15;196;196m▅[0m [38;2;0;0;0m [0m
 [38;2;0;0;0m          [38;2;22;150;149m▁[38;2;14;216;215m▃[38;2;7;240;239;48;2;7;54;54m▅[38;2;0;252;251;48;2;5;246;245m┈[48;2;0;252;251m  [48;2;5;243;242m┈[38;2;7;248;247;48;2;12;70;70m▘[38;2;2;12;12;48;2;16;206;205m▅[38;2;3;17;17;48;2;19;227;226m▅[38;2;0;6;6;48;2;17;197;196m▅[38;2;4;18;18;48;2;24;182;181m▅[38;2;0;4;4;48;2;19;195;194m▄[38;2;0;8;7;48;2;29;169;169m▄[38;2;0;0;0;48;2;0;1;1m┈[38;2;214;8;7;48;2;20;0;0m▝[38;2;12;0;0;48;2;235;3;3m▃[38;2;13;0;0m▃[48;2;222;4;3m▄[38;2;7;0;0;48;2;136;5;5m▆[38;2;22;234;233;48;2;7;49;49m▝[38;2;0;252;251;48;2;4;247;246m┈[48;2;0;252;251m  [48;2;6;240;239m┈[38;2;9;225;224;48;2;122;33;33m▅[38;2;20;218;217;48;2;112;22;21m▂[0m [38;2;28;6;5m           [0m
 [38;2;0;0;0m     [0m [38;2;26;166;165m▃[38;2;21;226;225m▄[38;2;13;245;244m▅[38;2;11;241;240m▇[38;2;0;252;251;48;2;9;246;245m┈[38;2;30;141;140;48;2;1;251;250m▁[38;2;2;40;39;48;2;7;248;247m▁[38;2;2;23;23;48;2;8;245;244m▂[38;2;0;6;6;48;2;9;228;227m▃[38;2;1;9;9;48;2;15;213;212m▅[38;2;3;20;20;48;2;21;111;110m▇[38;2;17;223;222;48;2;8;33;33m▅[38;2;19;191;190;48;2;3;16;15m▂[38;2;0;0;0;48;2;0;2;2m┈[48;2;0;1;1m┈[48;2;0;2;2m┈[48;2;0;0;0m      [48;2;2;9;9m┈[38;2;12;196;195;48;2;5;28;28m▄[38;2;21;174;173;48;2;2;17;17m▍[38;2;0;2;2;48;2;18;121;121m▆[38;2;5;28;27;48;2;11;243;242m▅[38;2;7;41;40;48;2;6;247;246m▃[38;2;2;33;32;48;2;7;241;240m▁[38;2;0;252;251;48;2;7;246;245m┈[38;2;9;249;248;48;2;0;252;251m▁[38;2;2;251;250;48;2;26;151;151m▇[0m[38;2;6;242;241m▆[38;2;9;225;224m▅[38;2;8;248;247m▃[38;2;25;234;233m▂[0m [38;2;14;53;53m      [0m
 [38;2;0;0;0m        [7m[38;2;1;29;28m▇[38;2;2;41;40m▇[0m  [38;2;150;6;6m┗[38;2;230;3;3;48;2;27;0;0m▇[38;2;48;2;2;48;2;218;3;3m▝[38;2;155;7;6;48;2;13;1;0m▁[38;2;0;0;0;48;2;1;1;1m┈[38;2;10;39;39;48;2;13;195;194m▃[38;2;48;32;32;48;2;8;246;245m▂[38;2;21;199;198;48;2;75;34;34m▘[38;2;207;4;4;48;2;31;122;121m▄[38;2;226;3;3;48;2;26;82;81m▅[38;2;245;2;2;48;2;42;1;1m▅[38;2;234;5;5;48;2;17;0;0m▆[38;2;229;3;2;48;2;8;0;0m▆[38;2;236;3;3;48;2;17;0;0m▅[38;2;221;4;3;48;2;25;65;64m▄[38;2;170;11;11;48;2;23;115;114m▃[38;2;66;60;59;48;2;15;219;218m▂[38;2;10;42;41;48;2;11;227;226m▃[38;2;4;12;12;48;2;14;85;84m▇[38;2;150;8;8;48;2;8;0;0m▁[38;2;227;3;3;48;2;72;3;3m▃[38;2;235;3;2;48;2;33;0;0m▇[38;2;179;5;5;48;2;18;0;0m▆[0m[38;2;88;8;8m╸[7m[38;2;16;79;78m▆[38;2;26;129;128m▆[38;2;45;227;226m▇[38;2;59;221;220m▇[38;2;49;190;189m▇[38;2;3;65;64m▇[0m[38;2;0;0;0m       [0m
 [38;2;0;0;0m             [7m[38;2;144;5;5m▆[38;2;232;2;2m▄[38;2;238;4;4m▃[0m[38;2;82;7;6;48;2;204;3;3m▂[38;2;128;7;7;48;2;210;4;4m▂[38;2;155;5;5;48;2;237;4;4m▃[38;2;159;5;5;48;2;222;3;3m┎[38;2;65;3;3;48;2;197;6;5m▗[38;2;59;2;2;48;2;196;4;4m━[38;2;247;2;2;48;2;101;5;5m▄[38;2;244;3;2;48;2;60;1;1m▄[38;2;246;2;2;48;2;88;4;4m▄[38;2;65;3;3;48;2;183;4;4m━[38;2;125;6;5;48;2;217;5;5m╾[38;2;182;7;7;48;2;218;3;3m╷[38;2;139;6;6;48;2;240;3;3m▂[38;2;121;1;1;48;2;224;4;4m▁[38;2;60;1;1;48;2;224;4;3m▁[0m[7m[38;2;239;2;2m▂[38;2;217;3;2m▃[38;2;165;5;4m▅[0m [38;2;0;0;0m              [0m
 [38;2;0;0;0m                [7m[38;2;118;7;7m▇[38;2;219;5;4m▅[38;2;223;3;3m▃[0m[38;2;52;1;1;48;2;196;5;5m▖[38;2;149;5;5;48;2;242;1;1m▘[48;2;251;0;0m    [38;2;251;0;0;48;2;250;0;0m┈[38;2;153;7;6;48;2;224;4;4m┗[0m[7m[38;2;207;3;3m▂[38;2;216;4;3m▃[38;2;166;10;9m▅[0m [38;2;0;0;0m                  [0m
 [38;2;0;0;0m                   [7m[38;2;101;4;4m▇[38;2;211;3;3m▄[38;2;225;2;2m▂[38;2;240;1;1m▂[38;2;232;2;2m▂[38;2;240;1;1m▂[38;2;219;2;2m▂[38;2;196;3;3m▄[0m [38;2;0;0;0m                     [0m[u[0m [38;2;0;0;0m                               [0m [38;2;0;0;0m                 [0m
 [38;2;0;0;0m                            [0m [38;2;179;8;8m▁[38;2;216;5;4m▃[38;2;174;7;7;48;2;64;3;3m▇[0m[38;2;38;3;3m▏            [38;2;100;5;4m▗[38;2;130;5;5m▁  [0m
 [38;2;0;0;0m                          [0m [38;2;203;4;3m▄[38;2;236;2;1;48;2;77;3;3m▇[38;2;246;0;0;48;2;236;5;4m▇[38;2;79;3;3;48;2;223;6;5m▗[0m[38;2;80;4;4m▘      [0m [38;2;130;6;6m▅     [7m[38;2;104;4;4m▉[0m[38;2;160;9;8;48;2;230;4;4m▏[0m[38;2;169;5;5m▌ [0m
 [38;2;0;0;0m                          [7m[38;2;182;6;6m▌[0m[38;2;251;0;0;48;2;250;0;0m┈[48;2;251;0;0m [48;2;250;0;0m▉[0m[38;2;164;7;7m▌[0m  [38;2;0;0;0m    [0m [7m[38;2;177;4;4m▘[0m[38;2;240;3;3;48;2;97;5;5m▊[0m [38;2;6;0;0m   [0m [7m[38;2;176;5;5m▘[38;2;212;2;2m▄[0m [38;2;0;0;0m [0m
 [38;2;0;0;0m [0m [38;2;0;0;0;48;2;1;0;0m┈[0m [38;2;0;0;0m         [0m [38;2;125;7;7m▄[38;2;67;6;6m┛[0m [38;2;0;0;0m    [38;2;75;11;10m▁[0m [38;2;0;0;0m  [0m [38;2;94;4;4;48;2;236;2;2m▘[48;2;251;0;0m  [38;2;248;1;1;48;2;204;10;9m▉[0m[38;2;221;3;3m▃[7m[38;2;150;5;4m▚[0m [38;2;0;0;0m   [0m [7m[38;2;166;7;7m▘[38;2;227;2;2m▃[38;2;131;4;4m▅[0m[38;2;5;0;0m    [38;2;117;7;7m╺[38;2;137;6;6m▘   [0m
 [38;2;0;0;0m [0m [38;2;130;4;4;48;2;9;0;0m▗[38;2;195;3;3;48;2;12;0;0m▋[0m [38;2;0;0;0m       [38;2;150;5;5m▗[38;2;164;4;4;48;2;118;4;4m▇[0m [38;2;4;0;0m     [7m[38;2;124;6;5m▌[0m[38;2;198;8;8;48;2;67;3;3m▋[0m [38;2;0;0;0m  [7m[38;2;186;4;3m▌[0m[38;2;38;1;1;48;2;251;0;0m    [38;2;250;1;0;48;2;218;7;7m▉[0m[38;2;205;4;3m▃[38;2;218;3;3m▃[38;2;220;4;4;48;2;76;5;5m▆[0m[38;2;95;6;6m▏  [0m [38;2;32;3;2m▁ [38;2;171;9;9m▗[0m [38;2;15;0;0m       [0m
 [38;2;0;0;0m ┊[38;2;107;6;6;48;2;233;2;1m▎[38;2;235;1;1;48;2;27;1;1m▊[0m [38;2;0;0;0m       [7m[38;2;196;4;4m▍[0m[38;2;232;2;2;48;2;153;4;4m▉[0m[38;2;186;5;5m▖[0m [38;2;0;0;0m  [38;2;114;7;6m▃[0m [38;2;187;6;6m▗[38;2;222;7;7;48;2;248;1;1m▏[0m[7m[38;2;200;3;3m▝[0m[38;2;230;5;5m▂[38;2;225;2;2m▄[38;2;251;0;0;48;2;247;0;0m┈[48;2;251;0;0m    [48;2;245;1;1m┈[0m[7m[38;2;210;3;2m▃[38;2;207;4;4m▖[38;2;179;4;4m▗[0m  [38;2;181;5;4m▗[38;2;164;4;4m▆[38;2;83;5;5m▘[7m[38;2;109;5;5m▘[0m[38;2;202;6;6m▘[38;2;94;8;8m▂[0m [38;2;0;0;0m    [38;2;90;6;6m▗[0m [0m
 [38;2;0;0;0m [0m  [38;2;33;1;1;48;2;205;2;2m▃[38;2;154;3;3;48;2;60;1;1m╴[0m [38;2;0;0;0m      [0m [7m[38;2;188;4;3m▄[0m[38;2;140;6;5;48;2;241;2;2m▖[38;2;49;2;2;48;2;212;3;3m▝[0m[38;2;93;3;3m▖ [7m[38;2;190;6;6m▌[0m[38;2;244;1;1;48;2;93;3;3m▇[38;2;251;0;0;48;2;248;0;0m┈[38;2;248;0;0;48;2;251;0;0m▂▂▂▂▂▂▂▂[38;2;247;0;0m▂[38;2;194;6;5;48;2;51;2;2m▌[0m[38;2;158;6;6m▅[7m[38;2;61;7;7m▇[0m [38;2;80;4;4m▁[7m[38;2;164;4;3m▘[0m[38;2;251;0;0;48;2;245;1;1m┈[38;2;234;2;2;48;2;149;5;5m▉[0m[38;2;131;5;5m▖[7m[38;2;89;6;6m▅[0m[38;2;4;0;0m [7m[38;2;160;8;8m▌[0m[38;2;71;2;2;48;2;225;3;3m▝[0m[38;2;179;7;6m▖  [7m[38;2;99;4;4m▊[0m[38;2;201;7;7m▋ [0m
 [38;2;0;0;0m   [0m  [38;2;162;10;10;48;2;19;1;1m╺[0m[38;2;193;7;7m▃[38;2;102;5;5m▂[0m [38;2;0;0;0m   [0m [38;2;109;6;6m┱[7m[38;2;101;3;3m▋[0m[38;2;201;11;11;48;2;243;2;2m▏[38;2;222;4;4;48;2;82;3;3m▋[0m[38;2;160;7;7m▅[7m[38;2;184;6;6m▌[0m[38;2;245;1;0;48;2;247;0;0m▏          [38;2;244;1;1;48;2;173;8;8m▇[38;2;247;0;0;48;2;244;1;1m┈[0m[38;2;238;2;2m▅[38;2;228;2;2m▆[38;2;243;1;1;48;2;160;6;5m▇[48;2;247;0;0m [38;2;247;0;0;48;2;249;0;0m▇[38;2;246;0;0;48;2;247;0;0m▗[0m[38;2;201;5;4m▊ [7m[38;2;41;0;0m▉[0m[38;2;120;5;5;48;2;225;4;4m▘[38;2;247;0;0;48;2;246;0;0m╴[0m[7m[38;2;187;5;5m▗[0m [38;2;0;0;0m [7m[38;2;100;4;4m▊[0m[38;2;241;3;3;48;2;217;4;4m┊[0m[38;2;168;6;6m▖[0m
[7m[38;2;131;8;7m▎[0m[38;2;76;3;3m▖[38;2;21;1;1m▗[38;2;127;8;8m▃[0m [38;2;33;3;3m▂[0m [38;2;100;4;4m▝[38;2;12;0;0;48;2;180;5;4m▖[0m[38;2;225;4;3m▆[38;2;144;4;4m▄[0m [38;2;47;7;7m▁ [38;2;156;12;11m▗[38;2;25;1;1;48;2;66;0;0m▉[38;2;136;10;9;48;2;233;4;4m▏[38;2;247;0;0;48;2;245;0;0m┈[38;2;236;2;2;48;2;161;3;3m▉[38;2;97;3;3;48;2;239;2;2m▘[48;2;247;0;0m      [38;2;247;0;0;48;2;236;2;2m╴[38;2;133;5;5;48;2;244;1;1m▖[48;2;247;0;0m [38;2;115;4;4;48;2;239;1;1m▁[38;2;55;2;1;48;2;229;3;3m▃[38;2;37;2;1;48;2;200;5;5m▖[48;2;247;0;0m   [38;2;237;2;2;48;2;189;2;2m▉[38;2;138;5;4;48;2;236;2;2m▁[48;2;247;0;0m [38;2;247;0;0;48;2;246;0;0m▉[38;2;57;1;1;48;2;218;4;4m▝[0m [38;2;191;10;10m▗[7m[38;2;181;5;5m▗[38;2;166;6;6m▆[0m[38;2;140;7;7m▗[38;2;148;5;5m▅[0m [38;2;0;0;0m [38;2;194;6;6m▝[38;2;202;6;6;48;2;52;2;2m▉[0m
[38;2;102;4;4m▝[38;2;57;2;2;48;2;178;6;5m▖[0m[38;2;126;5;5m▄[0m [7m[38;2;161;7;7m▝[38;2;108;5;4m▘[0m[38;2;178;7;7m▅[38;2;206;5;5m▃[38;2;47;2;2m▖[38;2;12;0;0;48;2;158;5;5m▖[38;2;247;0;0;48;2;241;1;1m╴[0m[38;2;121;5;5m▌[7m[38;2;105;6;6m▍[0m[38;2;195;9;8m▖[38;2;22;0;0;48;2;209;6;6m▍[38;2;40;1;1;48;2;216;4;4m▝[38;2;218;6;6;48;2;80;3;3m▝[38;2;247;0;0;48;2;236;2;2m┊[48;2;247;0;0m [38;2;222;6;5;48;2;246;0;0m▁[38;2;247;0;0;48;2;245;1;1m┈[48;2;247;0;0m   [38;2;159;4;3;48;2;238;1;1m▁[38;2;86;4;4;48;2;225;3;2m▄[38;2;232;3;3;48;2;102;4;4m▃[38;2;60;1;1;48;2;176;9;9m▘[38;2;226;4;4;48;2;95;3;3m▘[38;2;225;3;3;48;2;61;2;2m▄[38;2;236;2;2;48;2;106;5;5m▇[38;2;217;7;7;48;2;109;4;4m▍[38;2;208;10;10;48;2;244;1;1m▏[48;2;247;0;0m [38;2;247;0;0;48;2;246;0;0m┈[38;2;191;5;5;48;2;58;2;2m▌[38;2;177;12;11;48;2;34;1;1m▁[38;2;114;5;5;48;2;233;3;3m▖[48;2;247;0;0m [38;2;247;0;0;48;2;243;1;1m╴[38;2;154;8;8;48;2;74;3;3m▆[38;2;230;4;4;48;2;154;7;6m▊[0m[38;2;61;2;2m▏[38;2;141;9;9m▃[7m[38;2;181;6;6m▍[0m[38;2;247;0;0;48;2;243;1;1m┈[0m[38;2;147;4;4m▋ [0m [38;2;123;11;10m▘[0m
[38;2;18;0;0m▂[0m [7m[38;2;100;6;5m▅[0m [7m[38;2;98;4;4m▌[0m[38;2;246;1;1;48;2;235;2;2m┊[38;2;248;0;0;48;2;199;8;7m▇[38;2;126;5;5;48;2;235;3;3m▗[38;2;42;1;1;48;2;148;6;6m▝[0m[7m[38;2;51;2;2m▚[0m[38;2;57;2;2;48;2;221;4;4m▖[0m[38;2;169;6;6m▋[38;2;4;59;58m▁[7m[38;2;127;6;6m▖[0m[38;2;178;5;5;48;2;231;3;3m▁[38;2;251;0;0;48;2;247;0;0m▅[38;2;247;1;1;48;2;183;5;4m▇[38;2;146;5;5;48;2;233;3;3m▘[38;2;250;0;0;48;2;249;0;0m┈[38;2;245;1;1;48;2;172;6;6m▊[38;2;60;2;2;48;2;183;7;7m▇[38;2;20;1;1;48;2;204;5;5m▄[38;2;89;6;5;48;2;206;6;6m▆[38;2;148;8;8;48;2;222;4;4m╴[38;2;72;2;2;48;2;172;7;7m▝[38;2;243;1;1;48;2;183;4;4m▇[38;2;250;0;0;48;2;247;0;0m▅[38;2;75;2;2;48;2;236;3;3m▝[38;2;140;7;6;48;2;246;1;1m▘[38;2;251;0;0;48;2;248;0;0m▅[48;2;246;1;1m╴[38;2;85;1;1;48;2;174;7;7m╽[38;2;111;4;4;48;2;236;3;3m▂[38;2;143;6;6;48;2;239;2;2m▖[38;2;247;0;0;48;2;249;0;0m╴[38;2;250;0;0;48;2;218;11;10m▇[38;2;251;0;0;48;2;249;0;0m┈[38;2;250;0;0;48;2;231;7;7m▇[38;2;251;0;0;48;2;247;0;0m▅▅[38;2;135;5;4;48;2;233;3;3m▝[38;2;84;2;2;48;2;209;5;5m▖[38;2;51;2;2;48;2;200;5;4m▝[0m[38;2;216;6;6m▝[38;2;239;3;3;48;2;228;3;3m┈[38;2;251;0;0;48;2;247;1;1m╴[0m[38;2;171;5;4m▋   [0m
[38;2;26;0;0;48;2;182;5;4m▌[38;2;198;6;6;48;2;65;1;1m╴[0m[38;2;198;6;6m [0m [38;2;113;10;9m▃[7m[38;2;139;5;4m▆[38;2;170;3;3m▄[0m[38;2;11;0;0;48;2;50;9;8m╴[0m[38;2;13;197;196m▅[38;2;7;234;233;48;2;19;17;16m▅[38;2;14;227;226;48;2;46;76;75m▆[38;2;9;228;227;48;2;70;62;61m▃[38;2;14;241;240;48;2;8;245;244m╴[38;2;0;252;251;48;2;7;241;240m┈[38;2;15;192;191;48;2;75;45;45m▄[38;2;99;8;8;48;2;241;2;2m▖[38;2;251;0;0;48;2;245;1;1m╴[48;2;244;1;1m┈[38;2;220;8;8;48;2;249;0;0m▁[38;2;250;0;0;48;2;251;0;0m┈[38;2;251;0;0;48;2;243;1;1m┈[38;2;229;3;2;48;2;46;1;1m▆[38;2;24;0;0;48;2;179;7;6m▘[38;2;251;0;0;48;2;249;0;0m▇[48;2;244;2;2m▇[48;2;251;0;0m  [38;2;238;5;4m▁  [38;2;40;0;0;48;2;197;5;5m▗[38;2;146;9;8;48;2;82;6;5m▝[38;2;58;1;1;48;2;207;4;4m▘[38;2;251;0;0;48;2;250;0;0m┈[48;2;251;0;0m  [48;2;246;1;1m┈[38;2;77;2;2;48;2;243;1;1m▃[38;2;11;0;0;48;2;227;3;3m▄[38;2;7;0;0;48;2;222;3;3m▄[38;2;97;4;4;48;2;241;3;3m▖[38;2;98;4;4;48;2;171;7;6m▚[0m[38;2;178;6;6m▊[38;2;227;5;5m▗[38;2;226;3;3;48;2;169;4;4m▉[0m[38;2;193;4;4m▘[38;2;108;7;6m▃   [0m
[38;2;18;0;0;48;2;177;2;2m▖[38;2;0;0;0;48;2;147;2;2m┕[0m  [38;2;31;0;0;48;2;207;6;6m▍[38;2;200;6;6;48;2;35;0;0m▌[0m[38;2;81;5;5m▄[38;2;4;27;27;48;2;20;171;170m▍[38;2;13;70;69;48;2;11;236;235m▅[38;2;6;33;33;48;2;15;241;240m▆[38;2;0;5;5;48;2;16;240;240m▆[38;2;5;41;40;48;2;17;241;240m▆[38;2;5;31;31;48;2;9;211;210m━[38;2;19;89;88;48;2;17;192;191m▗[38;2;12;76;75;48;2;21;178;177m╺[38;2;200;7;7;48;2;28;16;16m▝[38;2;165;5;5;48;2;238;3;3m▁[38;2;94;3;3;48;2;201;7;6m▚[38;2;148;6;6;48;2;214;5;5m▝[38;2;188;10;10;48;2;246;2;1m▏[48;2;251;0;0m  [38;2;251;0;0;48;2;249;0;0m▇[38;2;249;0;0;48;2;251;0;0m▂[38;2;109;4;4;48;2;228;3;3m▗[38;2;224;10;10;48;2;246;2;1m▏[38;2;99;3;3;48;2;185;6;6m┏[38;2;248;1;0;48;2;239;2;2m┊[48;2;251;0;0m [38;2;251;0;0;48;2;236;3;3m▉[38;2;213;9;8;48;2;76;3;3m▁[38;2;235;3;3;48;2;166;5;5m▇[48;2;251;0;0m  [38;2;251;0;0;48;2;250;0;0m┊[38;2;62;4;4;48;2;225;2;2m▗[38;2;165;5;5;48;2;15;1;1m▘[48;2;0;0;0m   [38;2;14;0;0;48;2;168;9;9m▊[38;2;150;5;5;48;2;242;3;3m▝[38;2;50;4;3;48;2;143;9;8m▝[38;2;131;5;4;48;2;237;3;3m▏[38;2;214;7;6;48;2;71;2;2m▌[38;2;88;4;4;48;2;235;3;3m▘[0m[38;2;201;5;4m▋   [0m
  [38;2;64;4;4;48;2;15;1;1m▗[38;2;111;9;8;48;2;2;0;0m▄[38;2;90;4;4;48;2;235;4;4m▎[38;2;122;3;3;48;2;234;4;4m▝[38;2;228;4;4;48;2;125;6;6m▉[38;2;74;3;3;48;2;8;0;0m▏[38;2;42;170;169;48;2;6;35;34m╺[38;2;9;62;61;48;2;19;177;176m━[38;2;17;207;206;48;2;18;133;132m▇[38;2;19;108;107;48;2;25;213;212m▋[38;2;13;83;82;48;2;24;165;164m╱[38;2;146;9;8;48;2;34;95;94m▃[38;2;158;8;8;48;2;25;87;86m▄[38;2;101;52;51;48;2;32;83;83m▏[38;2;24;101;100;48;2;19;13;13m▏[38;2;1;0;0;48;2;98;9;8m▆[38;2;230;6;5;48;2;56;2;2m▝[38;2;86;4;4;48;2;246;1;1m▁[38;2;117;6;6;48;2;214;3;3m▂[38;2;182;5;5;48;2;239;2;2m▏[38;2;127;4;4;48;2;242;2;2m▗[38;2;228;8;8;48;2;248;1;1m▏[38;2;202;8;8;48;2;63;2;2m▍[38;2;115;4;4;48;2;231;5;4m▖[38;2;91;3;3;48;2;186;7;6m▚[38;2;164;4;4;48;2;244;1;1m▁[48;2;251;0;0m  [38;2;251;0;0;48;2;249;0;0m▇[48;2;250;0;0m▇[48;2;244;1;1m┈[38;2;63;2;2;48;2;236;2;1m▃[38;2;60;3;3;48;2;184;4;4m▆[38;2;79;7;6;48;2;3;0;0m▖[48;2;0;0;0m    [38;2;12;0;0;48;2;151;7;7m▊[38;2;218;14;13;48;2;249;0;0m▏[38;2;227;4;4;48;2;241;2;2m┊[38;2;251;0;0;48;2;249;0;0m┈[38;2;215;7;7;48;2;130;6;6m▍[38;2;232;8;8;48;2;248;0;0m▏[0m[38;2;195;7;6m▌   [0m
 [38;2;0;0;0m [0m [38;2;90;6;6;48;2;190;8;7m▎[48;2;250;0;0m [48;2;251;0;0m  [38;2;208;5;5;48;2;72;3;3m▌[38;2;33;0;0;48;2;2;0;0m╴[38;2;0;2;2;48;2;18;88;87m▇[38;2;9;53;53;48;2;16;234;233m▆[38;2;6;48;47;48;2;26;171;170m▅[38;2;8;68;67;48;2;29;159;158m╶[38;2;32;142;141;48;2;114;16;15m▅[38;2;31;158;157;48;2;140;9;9m▄[38;2;58;51;50;48;2;26;166;165m▘[38;2;16;227;226;48;2;22;109;108m▅[38;2;2;15;15;48;2;13;80;79m▉[38;2;20;232;231;48;2;0;2;2m▄[38;2;23;91;90;48;2;4;9;9m▏[38;2;224;6;6;48;2;95;8;7m▗[38;2;148;5;5;48;2;190;5;5m╺[38;2;242;2;2;48;2;133;5;5m▅[48;2;250;0;0m [38;2;251;0;0;48;2;243;1;1m┈[38;2;232;2;2;48;2;61;2;2m▅[38;2;34;1;1;48;2;185;6;6m━[38;2;33;0;0;48;2;152;8;8m╾[38;2;49;2;2;48;2;229;5;5m▄[38;2;13;0;0;48;2;236;3;3m▄[38;2;27;2;2;48;2;245;2;2m▅[38;2;21;1;1;48;2;233;4;3m▆[38;2;6;0;0;48;2;118;5;5m▇[38;2;126;8;8;48;2;29;2;2m┗[38;2;182;9;8;48;2;51;3;3m▝[38;2;139;6;6;48;2;2;0;0m▘[48;2;0;0;0m   [38;2;134;4;4;48;2;10;0;0m▂[38;2;62;3;3;48;2;231;3;3m▘[38;2;170;8;8;48;2;233;2;2m▂[38;2;155;7;7;48;2;232;5;4m┛[38;2;250;0;0;48;2;248;1;0m▇[38;2;53;1;1;48;2;192;5;5m▗[0m[7m[38;2;188;7;7m▄[0m [38;2;0;0;0m   [0m
 [38;2;0;0;0m  [38;2;123;6;6m▝[38;2;86;4;4;48;2;229;2;2m▁[38;2;251;0;0;48;2;250;0;0m┈[48;2;231;4;4m╴[38;2;111;7;7;48;2;13;0;0m▏[38;2;2;22;22;48;2;23;155;154m▌[38;2;13;218;217;48;2;18;84;84m▇[38;2;20;223;222;48;2;15;109;108m▅[38;2;14;241;240;48;2;10;70;69m▃[38;2;18;233;232;48;2;12;77;76m▂[38;2;35;227;226;48;2;21;116;115m▁[38;2;33;226;225;48;2;18;114;113m━[38;2;39;192;191;48;2;15;103;102m┷[38;2;36;229;228;48;2;10;74;73m▁[38;2;18;221;220;48;2;1;13;13m▂[38;2;14;225;224;48;2;8;41;40m▃[38;2;17;127;126;48;2;5;11;11m▂[38;2;11;8;8;48;2;176;11;11m▇[38;2;203;7;7;48;2;27;36;35m▝[38;2;45;2;2;48;2;211;3;3m▅[38;2;92;5;5;48;2;235;3;3m▅[38;2;130;4;4;48;2;246;1;1m▁[38;2;251;0;0;48;2;250;0;0m┊[38;2;117;3;3;48;2;231;4;4m╶[38;2;141;6;5;48;2;191;8;7m▃[38;2;209;7;6;48;2;149;9;9m▃[38;2;148;8;8;48;2;44;1;1m▇[38;2;165;9;9;48;2;5;0;0m▆[38;2;178;9;9;48;2;22;0;0m▄[38;2;152;8;8;48;2;2;0;0m▄[38;2;163;9;9;48;2;10;0;0m▃[38;2;174;7;7;48;2;3;0;0m▃[38;2;183;7;7;48;2;10;0;0m▃[38;2;172;6;6;48;2;3;0;0m▄[38;2;180;6;6;48;2;8;0;0m▅[38;2;199;6;6;48;2;61;2;2m▆[38;2;138;6;6;48;2;231;4;4m╼[38;2;225;4;4;48;2;177;7;6m▅[38;2;103;4;4;48;2;231;3;3m▃[38;2;161;7;7;48;2;238;2;2m╴[38;2;128;6;6;48;2;245;1;1m▗[0m[38;2;26;163;162m▂[0m [38;2;15;73;73m    [0m
 [38;2;0;0;0m  [0m [38;2;94;6;6m┒[7m[38;2;146;6;6m━[0m[38;2;51;3;2;48;2;220;4;4m▄[38;2;221;9;9;48;2;65;4;4m╸[38;2;21;190;189;48;2;16;12;12m▝[38;2;40;26;26;48;2;17;205;204m▃[38;2;1;20;19;48;2;23;180;179m▁[38;2;1;37;36;48;2;29;177;176m╾[38;2;24;128;127;48;2;21;202;201m╴[38;2;22;157;156;48;2;14;231;230m┑[38;2;36;195;194;48;2;17;225;224m╷[38;2;33;160;159;48;2;14;228;227m▗[38;2;1;13;13;48;2;11;236;235m▃[38;2;3;23;23;48;2;6;249;248m▄[38;2;2;18;17;48;2;13;224;223m▄[38;2;4;28;27;48;2;15;115;114m▇[38;2;13;88;87;48;2;15;218;217m▌[38;2;20;224;223;48;2;9;63;63m▍[38;2;1;1;1;48;2;138;9;8m▅[38;2;129;7;7;48;2;18;0;0m▗[38;2;234;6;6;48;2;96;4;4m▖[38;2;160;6;6;48;2;243;3;2m▎[48;2;251;0;0m [38;2;241;1;1;48;2;131;3;2m▇[38;2;232;3;2;48;2;93;3;3m▄[38;2;65;3;2;48;2;168;5;5m┓[38;2;218;5;5;48;2;131;4;4m┯[38;2;96;3;3;48;2;210;4;4m━[38;2;92;3;3;48;2;238;3;3m▄[38;2;15;0;0;48;2;221;4;4m▂[38;2;39;0;0;48;2;233;4;4m▂[38;2;49;0;0;48;2;235;3;3m▂[38;2;31;0;0;48;2;229;5;4m▂[38;2;42;1;1;48;2;238;4;4m▃[38;2;58;2;2;48;2;235;3;3m▄[38;2;21;0;0;48;2;176;5;5m━[38;2;227;4;4;48;2;82;3;3m▄[38;2;96;9;8;48;2;216;3;3m▂[38;2;38;55;55;48;2;214;3;3m▄[38;2;21;214;213;48;2;30;63;63m╼[38;2;23;126;125;48;2;15;206;205m▘[38;2;0;33;32;48;2;19;183;182m╴[0m[38;2;17;177;176m▆[38;2;13;177;176m▖  [0m
 [38;2;0;0;0m    [7m[38;2;21;0;0m▇[38;2;24;2;2m▆[0m[38;2;113;8;8;48;2;6;0;0m▃[38;2;101;5;4;48;2;8;0;0m▖[38;2;38;3;2;48;2;132;8;8m▃[38;2;10;0;0;48;2;1;0;0m▏[38;2;0;0;0;48;2;0;2;1m┈[48;2;14;95;94m▇[48;2;20;107;106m▇[48;2;8;78;77m▇[38;2;24;150;149;48;2;0;6;6m▁[38;2;21;212;211;48;2;0;2;2m▂[38;2;13;211;210;48;2;0;1;1m▂[38;2;6;37;37;48;2;12;225;224m▘[38;2;0;252;251;48;2;6;240;239m┈[38;2;17;182;181;48;2;4;42;41m▋[38;2;19;120;119;48;2;10;244;243m▎[38;2;7;246;245;48;2;10;78;77m▆[38;2;22;135;134;48;2;29;11;11m▎[38;2;209;6;6;48;2;54;2;2m▗[38;2;175;4;4;48;2;233;3;3m▁[38;2;123;3;3;48;2;242;2;2m▖[48;2;251;0;0m  [38;2;251;0;0;48;2;248;1;1m┈[38;2;236;2;2;48;2;99;3;3m▆[38;2;15;0;0;48;2;150;6;5m▗[38;2;61;2;2;48;2;233;3;3m▃[38;2;227;3;3;48;2;70;2;2m▇[38;2;241;2;2;48;2;32;0;0m▆[38;2;239;2;2;48;2;23;0;0m▆[38;2;246;1;1;48;2;73;2;2m▆[38;2;239;2;2;48;2;127;5;5m▇[38;2;46;107;106;48;2;212;5;5m▃[38;2;13;236;235;48;2;132;14;14m▄[38;2;19;203;202;48;2;37;78;77m▂[38;2;13;206;205;48;2;21;79;78m▇[38;2;1;252;251;48;2;20;243;242m▇[38;2;10;234;233;48;2;11;97;96m▆[38;2;10;68;67;48;2;17;150;149m▇[38;2;7;47;46;48;2;13;215;214m▄[38;2;13;86;85;48;2;17;194;193m▝[38;2;18;106;105;48;2;18;201;200m┓[0m[38;2;14;174;173m▋ [0m
 [38;2;0;0;0m      [0m [7m[38;2;116;7;6m▃[0m[38;2;1;0;0;48;2;0;0;0m┈[38;2;0;0;0m┈[38;2;34;0;0m▁ [38;2;1;8;8;48;2;14;75;74m▉[38;2;5;37;37;48;2;12;218;217m▘[38;2;14;128;127;48;2;8;245;244m▂[38;2;3;53;52;48;2;9;244;243m▂[38;2;17;118;117;48;2;2;251;250m▂[38;2;6;248;247;48;2;33;214;213m▉[38;2;0;24;24;48;2;16;180;179m━[38;2;10;248;247;48;2;14;93;93m▃[38;2;1;252;251;48;2;4;250;249m┈[38;2;4;251;250;48;2;51;215;214m▉[38;2;16;111;110;48;2;3;8;8m▏[38;2;151;9;8;48;2;82;5;5m╻[38;2;224;4;4;48;2;111;4;4m▄[38;2;246;1;1;48;2;183;4;4m▇[38;2;32;0;0;48;2;232;3;3m▗[38;2;44;2;2;48;2;229;4;4m▆[38;2;230;4;4;48;2;101;4;4m▃[38;2;129;6;6;48;2;235;3;3m▁[38;2;208;8;7;48;2;33;1;1m▘[38;2;158;8;8;48;2;5;0;0m▃[38;2;166;7;7;48;2;31;1;1m▄[38;2;68;2;2;48;2;178;6;6m━[38;2;108;4;4;48;2;232;2;2m▄[38;2;250;0;0;48;2;238;2;2m┊[38;2;185;5;5;48;2;37;3;3m▍[0m[7m[38;2;14;198;197m▃[0m[38;2;14;156;155;48;2;4;249;248m▁[48;2;0;252;251m [38;2;5;244;243;48;2;13;122;121m▆[38;2;13;75;75;48;2;18;187;187m▚[38;2;1;9;9;48;2;24;156;155m▄[38;2;7;38;37;48;2;11;243;242m▃[38;2;14;66;66;48;2;8;244;243m▂[38;2;7;63;62;48;2;13;222;221m▁[38;2;14;246;245;48;2;14;216;215m┈[0m[38;2;20;210;209m▘ [0m
 [38;2;0;0;0m         [0m [7m[38;2;106;10;9m▄[0m[38;2;0;0;0;48;2;3;0;0m┊[48;2;1;6;6m┈[38;2;8;60;59;48;2;27;222;221m▆[38;2;16;93;92;48;2;11;234;233m▘[38;2;1;252;251;48;2;42;232;231m▇[38;2;6;243;242;48;2;12;96;95m▇[38;2;17;237;236;48;2;15;86;86m▖[38;2;8;66;65;48;2;17;197;196m▎[38;2;19;120;119;48;2;13;208;207m▗[38;2;22;112;111;48;2;12;211;210m╼[38;2;17;97;96;48;2;14;217;216m▗[38;2;16;83;83;48;2;21;168;167m▝[38;2;33;143;142;48;2;38;30;29m▁[38;2;7;1;1;48;2;206;7;7m▆[38;2;2;0;0;48;2;161;5;5m━[38;2;194;7;7;48;2;32;1;1m▂[38;2;164;7;7;48;2;9;0;0m▂[38;2;227;5;4;48;2;65;3;3m▂[38;2;209;4;4;48;2;38;2;2m▅[38;2;26;161;160;48;2;134;9;9m▗[38;2;7;244;243;48;2;56;56;56m▅[38;2;8;246;245;48;2;1;39;38m▇[38;2;55;52;51;48;2;10;220;219m▝[38;2;37;116;115;48;2;185;8;8m▖[38;2;116;6;6;48;2;197;6;6m┗[0m[38;2;84;5;5m▎ [0m [7m[38;2;16;188;187m▅[38;2;16;184;183m▄[38;2;18;194;193m▂[38;2;12;212;211m▁[38;2;10;187;186m▁[38;2;11;184;183m▁[38;2;14;216;215m▂[0m[38;2;15;232;231m▘[0m [38;2;0;0;0m [0m
 [38;2;0;0;0m          [38;2;19;167;166m▁[38;2;13;221;220m▃[38;2;6;242;241;48;2;8;59;58m▅[38;2;0;252;251;48;2;4;246;245m┈[48;2;0;252;251m  [48;2;5;241;240m┈[38;2;8;248;247;48;2;12;69;68m▘[38;2;0;10;10;48;2;16;205;204m▅[38;2;0;13;13;48;2;17;222;222m▅[38;2;0;5;4;48;2;17;196;195m▅[38;2;3;16;16;48;2;24;175;174m▅[38;2;0;1;1;48;2;20;194;193m▄[38;2;0;8;7;48;2;30;168;167m▄[38;2;0;0;0;48;2;0;1;1m┈[38;2;213;8;7;48;2;19;1;1m▝[38;2;10;0;0;48;2;230;2;2m▃[48;2;232;2;2m▃[38;2;9;0;0;48;2;218;4;3m▄[38;2;7;0;0;48;2;128;5;5m▆[38;2;23;237;236;48;2;8;47;47m▝[38;2;0;252;251;48;2;4;247;246m┈[48;2;0;252;251m  [48;2;4;241;240m┈[38;2;9;228;227;48;2;115;35;35m▅[38;2;18;179;178;48;2;128;10;10m▃[0m [38;2;22;0;0m           [0m
 [38;2;0;0;0m     [0m [38;2;23;157;157m▃[38;2;17;220;219m▄[38;2;16;221;220m▆[38;2;15;241;240m▇[38;2;47;179;179;48;2;2;251;250m▁[38;2;20;124;123;48;2;1;251;250m▁[38;2;1;31;30;48;2;6;244;243m▁[38;2;1;20;19;48;2;6;240;239m▂[38;2;0;4;4;48;2;10;224;223m▃[38;2;1;7;7;48;2;15;208;207m▅[38;2;3;20;20;48;2;17;104;103m▉[38;2;16;228;227;48;2;8;36;36m▅[38;2;19;196;195;48;2;3;17;17m▂[38;2;0;0;0;48;2;0;2;2m┈┈[38;2;1;32;31;48;2;0;0;0m▁      [38;2;0;0;0;48;2;2;10;10m┈[38;2;14;202;201;48;2;6;34;34m▄[38;2;21;177;176;48;2;2;18;18m▍[38;2;0;1;1;48;2;19;113;112m▆[38;2;4;23;23;48;2;11;237;236m▅[38;2;8;35;35;48;2;6;244;243m▃[38;2;1;20;19;48;2;6;239;238m▁[38;2;36;177;176;48;2;1;252;251m▁[38;2;0;252;251;48;2;2;251;250m┈[48;2;5;240;239m┈[0m[38;2;5;245;244m▆[38;2;7;229;228m▅[38;2;9;214;213m▄[38;2;26;233;232m▂[0m [38;2;11;53;53m      [0m
 [38;2;0;0;0m        [0m    [38;2;149;6;6m┗[38;2;229;3;3;48;2;37;0;0m▇[38;2;55;2;2;48;2;220;3;3m▝[38;2;165;6;5;48;2;15;1;1m▁[38;2;0;0;0;48;2;2;1;1m┈[38;2;10;35;35;48;2;14;193;192m▃[38;2;59;24;24;48;2;9;244;243m▂[38;2;21;210;209;48;2;78;31;31m▘[38;2;211;4;4;48;2;29;113;112m▄[38;2;231;3;3;48;2;27;76;75m▅[38;2;229;2;2;48;2;6;0;0m▆[38;2;234;5;5;48;2;26;0;0m▆[38;2;232;3;3;48;2;10;0;0m▆[38;2;239;3;2;48;2;22;0;0m▅[38;2;225;3;3;48;2;27;61;61m▄[38;2;177;11;11;48;2;23;115;114m▃[38;2;74;48;48;48;2;15;220;219m▂[38;2;11;39;39;48;2;10;226;225m▃[38;2;0;0;0;48;2;5;19;19m┊[38;2;159;7;7;48;2;8;0;0m▁[38;2;3;0;0;48;2;177;4;4m▘[38;2;236;2;2;48;2;41;0;0m▇[38;2;179;5;5;48;2;21;0;0m▆[0m[38;2;83;8;8m╸[7m[38;2;10;60;60m▆[38;2;29;118;117m▆[38;2;60;220;219m▇[38;2;53;198;197m▇[38;2;32;145;144m▇[0m [38;2;0;0;0m       [0m
 [38;2;0;0;0m             [7m[38;2;137;4;4m▆[38;2;229;3;2m▄[38;2;236;4;3m▃[0m[38;2;99;6;5;48;2;221;3;3m▃[38;2;145;6;6;48;2;222;3;3m▃[38;2;156;5;5;48;2;237;4;4m▃[38;2;112;2;2;48;2;218;3;3m╶[38;2;77;5;4;48;2;196;5;5m┲[38;2;64;3;3;48;2;193;4;4m━[38;2;247;1;1;48;2;101;5;5m▄[38;2;246;2;2;48;2;61;1;1m▄[38;2;247;1;1;48;2;87;4;4m▄[38;2;70;3;3;48;2;179;5;4m━[38;2;124;7;6;48;2;214;5;5m╾[38;2;179;6;6;48;2;228;2;2m▗[38;2;146;6;6;48;2;240;3;3m▂[38;2;120;1;0;48;2;224;3;3m▁[38;2;51;1;1;48;2;223;3;3m▁[0m[7m[38;2;237;3;3m▂[38;2;240;2;2m▄[38;2;159;4;4m▅[0m [38;2;0;0;0m              [0m
 [38;2;0;0;0m                [7m[38;2;109;5;5m▇[38;2;213;4;4m▅[38;2;214;3;3m▃[0m[38;2;54;1;1;48;2;194;5;5m▖[38;2;154;6;6;48;2;243;1;1m▘[48;2;251;0;0m    [38;2;251;0;0;48;2;250;0;0m┈[38;2;156;6;6;48;2;224;4;4m┗[0m[7m[38;2;203;3;3m▂[38;2;213;4;3m▃[38;2;162;9;9m▅[0m [38;2;0;0;0m                  [0m
 [38;2;0;0;0m                   [7m[38;2;94;4;4m▇[38;2;205;3;3m▄[38;2;219;2;2m▂[38;2;236;3;3m▂[38;2;230;2;2m▂[38;2;236;2;2m▂[38;2;242;2;2m▃[38;2;193;3;3m▄[0m [38;2;0;0;0m                     [0m[u[0m [38;2;0;0;0m                               [0m  [38;2;0;0;0m                [0m
 [38;2;0;0;0m                             [38;2;144;10;9m▁[38;2;198;8;8m▃[7m[38;2;164;9;9m▘[0m[38;2;39;3;2m▏            [38;2;105;7;6m▃[0m [38;2;0;0;0m  [0m
 [38;2;0;0;0m                          [0m [38;2;185;4;4m▄[38;2;226;4;3m▇[38;2;150;6;6;48;2;217;7;6m▁[0m[7m[38;2;116;4;4m▗[38;2;55;2;2m▇[0m[38;2;3;0;0m      [0m [38;2;123;6;6m▆[0m [38;2;0;0;0m   [0m [7m[38;2;173;9;9m▍[0m[38;2;235;4;3;48;2;122;4;4m▆[0m[38;2;162;8;7m▖ [0m
 [38;2;0;0;0m [0m [38;2;0;0;0m                        [7m[38;2;180;5;5m▌[0m[38;2;20;1;1;48;2;247;0;0m [38;2;251;0;0;48;2;245;0;0m▃[38;2;211;7;6;48;2;74;2;2m▋[0m [38;2;0;0;0m [38;2;56;6;4m▁    [0m [7m[38;2;173;4;4m▘[0m[38;2;234;3;3;48;2;128;7;6m▊[0m[38;2;24;0;0m▏   [0m [38;2;90;2;1;48;2;220;7;7m▎[0m[7m[38;2;193;3;3m▗[0m [38;2;0;0;0m [0m
 [38;2;0;0;0m [0m  [38;2;26;2;2m▂[0m [38;2;0;0;0m        [0m [38;2;127;6;6m▅[7m[38;2;64;4;4m▄[0m [38;2;0;0;0m    [38;2;83;9;8m▂[0m [38;2;0;0;0m   [38;2;39;1;1;48;2;222;4;4m▎[48;2;251;0;0m  [38;2;246;2;1;48;2;204;7;6m▉[0m[38;2;231;4;4m▃[7m[38;2;148;4;3m▘[0m[38;2;110;6;6m▘   [7m[38;2;71;8;7m▉[38;2;154;6;6m▁[38;2;219;3;3m▄[38;2;112;5;4m▆[0m[38;2;4;0;0m    [7m[38;2;45;1;1m▊[0m[38;2;163;9;9m▘[0m [38;2;0;0;0m  [0m
 [38;2;0;0;0m [0m [38;2;93;2;2m▁[38;2;77;2;2;48;2;195;4;4m▘[0m[38;2;2;0;0m╴       [0m [7m[38;2;196;5;5m▘[0m[38;2;104;4;3m▍     [7m[38;2;134;6;5m▋[0m[38;2;194;7;7m▋[0m [38;2;0;0;0m  [38;2;132;5;4m▗[38;2;178;4;4;48;2;245;1;1m▏[48;2;251;0;0m    [0m[7m[38;2;196;4;4m▝[0m[38;2;203;3;3m▃[7m[38;2;212;3;3m▘[0m[38;2;124;5;5m▍   [38;2;69;9;8m▁[0m  [38;2;165;7;7m▖       [0m
 [38;2;0;0;0m [7m[38;2;61;3;3m▊[0m[38;2;139;5;5;48;2;232;1;1m▏[38;2;241;2;1;48;2;39;1;1m▊[0m [38;2;0;0;0m       [7m[38;2;144;5;5m▋[0m[38;2;251;0;0;48;2;243;2;2m┊[0m[38;2;196;6;6m▖[0m [38;2;0;0;0m  [38;2;118;6;6m▃[0m [38;2;172;4;4m▗[38;2;210;8;7;48;2;248;1;1m▏[0m[7m[38;2;219;2;2m▝[0m[38;2;187;3;3m▃[38;2;205;2;2m▄[38;2;238;1;1;48;2;142;3;3m▇[48;2;251;0;0m    [38;2;251;0;0;48;2;242;1;1m┈[0m[7m[38;2;215;2;2m▃[38;2;196;4;4m▖[38;2;211;4;4m▗[0m [38;2;0;0;0m [38;2;163;5;5m▗[38;2;196;5;5m▆[38;2;136;8;7m▘[38;2;158;8;8m▗[7m[38;2;138;5;5m▗[0m[38;2;89;7;7m╲[0m [38;2;0;0;0m    [38;2;96;8;8m▗[0m [0m
 [38;2;0;0;0m [0m  [38;2;35;1;1;48;2;146;1;1m╴[0m[7m[38;2;112;3;3m▝[0m [38;2;0;0;0m      [0m [7m[38;2;197;3;3m▄[0m[38;2;250;0;0;48;2;227;3;3m┈[0m[7m[38;2;178;4;4m▝[0m[38;2;50;2;2m▖ [7m[38;2;176;8;8m▋[0m[38;2;246;1;1;48;2;124;3;3m▇[38;2;251;0;0;48;2;247;1;0m┈[48;2;251;0;0m        [38;2;250;0;0;48;2;235;6;6m▉[0m[38;2;164;6;6m▍[38;2;164;7;7m▅[38;2;48;3;3m╱[0m  [38;2;195;3;3m▄[38;2;251;0;0;48;2;242;1;1m┈[38;2;244;1;1;48;2;180;6;6m▉[0m[38;2;125;6;6m▖[7m[38;2;81;7;7m▅[0m [7m[38;2;199;8;7m▌[38;2;216;3;3m▝[0m[38;2;112;5;5m▖  [7m[38;2;75;3;3m▉[0m[38;2;193;7;7m▊ [0m
 [38;2;30;2;2m   [0m [7m[38;2;57;3;3m▆[0m[38;2;142;8;8;48;2;19;1;1m╺[0m[38;2;193;6;6m▃[38;2;79;4;4m▂    [38;2;43;1;1m╺[38;2;112;8;8m▗[7m[38;2;150;6;6m▋[0m[38;2;230;6;6;48;2;248;0;0m▏[38;2;47;1;1;48;2;199;6;5m▝[0m[38;2;158;7;6m▆[7m[38;2;161;7;7m▌[0m[38;2;244;1;1;48;2;250;0;0m▏[38;2;247;0;0;48;2;251;0;0m▂▂▂▂▂▂▂▂▂[38;2;251;0;0;48;2;249;0;0m┈[38;2;246;1;1;48;2;158;7;7m▇[38;2;251;0;0;48;2;248;1;1m┈[38;2;243;2;2;48;2;58;2;2m▅[0m[38;2;229;2;2m▆[38;2;245;1;1;48;2;149;5;5m▇[38;2;247;0;0;48;2;251;0;0m▂▂[38;2;248;0;0m▄[0m[38;2;177;5;5m▋ [7m[38;2;70;0;0m▊[0m[38;2;244;2;2;48;2;224;4;4m┊[38;2;249;0;0;48;2;246;1;1m┊[0m[38;2;168;7;6m▋  [7m[38;2;93;4;4m▉[0m[38;2;159;9;8;48;2;230;3;3m▏[0m[38;2;158;5;5m▖[0m
[38;2;204;9;9;48;2;76;4;4m▗[0m[38;2;90;3;3m▖[38;2;35;2;2m▗[38;2;137;9;9m▃[0m [38;2;44;3;3m▂[0m [7m[38;2;89;3;3m▅[0m[38;2;29;1;1;48;2;196;4;4m▖[0m[38;2;215;3;3m▆[38;2;149;5;4m▃[0m [38;2;53;8;6m▁ [38;2;162;13;12m▗[38;2;27;0;0;48;2;84;4;4m▉[38;2;157;10;10;48;2;239;3;3m▏[38;2;247;0;0;48;2;243;2;2m▇[38;2;167;7;7;48;2;244;1;1m▝[38;2;122;5;5;48;2;243;1;1m▘[48;2;247;0;0m      [38;2;247;0;0;48;2;235;2;2m╴[38;2;115;5;4;48;2;242;2;1m▖[48;2;247;0;0m [38;2;139;5;5;48;2;245;1;1m▂[38;2;47;3;2;48;2;218;3;3m▃[38;2;43;2;1;48;2;209;5;5m▖[48;2;247;0;0m   [38;2;148;6;6;48;2;245;1;1m▗[38;2;164;4;4;48;2;239;1;1m▁[48;2;247;0;0m  [0m[7m[38;2;209;4;4m▝[0m [38;2;198;10;9m▗[7m[38;2;173;5;5m▗[38;2;127;6;5m▆[0m[38;2;179;8;8m▗[38;2;229;5;5m▖  [38;2;212;6;6m▝[38;2;203;6;6m▊[0m
[38;2;90;5;4m▝[7m[38;2;179;6;5m▖[0m[38;2;190;8;8m▖[38;2;109;5;5m▝[7m[38;2;166;8;7m▝[38;2;114;5;5m▘[0m[38;2;182;7;6m▅[38;2;173;4;4m▄[38;2;50;2;2m▖[38;2;13;0;0;48;2;168;5;5m▖[38;2;247;0;0;48;2;240;2;2m╴[0m[38;2;128;5;5m▌[7m[38;2;86;5;5m▖[0m[38;2;203;9;9m▖[7m[38;2;210;6;5m▍[0m[38;2;35;1;1;48;2;214;4;4m▝[38;2;229;6;5;48;2;88;4;3m▝[38;2;247;0;0;48;2;238;2;2m┊[48;2;247;0;0m [48;2;242;1;1m┈[48;2;244;1;1m┈[48;2;247;0;0m   [38;2;156;4;4;48;2;236;1;1m▁[38;2;100;4;3;48;2;238;2;2m▅[38;2;233;3;3;48;2;101;4;4m▃[38;2;59;3;3;48;2;176;9;8m▘[38;2;225;4;4;48;2;96;3;3m▘[38;2;214;3;3;48;2;49;1;1m▅[38;2;240;2;2;48;2;133;7;7m▇[38;2;214;6;6;48;2;124;5;5m▎[38;2;225;11;11;48;2;246;1;1m▏[48;2;247;0;0m [38;2;247;0;0;48;2;246;0;0m┈[38;2;202;6;6;48;2;58;2;2m▍[38;2;192;13;12;48;2;43;1;1m▁[38;2;123;6;5;48;2;236;3;3m▖[48;2;247;0;0m [38;2;247;0;0;48;2;244;1;1m╴[38;2;75;5;5;48;2;155;7;7m╏[38;2;228;5;5;48;2;145;7;7m▉[0m[38;2;88;3;3m▏[38;2;149;9;8m▃[7m[38;2;182;6;6m▎[0m[38;2;247;0;0;48;2;241;1;1m┈[0m[38;2;151;5;4m▌ [0m [38;2;129;10;9m▘[0m
[38;2;22;2;2m▂[0m [7m[38;2;79;5;5m▅[0m [7m[38;2;92;4;4m▌[0m[38;2;246;1;0;48;2;232;3;3m┊[38;2;247;0;0;48;2;206;9;9m▇[38;2;138;5;5;48;2;235;3;3m▗[38;2;175;8;8;48;2;68;3;3m▚[0m[7m[38;2;51;3;3m▚[0m[38;2;52;2;2;48;2;217;4;4m▖[38;2;202;7;7;48;2;20;0;0m▌[0m[38;2;10;90;89m▁[7m[38;2;119;6;6m▖[0m[38;2;176;5;5;48;2;232;3;3m▁[38;2;251;0;0;48;2;247;0;0m▁[38;2;244;1;1;48;2;182;5;4m▇[38;2;155;5;5;48;2;235;3;3m▘[48;2;247;0;0m [38;2;239;2;2;48;2;165;3;3m▉[38;2;145;5;5;48;2;56;2;2m▖[38;2;32;1;1;48;2;220;5;5m▅[38;2;90;6;6;48;2;187;7;7m▆[38;2;128;5;5;48;2;221;4;3m╴[38;2;75;2;2;48;2;175;7;7m▝[38;2;246;1;1;48;2;235;2;2m┈[38;2;251;0;0;48;2;247;0;0m▁[38;2;77;3;3;48;2;236;3;2m▝[38;2;230;2;2;48;2;154;4;4m▇[38;2;251;0;0;48;2;247;0;0m▁[38;2;247;0;0;48;2;245;1;1m┊[38;2;78;1;1;48;2;170;7;7m╽[38;2;108;4;4;48;2;235;2;2m▂[38;2;140;6;6;48;2;237;2;2m▖[38;2;246;0;0;48;2;248;0;0m┈[38;2;248;0;0;48;2;222;10;9m▇[48;2;243;3;2m▇[38;2;247;0;0;48;2;235;5;5m▇[48;2;247;0;0m [38;2;249;0;0m▁[38;2;143;5;4;48;2;237;3;3m▝[38;2;85;3;3;48;2;204;5;5m▖[38;2;201;5;4;48;2;42;1;1m▊[0m[38;2;219;6;6m▝[38;2;186;3;3;48;2;237;2;2m▏[38;2;247;0;0;48;2;245;1;1m┊[0m[38;2;167;4;4m▋   [0m
[38;2;26;1;1;48;2;180;5;5m▌[0m[38;2;155;2;2m▌ [0m [38;2;117;8;7m▃[7m[38;2;111;4;4m▆[38;2;156;4;3m▄[0m[38;2;9;0;0;48;2;51;12;11m╴[38;2;13;199;198;48;2;8;36;35m▅[38;2;7;235;234;48;2;19;24;23m▅[38;2;12;230;229;48;2;40;92;91m▆[38;2;8;234;233;48;2;66;64;63m▃[38;2;27;227;226;48;2;6;250;249m▏[38;2;0;252;251;48;2;5;243;243m┈[38;2;16;200;199;48;2;71;46;45m▄[38;2;89;9;9;48;2;239;3;3m▖[38;2;250;0;0;48;2;244;2;2m┊[38;2;251;0;0;48;2;242;1;1m┈[38;2;213;9;9;48;2;248;1;1m▁[38;2;249;0;0;48;2;250;0;0m┊[38;2;251;0;0;48;2;245;1;1m┈[38;2;234;2;2;48;2;65;2;2m▆[38;2;24;0;0;48;2;181;7;7m▘[38;2;250;0;0;48;2;248;0;0m▇[38;2;251;0;0;48;2;246;1;1m▇[48;2;251;0;0m [48;2;250;0;0m┈[38;2;231;6;5m▁[48;2;251;0;0m [38;2;251;0;0;48;2;250;0;0m┈[38;2;40;0;0;48;2;196;5;5m▗[38;2;142;9;9;48;2;82;5;4m▝[38;2;58;1;1;48;2;205;4;3m▘[38;2;251;0;0;48;2;249;0;0m┈[48;2;251;0;0m  [48;2;245;1;1m╴[38;2;66;3;3;48;2;241;2;2m▃[38;2;7;0;0;48;2;219;4;4m▄[38;2;6;0;0;48;2;211;3;3m▄[38;2;85;3;3;48;2;237;3;3m▖[38;2;202;9;9;48;2;114;5;5m▎[0m[38;2;176;7;7m▊[38;2;228;5;4m▗[38;2;226;3;3;48;2;167;4;4m▉[0m[38;2;189;5;5m▘[38;2;113;6;6m▃   [0m
[38;2;11;0;0;48;2;171;2;2m▖[38;2;10;0;0;48;2;164;2;2m▝[0m  [38;2;27;0;0;48;2;207;6;6m▍[38;2;204;7;7;48;2;36;0;0m▌[0m[38;2;70;5;4m▅[38;2;18;240;239;48;2;13;73;72m▝[38;2;15;72;71;48;2;13;226;226m▅[38;2;8;43;43;48;2;28;221;220m▆[38;2;1;8;8;48;2;27;214;213m▆[38;2;5;44;43;48;2;33;234;233m▆[38;2;8;47;47;48;2;12;207;206m━[38;2;15;73;72;48;2;18;188;187m▗[38;2;1;43;42;48;2;25;171;170m▁[38;2;191;8;8;48;2;24;17;17m▝[38;2;154;6;5;48;2;237;2;2m▁[38;2;89;3;2;48;2;200;7;7m▚[38;2;143;6;6;48;2;213;6;5m▝[38;2;188;9;9;48;2;246;2;1m▏[48;2;251;0;0m  [38;2;251;0;0;48;2;249;0;0m▇[38;2;249;0;0;48;2;251;0;0m▂[38;2;108;4;4;48;2;226;4;4m▗[38;2;224;10;10;48;2;246;2;2m▏[38;2;95;3;3;48;2;183;6;6m┏[38;2;200;6;6;48;2;245;2;1m▏[48;2;251;0;0m [38;2;250;0;0;48;2;239;3;3m▉[38;2;224;9;9;48;2;80;4;3m▁[38;2;237;3;3;48;2;167;5;5m▇[48;2;251;0;0m  [38;2;251;0;0;48;2;249;1;0m┊[38;2;88;3;3;48;2;235;2;2m▃[38;2;153;6;6;48;2;13;0;0m▘[48;2;0;0;0m   [38;2;13;0;0;48;2;161;9;9m▊[38;2;230;4;4;48;2;170;5;5m▇[38;2;52;4;4;48;2;147;9;8m▝[38;2;131;5;4;48;2;237;3;3m▏[38;2;214;7;7;48;2;72;2;2m▌[38;2;97;4;4;48;2;236;3;3m▘[0m[38;2;204;5;5m▋   [0m
  [38;2;73;3;3;48;2;25;1;1m╶[38;2;118;9;9;48;2;3;0;0m▄[38;2;93;4;4;48;2;236;4;4m▎[38;2;124;3;3;48;2;235;4;4m▝[38;2;229;4;4;48;2;129;5;5m▉[38;2;1;0;0;48;2;18;1;1m┊[38;2;32;130;129;48;2;3;24;24m┗[38;2;9;57;57;48;2;22;175;174m▘[38;2;15;104;104;48;2;21;207;206m╴[38;2;20;236;235;48;2;22;119;118m▝[38;2;16;108;107;48;2;28;168;167m▖[38;2;132;12;12;48;2;27;109;108m▄[38;2;158;9;8;48;2;35;86;86m▄[38;2;103;7;7;48;2;22;106;105m▖[38;2;24;105;104;48;2;17;13;13m▏[38;2;9;1;0;48;2;124;7;7m▇[38;2;228;6;6;48;2;53;2;2m▝[38;2;67;1;1;48;2;243;2;2m▁[38;2;117;6;6;48;2;210;4;4m▂[38;2;177;6;6;48;2;239;2;2m▏[38;2;126;4;4;48;2;240;2;2m▗[38;2;228;8;8;48;2;248;1;1m▏[38;2;203;8;8;48;2;65;2;2m▍[38;2;99;4;4;48;2;228;5;5m▖[38;2;95;3;3;48;2;187;7;7m▚[38;2;153;5;5;48;2;241;2;2m▁[48;2;251;0;0m  [38;2;251;0;0;48;2;249;0;0m▇[48;2;250;0;0m▇[48;2;241;1;1m┈[38;2;52;2;2;48;2;231;2;2m▃[38;2;135;7;6;48;2;36;2;2m▚[38;2;87;7;7;48;2;2;0;0m▖[48;2;0;0;0m    [38;2;12;0;0;48;2;152;7;7m▊[38;2;218;14;13;48;2;249;0;0m▏[38;2;227;5;5;48;2;242;2;2m┊[38;2;251;0;0;48;2;249;0;0m┈[38;2;88;3;3;48;2;177;8;7m╽[38;2;232;8;8;48;2;248;0;0m▏[0m[38;2;191;7;7m▌   [0m
 [38;2;0;0;0m [0m [38;2;83;4;4;48;2;190;8;8m▖[48;2;250;0;0m [48;2;251;0;0m  [38;2;205;5;5;48;2;71;4;4m▌[38;2;33;1;1;48;2;1;0;0m╴[38;2;0;3;3;48;2;12;67;66m▇[38;2;8;52;51;48;2;20;223;222m▆[38;2;7;49;48;48;2;26;164;163m▅[38;2;24;113;112;48;2;30;164;163m▘[38;2;37;127;126;48;2;131;9;9m▆[38;2;37;156;155;48;2;129;12;12m▄[38;2;56;67;66;48;2;27;167;166m▘[38;2;17;230;229;48;2;20;110;109m▅[38;2;2;16;16;48;2;12;82;82m▉[38;2;23;236;235;48;2;0;2;2m▄[38;2;23;94;93;48;2;4;10;10m▏[38;2;225;6;6;48;2;97;8;7m▗[38;2;157;5;5;48;2;187;6;5m▁[38;2;243;1;1;48;2;137;5;5m▅[38;2;251;0;0;48;2;250;0;0m┈[48;2;244;1;1m┈[38;2;235;2;2;48;2;64;2;2m▅[38;2;42;1;1;48;2;180;6;6m━[38;2;24;0;0;48;2;156;9;8m╾[38;2;51;3;3;48;2;220;5;5m▄[38;2;11;0;0;48;2;227;4;3m▄[38;2;21;1;1;48;2;240;3;3m▅[38;2;16;0;0;48;2;222;5;5m▆[38;2;5;0;0;48;2;101;5;5m▇[38;2;144;11;11;48;2;40;3;2m╺[38;2;2;0;0;48;2;129;7;6m▃[38;2;131;6;6;48;2;1;0;0m▘[48;2;0;0;0m   [38;2;142;5;4;48;2;12;0;0m▂[38;2;71;3;3;48;2;232;4;4m▘[38;2;168;7;7;48;2;225;3;3m┎[38;2;155;7;7;48;2;231;4;4m┛[38;2;250;0;0;48;2;248;0;0m▇[38;2;50;1;1;48;2;191;5;5m▗[0m[7m[38;2;183;7;7m▄[0m [38;2;0;0;0m   [0m
 [38;2;0;0;0m  [38;2;119;6;6m▝[38;2;108;4;4;48;2;239;2;2m▂[38;2;251;0;0;48;2;250;0;0m┈[38;2;240;2;2;48;2;164;13;12m▉[38;2;107;8;7;48;2;12;0;0m▏[38;2;2;23;23;48;2;26;159;158m▌[38;2;18;104;104;48;2;13;217;217m▁[38;2;17;220;219;48;2;14;105;104m▅[38;2;16;241;240;48;2;11;70;70m▃[38;2;14;239;238;48;2;14;81;80m▂[38;2;24;242;242;48;2;22;115;115m▁[38;2;31;194;193;48;2;18;109;108m┻[38;2;36;194;193;48;2;17;103;102m━[38;2;24;242;241;48;2;12;74;74m▁[38;2;19;235;234;48;2;2;15;14m▂[38;2;15;234;233;48;2;6;38;37m▃[38;2;22;139;138;48;2;5;11;11m▖[38;2;8;9;9;48;2;158;10;10m▇[38;2;193;7;7;48;2;25;38;37m▝[38;2;63;3;3;48;2;241;4;4m▆[38;2;90;5;4;48;2;227;4;4m▅[38;2;103;3;3;48;2;244;2;2m▁[38;2;251;0;0;48;2;250;0;0m┊[38;2;125;4;4;48;2;231;4;4m╶[38;2;135;5;5;48;2;189;8;8m▃[38;2;208;7;6;48;2;149;9;8m▃[38;2;149;8;8;48;2;61;2;2m▇[38;2;166;10;9;48;2;10;0;0m▆[38;2;164;8;8;48;2;5;0;0m▅[38;2;162;10;10;48;2;6;0;0m▄[38;2;165;10;10;48;2;15;0;0m▃[38;2;176;8;8;48;2;9;0;0m▃[38;2;187;7;7;48;2;14;0;0m▃[38;2;176;7;7;48;2;7;0;0m▄[38;2;183;7;7;48;2;14;0;0m▅[38;2;200;7;6;48;2;79;3;3m▆[38;2;140;5;5;48;2;232;4;4m╼[38;2;178;8;8;48;2;208;5;5m╹[38;2;103;3;3;48;2;232;4;3m▃[38;2;156;6;6;48;2;239;2;2m╴[38;2;121;6;6;48;2;243;2;2m▗[0m[38;2;24;180;179m▂[0m [38;2;17;84;84m    [0m
 [38;2;0;0;0m  [0m [38;2;123;9;9m─[7m[38;2;136;7;6m━[0m[38;2;48;3;3;48;2;214;4;4m▄[38;2;189;10;9;48;2;60;4;3m╾[38;2;19;183;182;48;2;15;11;11m▝[38;2;44;18;17;48;2;18;208;207m▃[38;2;0;6;6;48;2;25;181;180m▁[38;2;0;31;30;48;2;30;169;169m╾[38;2;18;104;103;48;2;24;200;199m╴[38;2;28;149;148;48;2;15;229;228m╾[38;2;30;183;182;48;2;16;221;220m╷[38;2;30;154;153;48;2;10;238;237m▃[38;2;1;13;12;48;2;9;226;225m▃[38;2;0;12;12;48;2;9;244;243m▄[38;2;7;41;40;48;2;9;245;244m▅[38;2;5;29;28;48;2;14;111;110m▇[38;2;14;70;69;48;2;17;203;202m▍[38;2;20;225;224;48;2;10;70;69m▍[38;2;11;2;2;48;2;165;9;8m▆[38;2;136;7;6;48;2;17;0;0m▗[38;2;234;6;6;48;2;98;4;4m▖[38;2;157;7;6;48;2;243;3;3m▎[48;2;251;0;0m [38;2;243;1;1;48;2;140;4;4m▇[38;2;235;2;2;48;2;91;4;3m▄[38;2;56;2;2;48;2;172;5;5m┭[38;2;215;6;6;48;2;127;5;4m┯[38;2;60;1;1;48;2;200;4;4m╺[38;2;95;3;3;48;2;236;3;3m▄[38;2;46;1;1;48;2;239;3;3m▃[38;2;26;0;0;48;2;233;4;4m▂[38;2;30;0;0;48;2;236;4;3m▂[38;2;20;0;0;48;2;228;5;4m▂[38;2;36;1;1;48;2;236;4;3m▃[38;2;62;2;2;48;2;229;3;3m▄[38;2;23;0;0;48;2;177;4;4m━[38;2;228;4;4;48;2;85;3;3m▄[38;2;77;12;12;48;2;218;3;3m▂[38;2;35;65;64;48;2;209;3;3m▄[38;2;22;218;217;48;2;28;65;64m╼[38;2;17;123;122;48;2;16;198;197m┕[38;2;0;27;26;48;2;18;184;183m╴[0m[38;2;15;173;172m▆[38;2;13;189;188m▖  [0m
 [38;2;0;0;0m    [0m [7m[38;2;39;3;3m▇[0m[38;2;114;7;7;48;2;10;0;0m▃[38;2;109;5;5;48;2;8;0;0m▖[38;2;172;12;12;48;2;68;4;4m┗[38;2;10;0;0;48;2;0;0;0m▏[38;2;0;0;0;48;2;0;1;1m┈[48;2;1;51;51m▇[48;2;1;71;70m▇[48;2;0;5;5m┈[38;2;27;171;170;48;2;1;8;8m▁[38;2;22;226;225;48;2;0;3;3m▂[38;2;19;221;220m▂[38;2;6;41;41;48;2;12;229;228m▘[38;2;0;252;251;48;2;6;243;242m┈[38;2;16;186;185;48;2;4;39;38m▋[38;2;18;119;118;48;2;10;245;244m▎[38;2;6;248;247;48;2;14;95;94m▆[38;2;25;138;137;48;2;26;11;11m▎[38;2;214;6;6;48;2;53;2;2m▗[38;2;166;4;4;48;2;233;3;3m▁[38;2;114;3;3;48;2;242;2;2m▖[48;2;251;0;0m  [38;2;251;0;0;48;2;248;1;1m┈[38;2;238;2;2;48;2;105;5;4m▆[38;2;15;0;0;48;2;149;5;5m▗[38;2;53;2;2;48;2;232;3;2m▃[38;2;226;3;3;48;2;91;3;3m▇[38;2;244;2;2;48;2;47;1;1m▆[38;2;243;2;2;48;2;33;1;1m▆[38;2;248;1;1;48;2;93;4;4m▆[38;2;239;2;2;48;2;152;9;9m▇[38;2;41;120;120;48;2;207;6;5m▃[38;2;12;241;240;48;2;124;22;21m▄[38;2;18;219;218;48;2;31;81;80m▂[38;2;13;207;206;48;2;17;96;95m▇[38;2;1;252;251;48;2;13;246;245m▇[38;2;10;234;233;48;2;17;118;118m▆[38;2;25;148;147;48;2;10;57;56m▖[38;2;9;65;64;48;2;10;232;231m▅[38;2;17;193;192;48;2;14;92;91m▆[38;2;17;109;108;48;2;17;198;197m┓[0m[38;2;14;179;178m▋ [0m
 [38;2;0;0;0m      [0m [7m[38;2;112;6;6m▃[0m[38;2;1;0;0;48;2;0;0;0m┈[38;2;0;0;0m┈[38;2;44;3;2m▁ [38;2;1;8;8;48;2;16;79;78m▉[38;2;8;46;46;48;2;11;222;221m▘[38;2;14;122;121;48;2;7;244;243m▂[38;2;8;59;58;48;2;8;238;237m▂[38;2;13;99;98;48;2;3;250;249m▂[38;2;7;248;247;48;2;35;209;208m▉[38;2;4;35;35;48;2;14;169;168m━[38;2;9;231;230;48;2;13;83;82m▄[38;2;0;252;251;48;2;4;250;249m┈[38;2;3;251;250;48;2;50;215;214m▉[38;2;19;114;113;48;2;3;8;8m▏[38;2;147;10;10;48;2;82;5;5m╻[38;2;215;4;4;48;2;97;5;4m▅[38;2;251;0;0;48;2;239;1;1m┈[38;2;28;0;0;48;2;229;4;3m▗[38;2;40;2;2;48;2;219;5;5m▆[38;2;234;4;4;48;2;99;4;4m▃[38;2;120;5;4;48;2;233;3;3m▁[38;2;205;8;8;48;2;34;1;1m▘[38;2;162;9;8;48;2;7;0;0m▃[38;2;165;7;7;48;2;31;1;1m▄[38;2;86;4;4;48;2;170;6;5m━[38;2;109;4;4;48;2;227;2;2m▄[38;2;250;0;0;48;2;236;2;2m┊[0m[38;2;178;5;5m▍[7m[38;2;11;194;194m▃[0m[38;2;21;147;146;48;2;3;247;246m▁[48;2;0;252;251m [38;2;5;247;246;48;2;18;137;137m▆[38;2;20;222;221;48;2;13;96;95m▖[38;2;1;8;8;48;2;26;153;152m▄[38;2;4;28;27;48;2;11;243;242m▃[38;2;6;43;42;48;2;9;246;245m▂[38;2;19;99;98;48;2;9;236;235m▂[38;2;24;192;191;48;2;15;218;218m╷[0m[38;2;19;206;205m▘ [0m
 [38;2;0;0;0m         [0m [7m[38;2;54;4;4m╴[0m[38;2;0;0;0;48;2;3;0;0m┈[48;2;1;4;4m┈[38;2;7;60;59;48;2;29;215;214m▆[38;2;13;94;93;48;2;10;237;236m▘[38;2;0;252;251;48;2;28;237;236m▇[38;2;5;245;244;48;2;23;116;115m▇[38;2;12;240;239;48;2;14;83;82m▖[38;2;8;71;70;48;2;17;197;196m▎[38;2;18;124;123;48;2;13;205;204m▗[38;2;13;103;102;48;2;12;219;218m▖[38;2;15;98;97;48;2;14;214;213m┭[38;2;9;86;85;48;2;20;160;159m┘[38;2;14;60;59;48;2;103;10;9m▆[38;2;4;1;1;48;2;187;6;6m▆[38;2;5;0;0;48;2;159;6;6m━[38;2;210;7;7;48;2;31;1;1m▂[38;2;188;6;5;48;2;8;0;0m▂[38;2;234;4;4;48;2;64;3;3m▂[38;2;211;5;4;48;2;43;1;1m▅[38;2;26;165;164;48;2;132;10;9m▗[38;2;9;230;229;48;2;56;30;30m▆[38;2;6;248;247;48;2;8;73;72m▇[38;2;50;58;57;48;2;9;226;225m▝[38;2;36;127;126;48;2;181;9;9m▖[38;2;117;5;5;48;2;198;6;6m┗[0m[38;2;85;5;4m▎ [0m [7m[38;2;17;223;222m▆[38;2;13;170;169m▄[38;2;20;211;210m▃[38;2;13;212;211m▁[38;2;10;192;191m▁[38;2;11;187;186m▁[38;2;12;215;214m▂[0m[38;2;13;229;228m▘  [0m
 [38;2;0;0;0m         [0m [38;2;16;187;186m▁[38;2;10;231;230m▃[38;2;8;229;228;48;2;4;31;30m▆[38;2;0;252;251;48;2;3;247;246m┈[48;2;0;252;251m  [48;2;5;240;239m╴[38;2;8;248;247;48;2;10;62;61m▘[38;2;0;5;5;48;2;16;197;196m▅[38;2;0;6;5;48;2;18;220;219m▅[38;2;0;1;1;48;2;19;191;190m▅[38;2;1;9;9;48;2;26;176;175m▅[38;2;0;1;1;48;2;17;185;184m▄[38;2;0;4;4;48;2;26;160;159m▄[38;2;0;0;0;48;2;0;1;1m┈[38;2;209;7;6;48;2;15;0;0m▝[38;2;34;1;1;48;2;248;0;0m▄[38;2;35;2;2;48;2;248;1;1m▄[38;2;5;0;0;48;2;209;4;4m▄[48;2;119;4;4m▆[38;2;23;236;235;48;2;8;43;43m▝[38;2;0;252;251;48;2;4;245;244m┈[48;2;0;252;251m  [48;2;5;245;244m┈[38;2;7;233;232;48;2;101;40;39m▅[38;2;13;189;188;48;2;128;11;11m▃[0m [38;2;11;72;72m           [0m
 [38;2;0;0;0m     [0m [38;2;16;125;125m▄[38;2;8;211;210m▄[38;2;13;221;220m▆[38;2;10;233;232;48;2;22;93;93m▇[38;2;23;132;131;48;2;1;251;250m▁[38;2;4;76;75;48;2;2;251;250m▁[38;2;0;22;21;48;2;6;241;240m▁[38;2;0;9;9;48;2;6;237;236m▂[38;2;5;30;29;48;2;6;246;245m▄[38;2;0;5;5;48;2;14;195;194m▅[38;2;2;16;16;48;2;12;101;100m▉[38;2;15;230;229;48;2;10;44;43m▅[38;2;13;169;168;48;2;1;6;6m▃[38;2;0;0;0;48;2;0;3;3m┈┈[38;2;10;54;54;48;2;0;0;0m▁      [38;2;0;0;0;48;2;2;12;12m┈[38;2;13;210;209;48;2;6;39;38m▄[38;2;26;182;181;48;2;2;18;17m▍[38;2;1;8;8;48;2;17;143;142m▇[38;2;2;19;19;48;2;9;230;229m▅[38;2;5;28;27;48;2;6;243;242m▃[38;2;12;68;68;48;2;2;251;250m▂[38;2;24;133;133;48;2;1;252;251m▁[38;2;0;252;251;48;2;2;251;250m┈[48;2;3;242;241m┈[0m[38;2;5;248;247m▆[38;2;6;234;233m▅[38;2;11;224;223m▄[38;2;23;192;191m▃[0m [38;2;0;0;0m      [0m
 [38;2;0;0;0m        [0m   [38;2;0;0;0m [38;2;146;5;4m▝[38;2;233;3;3;48;2;54;0;0m▇[38;2;61;3;3;48;2;227;3;3m▝[38;2;136;5;4;48;2;8;0;0m▂[38;2;0;0;0;48;2;2;1;1m┈[38;2;11;28;27;48;2;14;188;187m▃[38;2;73;14;13;48;2;8;240;239m▂[38;2;24;209;208;48;2;86;28;28m▘[38;2;220;4;4;48;2;32;113;112m▄[38;2;236;3;2;48;2;30;62;62m▅[38;2;235;3;2;48;2;9;0;0m▆[38;2;237;4;4;48;2;30;0;0m▆[38;2;237;3;3;48;2;18;0;0m▆[38;2;243;2;2;48;2;29;1;1m▅[38;2;233;3;3;48;2;31;58;58m▄[38;2;191;9;9;48;2;21;115;114m▃[38;2;89;29;29;48;2;14;220;219m▂[38;2;10;29;29;48;2;9;219;219m▃[38;2;0;0;0;48;2;6;18;18m┊[38;2;182;7;7;48;2;12;0;0m▁[38;2;5;0;0;48;2;183;4;4m▘[38;2;241;2;2;48;2;59;1;1m▇[38;2;176;4;4;48;2;32;0;0m▆[0m[38;2;78;7;7m╸[7m[38;2;5;86;85m▇[38;2;41;159;158m▇[38;2;48;183;182m▇[38;2;38;151;150m▇[38;2;14;101;100m▇[0m [38;2;0;0;0m       [0m
 [38;2;0;0;0m             [7m[38;2;122;5;5m▆[38;2;222;3;3m▄[38;2;233;3;3m▃[0m[38;2;95;4;4;48;2;229;5;5m▃[38;2;144;5;5;48;2;231;4;3m▃[38;2;161;5;5;48;2;237;4;4m▃[38;2;114;3;3;48;2;226;3;3m─[38;2;58;1;1;48;2;192;5;5m┮[38;2;25;0;0;48;2;182;4;3m╸[38;2;235;3;3;48;2;73;4;4m▅[38;2;229;3;3;48;2;30;0;0m▅[38;2;232;3;3;48;2;52;1;1m▅[38;2;41;0;0;48;2;169;4;4m╺[38;2;134;8;7;48;2;215;4;4m━[38;2;165;6;6;48;2;226;3;2m┒[38;2;146;6;6;48;2;240;2;2m▂[38;2;145;7;7;48;2;237;2;2m▂[38;2;40;0;0;48;2;226;4;3m▁[0m[7m[38;2;235;3;2m▂[38;2;236;1;1m▄[38;2;184;4;4m▆[0m [38;2;0;0;0m              [0m
 [38;2;0;0;0m                [7m[38;2;95;6;6m▇[38;2;204;3;3m▅[38;2;209;2;2m▃[0m[38;2;47;1;1;48;2;192;6;5m▖[38;2;153;6;6;48;2;245;1;1m▘[48;2;251;0;0m    [38;2;251;0;0;48;2;250;0;0m┈[38;2;160;7;6;48;2;224;4;4m▝[0m[7m[38;2;223;4;4m▃[38;2;235;2;2m▄[38;2;159;8;7m▅[0m [38;2;0;0;0m                  [0m
 [38;2;0;0;0m                   [7m[38;2;83;4;4m▇[38;2;198;4;3m▄[38;2;241;2;2m▃[38;2;230;1;1m▂[38;2;221;2;2m▂[38;2;230;1;1m▂[38;2;237;2;2m▃[38;2;213;4;4m▅[0m [38;2;0;0;0m                     [0m[u[0m [38;2;0;0;0m                               [0m  [38;2;0;0;0m                [0m
 [38;2;0;0;0m                             [38;2;124;6;5m▁[38;2;197;8;8m▃[38;2;66;3;3;48;2;172;10;9m▚[0m [38;2;0;0;0m           [0m [38;2;104;6;6m▂   [0m
 [38;2;0;0;0m                          [0m [38;2;213;7;7m▗[38;2;226;6;6m▆[38;2;41;1;1;48;2;204;8;7m▗[0m[7m[38;2;143;8;7m▅[0m [38;2;0;0;0m      [0m [38;2;147;8;7m▆[0m [38;2;4;0;0m  [0m [7m[38;2;150;8;7m▘[0m[38;2;234;6;6;48;2;226;7;7m┊[0m[38;2;188;7;7m▅[0m [38;2;0;0;0m [0m
   [38;2;0;0;0m                        [38;2;223;5;5m▗[38;2;243;2;1;48;2;240;2;2m┊[38;2;238;3;2;48;2;186;9;9m▉[0m[38;2;75;3;3m▍  [38;2;62;9;7m▁    [38;2;93;5;5m▁[7m[38;2;191;5;4m▘[0m[38;2;214;5;5;48;2;104;6;6m▉[0m[38;2;40;2;2m▏  [38;2;53;1;1m▝[38;2;80;2;2;48;2;211;9;9m▖[38;2;242;2;1;48;2;229;4;4m╴[0m[7m[38;2;167;7;7m▄[0m [38;2;0;0;0m [0m
 [38;2;0;0;0m [0m  [38;2;0;0;0;48;2;11;1;1m┈[0m[38;2;0;0;0m╴         [7m[38;2;118;7;7m▘[0m[38;2;73;7;6m▘     [38;2;88;5;4m▂[0m [38;2;0;0;0m   [38;2;36;0;0;48;2;220;5;5m▎[38;2;251;0;0;48;2;246;0;0m▃▃[38;2;109;5;4;48;2;242;2;2m▝[0m[38;2;193;4;4m▄[38;2;218;3;3m▄[38;2;157;9;9m▘ [0m [38;2;19;1;1m [38;2;88;5;5m╶[7m[38;2;176;7;7m▃[38;2;190;4;4m▅[38;2;73;5;4m▇[0m[38;2;3;0;0m    [38;2;80;4;4m▝[38;2;173;11;11m▘   [0m
 [38;2;0;0;0m  [38;2;78;2;2m▁[38;2;7;0;0;48;2;199;2;2m▘[38;2;79;3;3;48;2;40;0;0m╴[0m[38;2;79;3;3m        [38;2;217;6;5m▗[38;2;211;4;4;48;2;120;4;3m╴[0m [38;2;0;0;0m    [7m[38;2;51;1;1m▊[0m[38;2;192;7;7;48;2;66;2;2m▊[0m [38;2;0;0;0m  [0m [38;2;111;3;3;48;2;237;2;2m▎[48;2;251;0;0m    [38;2;103;5;5;48;2;234;2;2m▝[0m[38;2;209;4;3m▃[38;2;213;2;2m▅[38;2;174;5;5m▌   [38;2;129;10;9m▁[0m  [38;2;125;5;5m▅[0m [38;2;2;0;0m      [0m
 [38;2;0;0;0m [7m[38;2;46;1;1m▊[0m[38;2;147;3;3;48;2;240;1;1m▘[38;2;231;1;1;48;2;39;2;2m▊[0m [38;2;0;0;0m       [0m [38;2;122;6;6;48;2;244;2;1m▎[0m[38;2;198;4;4m▋[0m [38;2;0;0;0m [0m [38;2;132;6;6m▃[0m [38;2;141;4;4m▗[38;2;173;4;3;48;2;243;2;2m▏[0m[7m[38;2;237;2;2m▝[0m[38;2;215;3;3m▃[38;2;236;2;2m▃[38;2;100;4;4;48;2;241;1;1m▘[48;2;251;0;0m    [38;2;175;4;4;48;2;245;1;1m▁[0m[7m[38;2;215;3;3m▃[38;2;193;5;5m▖[0m[38;2;72;3;3;48;2;231;3;3m▗[0m [38;2;52;2;2m [38;2;150;5;5m▗[38;2;213;4;4m▆[38;2;160;10;10m▘[38;2;83;4;4m▁[7m[38;2;165;7;7m▚[0m[38;2;149;4;4m▘[38;2;74;6;6m▖    [38;2;91;7;6m▗[0m [0m
 [38;2;0;0;0m [0m [7m[38;2;45;1;1m╴[0m[38;2;59;2;2;48;2;149;1;1m╴[0m[7m[38;2;112;2;2m▝[0m [38;2;0;0;0m      [0m [38;2;237;3;3m▝[38;2;250;0;0;48;2;233;3;3m┈[0m[7m[38;2;150;4;4m▝[0m[38;2;29;1;1m▁ [7m[38;2;133;6;5m▌[0m[38;2;247;1;1;48;2;159;3;3m▇[38;2;251;0;0;48;2;247;1;0m┈[48;2;251;0;0m        [38;2;245;2;2;48;2;189;7;7m▉[0m[38;2;136;5;5m▘[38;2;170;7;7m▅[38;2;56;6;5m▝[0m  [38;2;197;3;3m▃[38;2;250;0;0;48;2;236;1;1m┈[38;2;251;0;0;48;2;244;1;1m╴[0m[38;2;117;5;5m▍[38;2;96;9;8m▝[0m [7m[38;2;174;6;6m▌[38;2;225;3;3m▝[0m[38;2;71;4;4m▖  [7m[38;2;49;2;2m▉[0m[38;2;191;7;7;48;2;75;3;3m▉[0m [0m
 [38;2;34;4;3m   [0m  [38;2;106;5;5;48;2;18;1;1m╺[0m[38;2;180;6;6m▄[38;2;86;4;4m▂    [38;2;55;2;2m┕[38;2;88;6;6m▄[7m[38;2;158;6;6m▌[0m[38;2;242;3;3;48;2;250;0;0m▏[38;2;37;1;1;48;2;182;6;6m▝[0m[38;2;183;6;6m▅[7m[38;2;177;7;7m▋[0m[38;2;242;3;3;48;2;251;0;0m▏         [38;2;251;0;0;48;2;247;1;1m┈[38;2;248;1;1;48;2;166;6;5m▇[38;2;251;0;0;48;2;248;1;1m┈[0m[38;2;245;2;2m▅[38;2;228;2;2m▆[38;2;245;1;1;48;2;124;5;5m▇[48;2;251;0;0m  [38;2;251;0;0;48;2;248;1;1m┈[0m[38;2;133;6;6m▌ [7m[38;2;83;4;4m▋[0m[38;2;249;1;1;48;2;238;3;2m┊[38;2;251;0;0;48;2;242;1;1m┈[0m[38;2;123;5;5m▋  [7m[38;2;58;2;2m▉[0m[38;2;126;5;5;48;2;232;3;3m▏[0m[38;2;157;5;4m▍[0m
[7m[38;2;136;7;7m▖[0m[38;2;116;4;3m▖[38;2;40;4;4m▗[38;2;118;7;7m▄[0m [38;2;59;6;5m▂[0m [38;2;117;4;4m▝[38;2;38;1;1;48;2;203;4;4m▖[0m[38;2;229;3;3m▅[38;2;123;4;4m▃[0m [38;2;67;6;5m▁ [38;2;168;10;10m▗[38;2;31;1;1;48;2;93;5;5m▉[38;2;166;9;8;48;2;242;2;2m▏[38;2;247;0;0;48;2;250;0;0m▁[38;2;159;7;7;48;2;248;0;0m▝[38;2;232;2;2;48;2;152;4;3m▇[38;2;247;0;0;48;2;251;0;0m▁▁▁▁▁[38;2;248;0;0m▂[38;2;240;2;2;48;2;181;5;5m▉[38;2;104;4;3;48;2;243;2;2m▖[38;2;251;0;0;48;2;250;0;0m┈[38;2;124;5;5;48;2;246;1;1m▂[38;2;70;4;4;48;2;232;3;3m▄[38;2;58;2;2;48;2;215;5;4m▖[38;2;247;0;0;48;2;251;0;0m▁▁▁[38;2;122;5;5;48;2;245;2;1m▗[38;2;170;4;4;48;2;244;1;1m▁[38;2;248;0;0;48;2;251;0;0m▁[38;2;251;0;0;48;2;248;0;0m┈[0m[7m[38;2;177;4;4m▝[0m [7m[38;2;133;6;6m▘[38;2;160;4;4m▗[38;2;85;3;3m▆[0m[38;2;202;8;7m▗[7m[38;2;126;5;5m▝[0m[38;2;3;0;0m  [38;2;209;6;5m▝[38;2;196;6;6m▊[0m
 [7m[38;2;182;6;5m▖[0m[38;2;187;9;9m▖[38;2;126;6;6m▝[7m[38;2;170;7;7m▝[38;2;126;6;5m▘[0m[38;2;190;7;6m▅[38;2;191;4;4m▄[38;2;59;3;3m▖[38;2;16;0;0;48;2;180;5;5m▖[38;2;247;0;0;48;2;237;2;2m╴[0m[38;2;118;5;4m▌[7m[38;2;85;5;5m▖[0m[38;2;161;7;6m▄[7m[38;2;204;5;5m▍[0m[38;2;41;1;1;48;2;220;4;3m▝[38;2;231;5;4;48;2;93;4;4m▝[38;2;247;0;0;48;2;240;1;1m┊[48;2;247;0;0m [48;2;239;1;1m┈[48;2;241;1;1m┈[48;2;247;0;0m [48;2;246;0;0m┈[48;2;247;0;0m [38;2;147;6;6;48;2;244;1;1m▗[38;2;94;3;3;48;2;229;3;3m▅[38;2;223;3;3;48;2;80;3;3m▄[38;2;62;3;3;48;2;170;8;8m▘[38;2;223;4;4;48;2;97;3;3m▘[38;2;220;3;3;48;2;53;2;2m▅[38;2;243;1;1;48;2;158;9;8m▇[38;2;83;0;0;48;2;175;8;8m┃[38;2;238;4;4;48;2;247;0;0m▏ [38;2;247;0;0;48;2;246;0;0m┈[38;2;191;7;7;48;2;52;2;2m▍[38;2;217;12;11;48;2;53;2;1m▁[38;2;134;7;6;48;2;239;2;2m▖[48;2;247;0;0m [38;2;248;0;0;48;2;244;1;1m┊[38;2;74;4;3;48;2;157;7;6m╏[38;2;232;5;5;48;2;175;7;6m▉[0m[38;2;89;3;3m▎[38;2;136;8;7m▄[7m[38;2;194;5;5m▎[0m[38;2;247;0;0;48;2;239;1;1m┈[0m[38;2;200;8;8m▖ [7m[38;2;41;1;1m▉[0m[38;2;123;8;8m▘[0m
[38;2;30;2;2m▂[0m [7m[38;2;61;4;4m▅[0m [7m[38;2;96;4;4m▌[0m[38;2;246;0;0;48;2;230;3;2m┊[38;2;247;0;0;48;2;221;8;7m▇[38;2;134;7;7;48;2;225;4;3m╺[38;2;176;7;7;48;2;68;3;3m▚[0m[7m[38;2;53;3;3m▚[0m[38;2;48;2;2;48;2;211;5;5m▖[38;2;224;7;7;48;2;44;2;2m▍[0m[38;2;16;118;117m▁[7m[38;2;109;8;7m▖[0m[38;2;165;4;4;48;2;231;3;3m▁[48;2;247;0;0m [38;2;244;1;1;48;2;182;5;5m▇[38;2;164;5;5;48;2;237;3;3m▘[48;2;247;0;0m [38;2;238;2;2;48;2;170;4;4m▉[38;2;163;6;5;48;2;53;2;2m▖[38;2;22;1;1;48;2;207;5;5m▅[38;2;87;5;5;48;2;168;7;7m▆[38;2;128;6;6;48;2;225;4;4m╸[38;2;81;2;2;48;2;178;6;6m▝[38;2;246;1;1;48;2;237;2;2m┈[48;2;247;0;0m [38;2;95;3;3;48;2;240;2;2m▝[38;2;231;2;2;48;2;160;5;4m▇[48;2;247;0;0m [38;2;247;0;0;48;2;243;1;1m┊[38;2;89;2;2;48;2;172;8;7m┃[38;2;100;4;3;48;2;232;2;2m▂[38;2;150;10;10;48;2;215;3;3m╴[38;2;246;1;0;48;2;247;0;0m┈[38;2;247;0;0;48;2;233;7;6m▇[48;2;247;0;0m [48;2;241;4;3m▇[48;2;247;0;0m  [38;2;154;5;5;48;2;240;2;2m▝[38;2;120;4;4;48;2;216;5;5m▌[38;2;207;5;5;48;2;45;0;0m▊[0m[38;2;212;5;5m▝[38;2;185;3;3;48;2;238;2;2m▏[38;2;247;0;0;48;2;243;1;1m┈[0m[38;2;147;4;4m▋   [0m
[38;2;24;1;1;48;2;179;5;5m▌[0m[38;2;161;2;2m▌ [0m [38;2;122;7;7m▃[0m [7m[38;2;177;5;4m▅[38;2;48;13;13m┈[0m[38;2;12;187;186m▆[38;2;7;241;240;48;2;19;37;37m▅[38;2;10;233;232;48;2;39;109;108m▆[38;2;11;215;214;48;2;76;54;53m▄[38;2;27;228;227;48;2;5;250;249m▏[38;2;0;252;251;48;2;5;246;245m┈[38;2;13;207;206;48;2;62;58;57m▄[38;2;76;15;15;48;2;234;3;3m▖[38;2;250;0;0;48;2;243;2;2m╴[48;2;240;2;2m┈[38;2;207;8;7;48;2;247;1;1m▁[38;2;248;0;0;48;2;249;0;0m┈[38;2;251;0;0;48;2;247;1;1m┈[38;2;240;2;2;48;2;89;4;4m▆[38;2;27;1;1;48;2;184;7;6m▘[38;2;248;0;0;48;2;250;0;0m▎[38;2;251;0;0;48;2;247;0;0m▇[48;2;248;0;0m▇[48;2;249;0;0m┈[38;2;225;6;6m▁[38;2;251;0;0;48;2;248;0;0m▇[48;2;250;0;0m┈[38;2;36;0;0;48;2;191;5;4m▗[38;2;172;15;14;48;2;89;6;5m╹[38;2;50;1;1;48;2;209;4;3m▘[38;2;251;0;0;48;2;250;0;0m┈[48;2;248;0;0m▇▇[48;2;243;1;1m╴[38;2;57;2;2;48;2;235;2;2m▃[38;2;23;1;1;48;2;237;3;3m▅[38;2;19;0;0;48;2;233;4;4m▅[38;2;73;3;2;48;2;235;3;3m▖[38;2;204;8;7;48;2;114;4;4m▎[0m[38;2;174;8;7m▊[38;2;230;5;5m▗[38;2;227;3;3;48;2;160;4;4m▉[0m[38;2;179;5;4m▘[38;2;122;8;7m▃[0m [38;2;0;0;0m  [0m
[7m[38;2;164;2;2m▖[0m[38;2;191;3;3;48;2;25;1;1m▋[0m  [38;2;55;2;2;48;2;224;7;6m▌[38;2;209;6;6;48;2;39;0;0m▌[0m[38;2;78;5;5m▅[38;2;18;241;240;48;2;11;67;67m▝[38;2;12;65;64;48;2;13;215;214m▅[38;2;9;50;50;48;2;25;203;202m▆[38;2;2;11;10;48;2;25;194;193m▆[38;2;6;48;48;48;2;25;207;206m▆[38;2;14;73;72;48;2;17;202;201m━[38;2;12;67;66;48;2;20;179;178m▗[38;2;1;28;27;48;2;24;169;168m▁[38;2;186;7;7;48;2;21;18;18m▝[38;2;130;7;6;48;2;235;3;3m▁[38;2;87;2;2;48;2;198;7;7m▚[38;2;141;6;6;48;2;212;5;5m▝[38;2;185;10;10;48;2;245;2;2m▏[38;2;249;0;0;48;2;251;0;0m▁ [38;2;251;0;0;48;2;249;0;0m▇[38;2;248;0;0;48;2;251;0;0m▗[38;2;105;4;4;48;2;222;5;4m▗[38;2;221;11;10;48;2;245;2;2m▏[38;2;192;6;6;48;2;121;5;4m▚[38;2;248;1;0;48;2;239;2;2m┊[48;2;251;0;0m [38;2;250;0;0;48;2;240;3;3m▉[38;2;196;5;5;48;2;73;4;4m▂[38;2;238;3;3;48;2;179;5;4m▇[48;2;251;0;0m  [38;2;251;0;0;48;2;248;1;1m┈[38;2;76;3;3;48;2;230;2;2m▃[38;2;143;5;4;48;2;9;0;0m▘[48;2;0;0;0m   [38;2;12;0;0;48;2;159;9;9m▊[38;2;232;4;4;48;2;170;5;5m▇[38;2;60;6;5;48;2;148;8;7m▝[38;2;132;5;4;48;2;236;3;3m▏[38;2;215;8;8;48;2;78;2;2m▌[38;2;112;5;5;48;2;240;3;3m▘[0m[38;2;206;6;6m▋   [0m
 [7m[38;2;113;3;3m▅[0m[38;2;64;5;4;48;2;20;2;2m╍[38;2;122;10;10;48;2;5;0;0m▄[38;2;93;4;4;48;2;237;3;3m▎[38;2;133;4;4;48;2;238;3;3m▝[38;2;231;4;4;48;2;140;6;6m▉[38;2;85;4;4;48;2;10;0;0m▏[38;2;33;134;133;48;2;3;20;20m┗[38;2;8;49;48;48;2;20;174;173m▘[38;2;7;81;80;48;2;20;216;215m╴[38;2;20;114;113;48;2;28;209;208m▋[38;2;13;93;92;48;2;27;159;158m╱[38;2;141;10;10;48;2;31;109;108m▄[38;2;146;6;6;48;2;32;123;123m▅[38;2;113;5;5;48;2;21;104;104m▖[38;2;27;113;112;48;2;13;14;14m▏[38;2;6;0;0;48;2;109;12;11m▇[38;2;225;7;7;48;2;45;2;1m▝[38;2;41;0;0;48;2;239;2;2m▁[38;2;115;5;5;48;2;206;4;4m▂[38;2;178;6;6;48;2;239;2;2m▏[38;2;122;3;3;48;2;238;3;3m▗[38;2;231;7;7;48;2;249;0;0m▎[38;2;205;8;8;48;2;68;2;2m▍[38;2;90;4;3;48;2;226;5;5m▖[38;2;97;4;3;48;2;189;7;6m▚[38;2;167;4;4;48;2;246;1;1m▂[48;2;251;0;0m   [38;2;249;0;0m▁[38;2;176;7;7;48;2;248;1;1m▁[38;2;40;2;2;48;2;225;2;2m▃[38;2;135;7;6;48;2;31;1;1m▚[38;2;99;7;6;48;2;2;0;0m▖[48;2;0;0;0m    [38;2;13;0;0;48;2;153;7;7m▊[38;2;219;13;12;48;2;249;0;0m▏[38;2;225;6;6;48;2;242;2;2m╷[38;2;251;0;0;48;2;249;0;0m┈[38;2;91;4;3;48;2;174;8;7m╽[38;2;232;8;8;48;2;248;0;0m▏[0m[38;2;186;5;5m▌   [0m
 [38;2;0;0;0m [0m [38;2;76;4;3;48;2;189;8;8m▖[38;2;251;0;0;48;2;247;0;0m▇[48;2;251;0;0m  [38;2;205;5;5;48;2;70;4;4m▌[38;2;40;6;5;48;2;2;1;1m╴[38;2;0;0;0;48;2;1;10;10m┈[38;2;7;53;52;48;2;21;212;211m▆[38;2;6;52;51;48;2;25;154;153m▅[38;2;12;82;81;48;2;30;159;158m▁[38;2;34;136;135;48;2;120;10;10m▆[38;2;37;165;164;48;2;121;20;19m▄[38;2;53;78;77;48;2;32;174;173m▘[38;2;17;233;232;48;2;22;126;125m▅[38;2;2;18;18;48;2;11;80;80m▉[38;2;22;238;237;48;2;0;9;9m▄[38;2;27;99;98;48;2;5;10;10m▏[38;2;224;7;7;48;2;104;8;7m▗[38;2;148;5;5;48;2;183;6;6m▁[38;2;246;1;1;48;2;143;5;5m▅[38;2;251;0;0;48;2;250;0;0m┈[48;2;246;1;1m┈[38;2;240;2;1;48;2;73;3;3m▅[38;2;225;6;6;48;2;100;4;4m▃[38;2;29;0;0;48;2;166;10;9m━[38;2;72;4;3;48;2;237;5;5m▅[38;2;7;0;0;48;2;219;2;2m▄[38;2;14;0;0;48;2;232;4;4m▅[38;2;11;0;0;48;2;209;7;6m▆[38;2;3;0;0;48;2;80;3;3m▇[38;2;109;8;8;48;2;33;2;2m▝[38;2;13;1;1;48;2;148;7;7m▄[38;2;117;6;6;48;2;1;0;0m▘[48;2;0;0;0m  [38;2;0;0;0;48;2;1;0;0m┈[38;2;159;5;5;48;2;17;1;1m▂[38;2;83;3;3;48;2;234;4;4m▘[38;2;173;7;6;48;2;238;2;2m▃[38;2;163;7;7;48;2;232;4;4m┛[38;2;250;0;0;48;2;248;1;1m▇[38;2;42;1;1;48;2;191;5;5m▗[0m[7m[38;2;171;7;7m▄[0m [38;2;0;0;0m   [0m
 [38;2;0;0;0m  [38;2;111;7;7m▝[38;2;92;3;3;48;2;236;2;2m▂[38;2;251;0;0;48;2;249;0;0m┈[48;2;229;4;4m╴[38;2;101;7;6;48;2;11;0;0m▏[38;2;3;24;24;48;2;26;167;166m▌[38;2;17;100;99;48;2;14;220;219m▁[38;2;16;215;214;48;2;16;107;106m▅[38;2;18;220;219;48;2;8;52;52m▄[38;2;11;246;245;48;2;16;85;84m▂[38;2;26;206;205;48;2;22;113;112m▂[38;2;23;189;188;48;2;14;119;118m┻[38;2;31;185;184;48;2;15;116;115m━[38;2;25;200;199;48;2;11;63;63m▂[38;2;12;244;243;48;2;3;20;19m▂[48;2;5;35;35m▃[38;2;22;149;149;48;2;4;10;9m▖[38;2;0;0;0;48;2;22;13;12m┈[38;2;186;7;7;48;2;23;43;42m▝[38;2;61;3;3;48;2;232;4;4m▆[38;2;86;4;4;48;2;219;4;4m▅[38;2;81;3;3;48;2;241;2;2m▁[48;2;250;0;0m [38;2;155;8;8;48;2;237;3;3m╺[38;2;129;6;6;48;2;174;7;7m┒[38;2;129;9;8;48;2;181;8;7m┖[38;2;155;8;8;48;2;95;4;4m▇[38;2;170;9;8;48;2;18;0;0m▆[38;2;177;8;8;48;2;8;0;0m▅[38;2;171;9;9;48;2;12;0;0m▄[38;2;152;8;8;48;2;2;0;0m▄[38;2;175;7;7;48;2;20;0;0m▃[38;2;165;5;5;48;2;2;0;0m▄[38;2;180;7;7;48;2;13;0;0m▄[38;2;190;7;7;48;2;20;0;0m▅[38;2;197;6;5;48;2;54;2;2m▇[38;2;159;6;6;48;2;235;3;3m━[38;2;155;6;6;48;2;208;5;5m▁[38;2;95;3;3;48;2;230;3;3m▃[38;2;146;5;5;48;2;239;2;2m╴[38;2;105;6;6;48;2;241;2;2m▗[0m[38;2;29;200;199m▂[38;2;19;119;118m▁    [0m
 [38;2;0;0;0m  [0m [38;2;152;12;11m─[7m[38;2;126;5;5m━[0m[38;2;64;4;3;48;2;232;4;4m▅[38;2;190;9;9;48;2;61;3;3m╾[38;2;22;171;170;48;2;16;9;9m▝[38;2;51;11;11;48;2;17;205;204m▃[38;2;7;39;39;48;2;27;193;193m▂[38;2;3;45;44;48;2;30;176;175m━[38;2;8;75;74;48;2;25;201;200m╴[38;2;22;142;141;48;2;20;229;228m╾[38;2;34;189;188;48;2;5;249;248m▄[38;2;12;79;79;48;2;21;221;220m▁[38;2;4;30;30;48;2;10;248;247m▄[38;2;0;3;3;48;2;10;239;238m▄[38;2;6;36;36;48;2;13;239;238m▅[38;2;25;116;115;48;2;4;30;29m▁[38;2;12;70;69;48;2;15;202;202m▍[38;2;2;2;2;48;2;17;175;174m▝[38;2;8;2;2;48;2;148;10;9m▆[38;2;140;7;7;48;2;17;0;0m▗[38;2;229;6;6;48;2;102;4;4m▖[38;2;153;6;6;48;2;243;3;3m▎[48;2;251;0;0m [38;2;245;1;1;48;2;156;4;4m▇[38;2;224;2;2;48;2;77;3;3m▅[38;2;36;0;0;48;2;169;5;5m╾[38;2;85;3;3;48;2;175;5;5m▂[38;2;64;1;1;48;2;199;5;4m╺[38;2;100;4;3;48;2;230;3;3m▄[38;2;35;1;1;48;2;238;3;3m▃[38;2;8;0;0;48;2;231;3;3m▂[38;2;18;0;0;48;2;233;3;3m▂[38;2;7;0;0;48;2;225;4;4m▂[38;2;34;0;0;48;2;232;3;3m▃[38;2;83;4;3;48;2;244;2;2m▅[38;2;20;0;0;48;2;177;5;5m━[38;2;212;5;4;48;2;67;2;2m▅[38;2;61;17;17;48;2;221;4;3m▂[38;2;22;107;106;48;2;169;4;3m▃[38;2;18;215;214;48;2;26;66;65m╼[38;2;16;231;230;48;2;19;139;138m▄[38;2;11;81;80;48;2;18;201;200m╾[0m[38;2;17;175;174m▆[38;2;16;169;168m▃[0m [38;2;0;0;0m [0m
 [38;2;0;0;0m    [0m [7m[38;2;28;2;2m▇[0m[38;2;151;9;8;48;2;18;1;1m▗[38;2;125;5;5;48;2;8;0;0m▖[38;2;166;12;11;48;2;64;3;3m┗[38;2;10;0;0;48;2;1;0;0m▏[48;2;0;0;0m [38;2;0;0;0;48;2;0;1;1m┈[48;2;0;25;24m▇[48;2;0;1;1m┈[38;2;27;196;195;48;2;2;12;12m▁[38;2;15;243;242;48;2;0;10;10m▂[38;2;13;245;244;48;2;0;7;7m▂[38;2;9;49;49;48;2;10;232;231m▘[38;2;0;252;251;48;2;4;247;246m┈[38;2;18;193;192;48;2;3;38;37m▋[38;2;18;120;119;48;2;9;245;244m▎[38;2;8;239;238;48;2;12;67;66m▇[38;2;25;141;141;48;2;23;11;11m▎[38;2;222;5;5;48;2;54;2;2m▗[38;2;151;5;5;48;2;231;3;3m▁[38;2;106;3;3;48;2;241;2;2m▖[48;2;251;0;0m  [38;2;232;5;5;48;2;250;0;0m▁[38;2;241;2;1;48;2;120;5;5m▆[38;2;53;2;2;48;2;168;6;6m▚[38;2;41;1;1;48;2;227;3;3m▃[38;2;224;3;3;48;2;122;5;5m▇[38;2;247;1;1;48;2;67;2;2m▆[48;2;52;1;1m▆[38;2;241;2;2;48;2;61;0;0m▇[38;2;251;0;0;48;2;229;3;3m┈[38;2;34;130;130;48;2;202;7;6m▃[38;2;12;221;220;48;2;140;6;6m▅[38;2;14;227;226;48;2;25;90;89m▂[38;2;17;119;118;48;2;13;221;220m▂[38;2;0;252;251;48;2;2;251;250m┈[38;2;10;232;231;48;2;16;129;128m▆[38;2;31;195;194;48;2;10;64;64m▁[38;2;10;68;68;48;2;12;230;229m▅[38;2;0;48;47;48;2;18;185;184m▁[38;2;18;122;121;48;2;16;231;230m▌[0m[38;2;15;187;186m▋ [0m
 [38;2;0;0;0m      [0m [7m[38;2;107;6;6m▃[0m[38;2;1;0;0;48;2;0;0;0m┈[38;2;0;0;0m┈[38;2;59;4;3;48;2;1;0;0m▁[48;2;0;0;0m [38;2;1;8;8;48;2;18;83;82m▉[38;2;10;58;57;48;2;11;228;227m▘[38;2;13;117;116;48;2;7;241;240m▂[38;2;20;102;101;48;2;4;250;249m▃[38;2;10;85;84;48;2;4;249;248m▂[38;2;0;252;251;48;2;12;242;241m╴[38;2;20;220;219;48;2;10;107;107m▗[38;2;9;238;237;48;2;12;79;78m▄[38;2;0;252;251;48;2;3;250;249m┈[38;2;3;251;250;48;2;49;217;216m▉[38;2;20;119;118;48;2;3;10;10m▏[38;2;139;7;6;48;2;77;5;5m┒[38;2;220;3;3;48;2;97;4;4m▅[38;2;251;0;0;48;2;243;1;1m┈[38;2;23;0;0;48;2;226;3;3m▗[38;2;37;1;1;48;2;206;5;5m▆[38;2;218;4;4;48;2;81;3;3m▄[38;2;95;4;4;48;2;231;3;3m▁[38;2;200;7;7;48;2;33;1;1m▘[38;2;168;8;8;48;2;12;0;0m▃[38;2;155;6;6;48;2;32;1;1m▄[38;2;67;2;2;48;2;154;5;5m╺[38;2;112;4;4;48;2;219;3;3m▄[38;2;176;6;5;48;2;243;1;1m▁[0m[38;2;174;6;6m▍[7m[38;2;12;209;208m▄[0m[38;2;16;117;116;48;2;4;244;243m▁[48;2;0;252;251m [38;2;6;239;238;48;2;15;114;113m▇[38;2;25;222;221;48;2;12;92;91m▖[38;2;0;6;5;48;2;23;149;148m▄[38;2;2;15;15;48;2;11;239;238m▃[38;2;0;20;20;48;2;9;246;245m▂[38;2;14;96;95;48;2;13;241;240m▂[38;2;13;223;222;48;2;21;194;193m▉[0m[38;2;21;192;191m▘ [0m
 [38;2;0;0;0m         [0m [7m[38;2;52;4;3m╴[0m[38;2;0;0;0;48;2;3;0;0m┈[48;2;1;3;3m┈[38;2;6;63;63;48;2;29;194;193m▆[38;2;14;102;101;48;2;8;241;240m▘[38;2;0;252;251;48;2;15;247;246m▇[38;2;4;248;247;48;2;24;140;139m▇[38;2;13;243;242;48;2;12;81;80m▖[38;2;9;78;77;48;2;17;201;200m▎[38;2;16;83;82;48;2;16;200;199m╺[38;2;12;75;74;48;2;12;214;213m╼[38;2;14;84;83;48;2;16;217;216m┭[38;2;6;50;49;48;2;20;174;173m─[38;2;36;173;172;48;2;34;36;35m▁[38;2;16;1;1;48;2;230;7;7m▇[38;2;16;0;0;48;2;153;6;6m━[38;2;228;6;6;48;2;31;1;1m▂[38;2;206;6;6;48;2;10;0;0m▂[38;2;215;3;3;48;2;45;2;2m▃[38;2;215;4;4;48;2;44;2;2m▅[38;2;34;112;111;48;2;144;18;18m▃[38;2;7;234;233;48;2;48;42;42m▆[38;2;3;251;250;48;2;19;110;110m▇[38;2;45;70;69;48;2;8;233;232m▝[38;2;26;141;140;48;2;176;11;11m▖[38;2;122;4;4;48;2;199;6;6m┗[0m[38;2;90;6;5m▎ [0m [7m[38;2;20;206;205m▆[38;2;15;163;162m▄[38;2;18;214;213m▃[38;2;10;233;232m▂[38;2;12;200;199m▁[38;2;11;189;189m▁[38;2;11;236;235m▃[0m[38;2;11;217;216m▘  [0m
 [38;2;0;0;0m         [0m [38;2;16;154;153m▂[38;2;9;205;204m▄[38;2;6;234;233;48;2;5;47;46m▆[38;2;0;252;251;48;2;2;250;249m┈[48;2;0;252;251m  [38;2;21;150;149;48;2;3;247;246m▁[38;2;8;247;246;48;2;10;56;55m▘[38;2;0;1;1;48;2;20;192;191m▅[48;2;22;217;216m▅[38;2;0;0;0;48;2;19;181;180m▅[38;2;0;5;5;48;2;27;173;172m▅[38;2;4;18;18;48;2;16;201;200m▅[38;2;0;0;0;48;2;26;157;156m▄[48;2;0;1;1m┈[38;2;200;7;7;48;2;11;0;0m▝[38;2;24;1;1;48;2;246;1;1m▄▄[38;2;20;1;1;48;2;233;2;2m▅[38;2;12;1;0;48;2;138;5;5m▇[38;2;20;232;231;48;2;6;37;37m▝[38;2;1;252;251;48;2;5;242;241m┈[48;2;0;252;251m  [38;2;0;252;251;48;2;4;246;245m┈[38;2;6;239;238;48;2;90;54;54m▅[38;2;11;207;206;48;2;124;13;13m▃[0m[38;2;15;102;101m▁           [0m
 [38;2;0;0;0m     [0m [38;2;22;167;166m▗[38;2;9;181;180m▅[38;2;11;223;222m▆[38;2;9;235;234;48;2;17;126;125m▇[38;2;4;66;65;48;2;1;252;251m▁[0m[7m[38;2;4;250;249m▁[0m[38;2;13;63;62;48;2;2;251;250m▂[38;2;10;44;44;48;2;3;251;250m▃[38;2;5;16;16;48;2;7;239;238m▄[38;2;3;16;16;48;2;13;226;226m▆[38;2;2;12;12;48;2;15;103;103m▉[38;2;14;232;231;48;2;7;53;52m▅[38;2;14;190;189;48;2;2;9;9m▃[38;2;0;0;0;48;2;0;5;5m┈[48;2;1;6;6m┈[38;2;21;82;81;48;2;0;0;0m▁    [38;2;0;0;0;48;2;0;1;1m┈[48;2;0;0;0m [38;2;16;92;92;48;2;0;5;5m▁[38;2;11;216;215;48;2;5;47;46m▄[38;2;28;192;191;48;2;2;18;17m▍[38;2;1;5;5;48;2;20;113;112m▇[38;2;2;13;13;48;2;13;224;223m▅[38;2;3;12;12;48;2;6;234;233m▃[38;2;11;47;47;48;2;4;250;249m▂[38;2;17;95;94;48;2;3;251;250m▁[38;2;28;237;236;48;2;0;252;251m▁[38;2;0;252;251;48;2;3;247;246m┈[0m[38;2;3;250;249m▆[38;2;6;243;242m▅[38;2;11;237;236m▄[38;2;27;205;204m▃[0m [38;2;0;0;0m      [0m
 [38;2;0;0;0m        [0m   [38;2;0;0;0m [38;2;161;6;5m▝[38;2;235;3;2;48;2;78;2;2m▇[38;2;71;3;3;48;2;235;3;3m▝[38;2;155;6;6;48;2;9;0;0m▂[38;2;34;0;0;48;2;0;1;1m▁[38;2;14;19;18;48;2;15;184;183m▃[38;2;94;8;8;48;2;7;232;232m▂[38;2;22;223;222;48;2;94;23;23m▘[38;2;233;3;3;48;2;33;98;97m▄[38;2;243;2;2;48;2;36;59;59m▅[38;2;240;3;2;48;2;19;0;0m▆[38;2;237;4;4;48;2;45;0;0m▆[38;2;241;3;3;48;2;27;0;0m▆[38;2;228;2;2;48;2;3;0;0m▆[38;2;239;2;2;48;2;38;60;60m▄[38;2;205;5;5;48;2;25;118;118m▃[38;2;113;20;20;48;2;16;226;225m▂[38;2;15;20;20;48;2;11;213;212m▃[38;2;0;0;0;48;2;9;15;15m┈[38;2;151;6;5;48;2;3;0;0m▂[38;2;6;0;0;48;2;192;4;4m▘[38;2;244;2;2;48;2;87;3;3m▇[0m[7m[38;2;163;3;3m▂[0m[38;2;72;4;4m╸[7m[38;2;2;42;41m▇[38;2;22;122;121m▇[38;2;28;135;134m▇[38;2;9;111;110m▇[38;2;5;56;56m▇[0m [38;2;0;0;0m       [0m
 [38;2;0;0;0m             [7m[38;2;108;4;4m▆[38;2;212;4;4m▄[38;2;227;3;2m▃[0m[38;2;95;4;4;48;2;233;5;5m▃[38;2;149;5;4;48;2;236;4;4m▃[38;2;165;8;8;48;2;215;3;3m┌[38;2;88;2;1;48;2;229;3;3m─[38;2;77;3;3;48;2;198;5;5m┳[38;2;31;1;1;48;2;181;4;4m╸[38;2;242;2;2;48;2;64;2;2m▅[38;2;237;3;3;48;2;25;0;0m▅[38;2;240;3;3;48;2;46;1;1m▅[38;2;83;2;2;48;2;177;4;4m┗[38;2;140;7;7;48;2;212;4;4m━[38;2;144;4;4;48;2;225;3;3m┐[38;2;152;6;6;48;2;238;2;2m▂[38;2;145;7;7;48;2;242;2;2m▂[0m[7m[38;2;226;3;3m▁[38;2;229;2;2m▂▄[38;2;169;5;5m▆[0m [38;2;0;0;0m              [0m
 [38;2;0;0;0m                [7m[38;2;81;5;5m▇[38;2;191;5;4m▅[38;2;236;3;3m▄[0m[38;2;46;1;1;48;2;187;5;5m▖[38;2;164;5;5;48;2;247;1;1m▘[48;2;251;0;0m     [38;2;162;7;7;48;2;228;4;3m▝[0m[7m[38;2;215;3;3m▃[38;2;231;3;3m▄[38;2;184;8;8m▆[0m [38;2;0;0;0m                  [0m
 [38;2;0;0;0m                   [0m [7m[38;2;219;3;3m▅[38;2;237;2;2m▃[38;2;248;1;1m▃[38;2;242;2;2m▃[38;2;247;1;1m▃[38;2;231;3;3m▃[38;2;204;3;3m▅[0m [38;2;0;0;0m                     [0m[u[0m [38;2;0;0;0m                               [0m  [38;2;0;0;0m                [0m
 [38;2;0;0;0m                             [38;2;102;5;5m▁[38;2;200;6;5m▃[7m[38;2;137;6;6m▗[0m [38;2;0;0;0m           [38;2;161;10;10m▗[0m [38;2;76;3;3m   [0m
 [38;2;0;0;0m                           [38;2;184;7;7m▗[38;2;216;6;5m▆[7m[38;2;206;6;6m▗[38;2;131;5;5m▅[0m [38;2;0;0;0m     [0m [7m[38;2;118;7;7m▌[0m[38;2;168;7;7m▅[0m [38;2;0;0;0m  [38;2;85;5;4m▁[38;2;61;3;2;48;2;226;7;6m▘[0m[7m[38;2;191;7;7m▝[0m [38;2;9;0;0m  [0m
   [38;2;0;0;0m                        [38;2;232;6;5m▗[38;2;242;2;1;48;2;237;4;3m┈[38;2;230;5;4;48;2;124;6;6m▉[0m[38;2;49;4;4m▏ [38;2;44;4;4m▁[0m [38;2;0;0;0m    [38;2;94;4;4m▁[38;2;56;2;2;48;2;218;7;6m▘[38;2;58;3;3;48;2;204;7;7m▗[0m [38;2;22;0;0m  [7m[38;2;148;8;8m▌[0m[38;2;229;7;7;48;2;194;11;10m▊[0m[7m[38;2;87;4;4m▗[0m [38;2;0;0;0m  [0m
 [38;2;0;0;0m [0m  [38;2;0;0;0;48;2;4;0;0m┈[0m[38;2;0;0;0m╴[0m [38;2;0;0;0m        [38;2;190;12;12m▗[38;2;43;1;1m▍     [38;2;88;6;6m▁[38;2;53;3;3m▖  [7m[38;2;74;0;0m▉[0m[38;2;160;12;11;48;2;236;4;4m▎[38;2;244;0;0;48;2;242;2;1m▄[48;2;243;1;1m┈[0m[7m[38;2;219;3;3m▝[0m[38;2;184;3;3m▄[7m[38;2;195;5;5m▘[0m[38;2;106;7;7m▍ [0m   [7m[38;2;149;7;7m▃[38;2;170;6;6m▆[0m [38;2;0;0;0m   [0m [7m[38;2;98;7;7m▄[0m[38;2;35;1;1m▏   [0m
 [38;2;0;0;0m  [0m [38;2;193;2;2;48;2;36;2;2m▄[38;2;207;1;1;48;2;90;1;1m╴[0m [38;2;0;0;0m       [7m[38;2;103;7;7m▉[0m[38;2;210;6;6;48;2;106;4;4m▊[0m[38;2;23;0;0m▏     [7m[38;2;192;7;7m▎[0m[38;2;94;4;3m▖  [0m [38;2;132;5;5;48;2;233;4;4m▎[38;2;251;0;0;48;2;247;0;0m▄▄▄▄[38;2;245;1;1;48;2;186;6;6m▊[0m[38;2;222;5;5m▃[38;2;226;2;2m▄[7m[38;2;182;5;5m▗[0m [38;2;0;0;0m [0m [38;2;131;12;11m▂[0m [38;2;27;3;2m [7m[38;2;162;8;8m▋[0m[38;2;107;6;6m▎      [0m
 [38;2;0;0;0m [0m [38;2;49;2;2;48;2;219;1;1m▎[38;2;245;1;1;48;2;84;2;2m▋[0m [38;2;0;0;0m        [7m[38;2;199;5;5m▍[0m[38;2;245;2;1;48;2;141;7;7m▊[0m[38;2;44;1;1m▏ [0m [38;2;144;6;6m▄[0m [38;2;133;4;4m▗[38;2;130;6;6;48;2;246;1;1m▘[38;2;234;1;1;48;2;132;4;4m▇[0m[38;2;213;3;3m▄[38;2;216;2;2m▄[38;2;99;4;3;48;2;238;1;1m▘[48;2;251;0;0m    [38;2;251;0;0;48;2;235;1;1m┈[0m[7m[38;2;213;2;2m▃[38;2;192;5;5m▖[0m[38;2;77;3;3;48;2;232;3;3m▗[0m[38;2;88;4;4m▘ [38;2;121;4;4m▗[38;2;81;3;3;48;2;226;4;4m▘[0m[38;2;123;6;6m▍[0m [7m[38;2;121;6;5m▘[0m[38;2;192;7;7m▘[38;2;77;6;5m▄    [38;2;92;7;6m▗[38;2;69;7;6m▖[0m
 [38;2;0;0;0m [0m  [38;2;79;3;2;48;2;147;2;2m╴[38;2;111;3;3;48;2;8;0;0m▅[0m [38;2;0;0;0m       [38;2;202;6;6m▝[38;2;250;0;0;48;2;236;2;2m┊[0m[7m[38;2;163;4;4m▝[0m [38;2;0;0;0m [7m[38;2;137;6;6m▍[0m[38;2;249;1;1;48;2;202;7;7m▇[38;2;251;0;0;48;2;248;1;1m┈[48;2;251;0;0m        [38;2;242;2;2;48;2;167;4;4m▉[0m[38;2;116;5;4m▚[38;2;149;6;6m▅[7m[38;2;66;6;6m▆[0m  [38;2;167;4;4m▃[38;2;235;2;1;48;2;146;3;3m▇[38;2;251;0;0;48;2;250;0;0m┈[0m[38;2;137;5;5m▌[38;2;53;4;4m▝[0m [38;2;197;6;5m▗[38;2;109;5;5;48;2;238;3;3m▝[0m[38;2;81;4;3m▖  [7m[38;2;76;3;2m▉[0m[38;2;203;7;6;48;2;124;5;5m▉[0m [0m
[38;2;49;8;7m▁   [0m  [38;2;68;3;3;48;2;16;1;1m╺[0m[38;2;168;6;6m▅[38;2;119;4;4m▂    [38;2;76;5;4m┕[38;2;95;6;5m▄[7m[38;2;170;6;6m▌[0m[38;2;251;0;0;48;2;249;1;1m┊[38;2;45;1;1;48;2;171;5;5m▝[0m[38;2;161;7;6m▆[38;2;15;0;0;48;2;160;6;6m▌[38;2;244;2;2;48;2;251;0;0m▏         [38;2;251;0;0;48;2;245;1;1m┈[38;2;249;1;1;48;2;185;4;4m▇[38;2;251;0;0;48;2;245;1;1m┈[0m[38;2;245;2;2m▅[38;2;226;2;2m▆[38;2;242;1;1;48;2;92;4;4m▇[48;2;251;0;0m  [38;2;251;0;0;48;2;242;2;2m╴[0m[38;2;122;4;3m▍ [7m[38;2;133;7;7m▋[0m[38;2;250;0;0;48;2;243;2;2m┊[38;2;167;6;5;48;2;246;1;1m▁[0m[38;2;168;7;6m▘  [7m[38;2;52;2;2m▉[0m[38;2;117;4;4;48;2;231;4;3m▏[0m[38;2;172;5;5m▌[0m
[7m[38;2;143;7;7m▖[0m[38;2;145;5;5m▖[38;2;67;8;7m╺[38;2;129;7;7m▄[0m [38;2;54;5;4m▖ [0m [38;2;35;1;1;48;2;208;4;4m▖[0m[38;2;227;2;2m▅[38;2;102;3;3m▃[0m [38;2;73;10;8m▁ [38;2;175;12;12m▗[38;2;35;1;1;48;2;88;4;4m▉[38;2;156;8;8;48;2;241;2;2m▏[38;2;250;0;0;48;2;251;0;0m┊[38;2;153;7;7;48;2;249;0;0m▝[38;2;240;1;1;48;2;166;4;4m▇[48;2;251;0;0m      [38;2;129;5;5;48;2;243;2;2m▗[38;2;109;5;4;48;2;244;2;2m▖[38;2;251;0;0;48;2;250;0;0m┈[38;2;104;3;3;48;2;245;1;1m▂[38;2;69;3;3;48;2;227;3;3m▄[38;2;65;3;2;48;2;218;4;4m▖[48;2;251;0;0m   [38;2;107;3;3;48;2;242;2;2m▗[38;2;174;6;6;48;2;244;1;1m▁[48;2;251;0;0m [38;2;251;0;0;48;2;244;1;1m┈[0m[7m[38;2;143;3;3m▝[0m [7m[38;2;169;8;8m▘[38;2;204;4;4m▅[38;2;84;3;3m▇[0m[38;2;214;6;6m▗[7m[38;2;134;5;4m▝[0m[38;2;2;0;0m  [7m[38;2;138;5;5m▌[0m[38;2;221;6;6m▋[0m
 [7m[38;2;177;6;5m▖[0m[38;2;198;10;9m▖[38;2;127;7;7m▝[7m[38;2;176;7;7m▝[0m[38;2;29;1;1;48;2;140;6;5m▘[0m[38;2;203;6;6m▅[38;2;209;4;4m▄[38;2;68;3;3m▖[38;2;19;0;0;48;2;186;5;5m▖[38;2;251;0;0;48;2;233;2;2m╴[0m[38;2;103;5;5m▌[7m[38;2;88;5;5m▖[0m[38;2;169;7;7m▄[7m[38;2;199;5;5m▍[0m[38;2;58;2;2;48;2;229;3;3m▝[38;2;228;5;5;48;2;93;3;3m▝[38;2;250;0;0;48;2;242;1;1m┊[38;2;248;0;0;48;2;250;0;0m▗[38;2;179;5;5;48;2;245;1;1m▁[38;2;200;7;7;48;2;249;0;0m▁[38;2;251;0;0;48;2;250;0;0m┈[38;2;233;5;5;48;2;251;0;0m▁[38;2;251;0;0;48;2;250;0;0m▉[38;2;109;4;4;48;2;243;2;2m▗[38;2;35;0;0;48;2;160;4;4m╼[38;2;237;2;2;48;2;75;3;3m▄[38;2;98;7;6;48;2;193;7;7m▚[38;2;219;4;4;48;2;97;4;4m▘[38;2;227;3;2;48;2;65;2;2m▅[38;2;246;1;1;48;2;185;9;9m▇[38;2;88;1;1;48;2;179;8;8m┃[38;2;244;1;1;48;2;250;0;0m▏[48;2;251;0;0m [38;2;250;0;0;48;2;237;4;4m▉[38;2;192;10;9;48;2;62;2;2m▎[38;2;193;8;7;48;2;52;2;1m▂[38;2;152;8;7;48;2;243;2;2m▖[48;2;251;0;0m [38;2;251;0;0;48;2;245;1;1m╴[38;2;79;5;4;48;2;159;8;8m╏[38;2;236;4;4;48;2;185;5;5m▉[0m[38;2;118;5;5m▖[38;2;152;8;7m▄[7m[38;2;199;5;5m▎[0m[38;2;251;0;0;48;2;242;1;1m╴[0m[38;2;182;6;6m▖ [38;2;44;3;2m▝[38;2;95;10;9m▘[0m
[38;2;42;3;3m▂[0m [7m[38;2;69;4;4m▆[0m [38;2;172;7;7m▝[38;2;176;4;4;48;2;238;2;2m▁[38;2;247;0;0;48;2;239;4;4m▇[38;2;131;5;5;48;2;226;4;4m╺[38;2;36;1;1;48;2;147;7;6m▂[0m[7m[38;2;57;4;4m▚[0m[38;2;38;2;2;48;2;205;5;4m▖[38;2;202;6;6;48;2;105;5;5m╴[0m[38;2;20;95;95m▂[38;2;203;7;7;48;2;37;27;27m▝[38;2;151;4;4;48;2;232;3;3m▁[38;2;248;0;0;48;2;251;0;0m▇[38;2;246;1;1;48;2;190;6;6m▇[38;2;171;5;5;48;2;239;2;2m▘[38;2;251;0;0;48;2;247;0;0m▁[38;2;235;2;2;48;2;163;4;3m▉[38;2;176;6;5;48;2;51;2;2m▖[38;2;17;0;0;48;2;192;6;5m▅[38;2;88;4;4;48;2;180;6;6m▇[38;2;111;4;4;48;2;226;4;4m╸[38;2;58;0;0;48;2;174;6;6m╹[38;2;247;0;0;48;2;241;1;1m┈[38;2;251;0;0;48;2;247;0;0m▁[38;2;112;5;5;48;2;243;1;1m▝[38;2;234;2;2;48;2;163;5;5m▇[38;2;250;0;0;48;2;248;0;0m▘[38;2;247;0;0;48;2;241;2;2m┊[38;2;121;4;3;48;2;205;10;10m▋[38;2;105;3;3;48;2;242;2;1m▃[38;2;101;0;0;48;2;221;3;2m╴[38;2;246;1;0;48;2;248;0;0m▏[38;2;248;0;0;48;2;242;3;3m▇[38;2;251;0;0;48;2;247;0;0m▁[38;2;248;0;0;48;2;245;1;0m▇[38;2;247;0;0;48;2;251;0;0m▇[48;2;250;0;0m▇[38;2;164;6;6;48;2;243;2;2m▝[38;2;112;4;4;48;2;213;5;5m▌[38;2;213;5;4;48;2;51;1;1m▊[0m[38;2;199;6;6m▝[38;2;183;3;3;48;2;239;2;2m▏[38;2;248;0;0;48;2;240;1;1m┊[0m[38;2;144;6;5m▌   [0m
[38;2;28;1;1;48;2;181;5;4m▌[0m[38;2;171;3;3m▌[0m  [38;2;127;6;6m▃[0m [7m[38;2;152;4;4m▅[0m[38;2;16;87;87;48;2;46;5;5m▁[0m[38;2;14;191;190m▆[38;2;9;228;227m▆[38;2;10;235;234;48;2;33;130;129m▆[38;2;8;223;222;48;2;63;62;60m▄[38;2;22;232;231;48;2;3;251;250m▏[38;2;0;252;251;48;2;4;248;247m┈[38;2;90;14;14;48;2;13;181;180m▝[38;2;67;20;20;48;2;231;3;3m▖[38;2;247;1;1;48;2;219;5;4m▉[38;2;196;5;5;48;2;244;1;1m▁[38;2;207;5;5;48;2;242;2;2m╷[38;2;249;0;0;48;2;250;0;0m╴[38;2;251;0;0;48;2;249;0;0m┈[38;2;244;1;1;48;2;122;4;4m▆[38;2;41;2;2;48;2;182;6;6m▘[38;2;245;1;1;48;2;250;0;0m▏[38;2;251;0;0;48;2;248;0;0m▇[48;2;251;0;0m [48;2;249;1;1m┈[38;2;223;7;7m▁[48;2;251;0;0m [38;2;251;0;0;48;2;250;0;0m┈[38;2;33;0;0;48;2;187;4;4m▗[38;2;160;18;16;48;2;90;5;5m╹[38;2;56;2;1;48;2;216;3;3m▘[38;2;251;0;0;48;2;250;0;0m┈[48;2;251;0;0m  [48;2;241;1;1m╴[38;2;40;1;1;48;2;230;2;2m▃[38;2;15;0;0;48;2;232;3;3m▅[38;2;10;0;0;48;2;224;4;4m▅[38;2;60;2;2;48;2;230;3;3m▖[38;2;208;7;7;48;2;115;4;4m▎[0m[38;2;171;7;7m▊[38;2;235;5;4;48;2;63;3;3m▗[38;2;248;0;0;48;2;216;3;3m╴[0m[38;2;159;5;5m▘[38;2;133;6;6m▃   [0m
[7m[38;2;154;2;2m▖[0m[38;2;219;3;3;48;2;44;1;1m▌[0m  [38;2;31;1;1;48;2;208;6;6m▍[38;2;216;7;6;48;2;45;0;0m▌[0m[38;2;89;5;5m▅[38;2;18;242;241;48;2;11;59;59m▝[38;2;12;71;70;48;2;13;241;240m▆[38;2;8;61;60;48;2;15;246;245m▇[38;2;3;24;23;48;2;19;244;243m▇[38;2;6;58;57;48;2;16;248;247m▇[38;2;14;228;227;48;2;6;100;99m▄[38;2;6;54;53;48;2;27;183;182m▗[38;2;17;101;101;48;2;18;242;242m▆[38;2;176;7;7;48;2;15;17;17m▝[38;2;116;4;4;48;2;233;3;2m▁[38;2;87;3;2;48;2;195;7;7m▚[38;2;142;6;5;48;2;211;5;5m▝[38;2;185;7;6;48;2;244;2;2m▏[38;2;249;0;0;48;2;251;0;0m▁ [38;2;251;0;0;48;2;249;0;0m▇[38;2;248;0;0;48;2;251;0;0m▗[38;2;98;3;3;48;2;218;4;4m▗[38;2;221;12;11;48;2;244;2;2m▏[38;2;192;6;6;48;2;110;4;4m▚[38;2;249;0;0;48;2;241;2;2m┊[48;2;251;0;0m [38;2;250;0;0;48;2;241;3;3m▉[38;2;214;5;5;48;2;76;4;3m▂[38;2;243;2;2;48;2;232;3;3m┊[48;2;251;0;0m  [38;2;251;0;0;48;2;246;1;1m┈[38;2;61;2;2;48;2;226;2;2m▃[38;2;126;5;4;48;2;7;0;0m▘[48;2;0;0;0m   [38;2;11;0;0;48;2;151;8;8m▊[38;2;234;3;3;48;2;183;4;4m▇[38;2;62;6;5;48;2;153;8;7m▝[38;2;139;5;5;48;2;237;3;3m▏[38;2;216;8;8;48;2;82;2;2m▌[38;2;123;5;5;48;2;242;2;2m▘[0m[38;2;205;6;6m▋   [0m
 [7m[38;2;96;4;3m▅[0m[38;2;64;2;2;48;2;22;1;1m╍[38;2;135;11;10;48;2;10;0;0m▄[38;2;106;4;4;48;2;238;3;3m▎[38;2;138;5;4;48;2;240;3;3m▝[38;2;234;3;3;48;2;145;6;6m▉[38;2;90;3;3;48;2;13;0;0m▏[38;2;33;133;133;48;2;3;21;21m┗[38;2;5;38;37;48;2;21;172;172m▘[38;2;15;105;104;48;2;16;223;222m─[38;2;20;118;117;48;2;32;207;206m▋[38;2;45;190;189;48;2;18;129;128m┏[38;2;147;9;8;48;2;36;110;109m▄[38;2;197;10;10;48;2;75;54;54m▗[38;2;123;6;6;48;2;22;108;107m▖[38;2;28;117;117;48;2;8;14;14m▏[38;2;3;0;0;48;2;90;15;13m▇[38;2;223;6;6;48;2;37;1;1m▝[38;2;72;3;3;48;2;247;1;1m▂[38;2;93;3;3;48;2;193;5;5m┎[38;2;177;5;5;48;2;239;2;2m▏[38;2;116;3;3;48;2;234;3;3m▗[38;2;231;8;7;48;2;249;0;0m▎[38;2;210;7;7;48;2;71;2;2m▍[38;2;74;4;3;48;2;220;5;5m▖[38;2;105;4;4;48;2;192;7;7m▚[38;2;153;5;5;48;2;244;1;1m▂[48;2;251;0;0m   [38;2;249;0;0m▁[38;2;141;6;5;48;2;246;1;1m▁[38;2;29;1;1;48;2;217;2;2m▃[38;2;129;6;5;48;2;22;1;1m▚[38;2;118;9;8;48;2;1;0;0m▖[48;2;0;0;0m    [38;2;15;0;0;48;2;160;7;6m▊[38;2;222;12;12;48;2;249;0;0m▏[38;2;212;10;10;48;2;245;1;1m▁[38;2;251;0;0;48;2;249;0;0m┈[38;2;112;4;4;48;2;180;8;8m┢[38;2;236;6;6;48;2;249;0;0m▎[0m[38;2;181;6;6m▌   [0m
 [38;2;0;0;0m [0m [38;2;64;3;3;48;2;189;8;7m▖[38;2;248;0;0;48;2;251;0;0m▏  [38;2;202;5;4;48;2;71;3;3m▌[38;2;28;2;2;48;2;2;2;2m╴[38;2;14;61;60;48;2;0;4;3m▁[38;2;6;54;54;48;2;21;187;186m▆[38;2;7;61;60;48;2;26;175;174m▆[38;2;2;61;60;48;2;29;158;157m▁[38;2;37;120;120;48;2;138;7;6m▇[38;2;35;152;151;48;2;147;9;8m▅[38;2;43;91;90;48;2;24;163;162m▘[38;2;15;236;235;48;2;21;134;133m▅[38;2;3;20;19;48;2;9;87;87m▉[38;2;21;240;239;48;2;7;30;30m▄[38;2;30;112;112;48;2;6;11;11m▏[38;2;175;8;8;48;2;73;8;7m▅[38;2;201;6;6;48;2;134;3;3m▅[38;2;239;1;1;48;2;129;6;6m▆[48;2;251;0;0m [38;2;251;0;0;48;2;248;1;1m┈[38;2;229;2;2;48;2;53;2;2m▆[38;2;230;5;4;48;2;96;3;3m▃[38;2;17;0;0;48;2;175;9;9m━[38;2;69;4;4;48;2;234;6;6m▅[38;2;22;0;0;48;2;242;3;3m▅[38;2;7;0;0;48;2;218;4;3m▅[38;2;6;0;0;48;2;186;6;6m▆[38;2;0;0;0;48;2;9;0;0m┈[38;2;118;6;6;48;2;33;2;2m▝[38;2;7;0;0;48;2;149;7;7m▄[38;2;102;5;4;48;2;1;0;0m▘[48;2;0;0;0m  [38;2;0;0;0;48;2;2;0;0m┈[38;2;177;6;6;48;2;20;1;1m▂[38;2;97;5;5;48;2;235;4;3m▘[38;2;160;6;6;48;2;224;3;3m┎[38;2;168;7;6;48;2;233;3;3m▘[38;2;251;0;0;48;2;250;0;0m┊[38;2;37;1;1;48;2;190;4;4m▗[0m[7m[38;2;155;9;8m▄[0m [38;2;0;0;0m   [0m
 [38;2;0;0;0m  [38;2;104;5;5m▝[38;2;69;3;2;48;2;231;2;2m▂[38;2;251;0;0;48;2;248;1;1m┈[38;2;240;2;2;48;2;156;13;12m▉[38;2;96;6;6;48;2;10;0;0m▏[38;2;2;26;26;48;2;25;173;172m▌[38;2;23;126;125;48;2;12;232;232m▂[38;2;14;208;207;48;2;19;117;116m▅[38;2;17;224;223;48;2;8;54;54m▄[38;2;16;229;228;48;2;12;76;75m▃[38;2;0;21;20;48;2;25;163;162m─[38;2;28;210;209;48;2;16;122;122m▂[38;2;28;215;214;48;2;21;118;118m▂[38;2;19;230;229;48;2;9;53;52m▂[38;2;16;219;218;48;2;0;4;4m▃[38;2;14;222;221;48;2;0;12;12m▄[38;2;21;166;165;48;2;3;9;9m▖[38;2;0;0;0;48;2;16;14;14m┈[38;2;167;5;5;48;2;22;48;48m▝[38;2;64;3;3;48;2;216;4;4m▆[38;2;91;5;4;48;2;238;3;3m▆[38;2;107;4;4;48;2;248;1;1m▂[38;2;251;0;0;48;2;249;0;0m╴[38;2;155;7;6;48;2;239;3;3m╺[38;2;117;4;4;48;2;182;7;6m▗[38;2;136;7;6;48;2;182;7;7m┗[38;2;141;7;7;48;2;155;8;7m┮[38;2;170;9;8;48;2;34;1;1m▆[38;2;186;8;8;48;2;16;0;0m▅[38;2;178;8;8;48;2;21;0;0m▄[38;2;166;10;10;48;2;4;0;0m▄[38;2;175;7;7;48;2;1;0;0m▄[38;2;183;7;6;48;2;3;0;0m▄[38;2;188;7;7;48;2;24;1;1m▄[38;2;179;6;6;48;2;4;0;0m▆[38;2;202;6;5;48;2;77;3;3m▇[38;2;158;7;7;48;2;235;3;3m━[38;2;130;5;5;48;2;206;4;4m▁[38;2;97;3;3;48;2;226;3;3m▃[38;2;160;6;6;48;2;243;1;1m╸[38;2;91;6;6;48;2;237;3;2m▗[0m[38;2;22;171;170m▃[38;2;18;152;151m▁    [0m
 [38;2;0;0;0m  [0m [38;2;139;9;9m╾[7m[38;2;113;5;5m▘[0m[38;2;55;3;3;48;2;226;4;4m▅[38;2;183;10;10;48;2;60;3;3m╾[38;2;16;152;151;48;2;18;8;8m▝[38;2;54;29;29;48;2;14;231;230m▄[38;2;2;19;19;48;2;25;198;198m▂[38;2;7;67;66;48;2;25;159;158m━[38;2;2;58;57;48;2;26;193;192m╴[38;2;4;82;81;48;2;21;214;213m╶[38;2;18;103;103;48;2;16;222;221m─[38;2;0;35;34;48;2;18;207;207m▁[38;2;1;18;17;48;2;10;239;238m▄[38;2;0;1;1;48;2;9;224;223m▄[38;2;5;37;36;48;2;17;230;229m▅[38;2;22;153;152;48;2;4;27;27m▁[38;2;13;70;70;48;2;15;198;197m▍[38;2;3;3;3;48;2;16;181;180m▝[38;2;5;4;4;48;2;141;10;9m▆[38;2;146;7;7;48;2;19;0;0m▗[38;2;227;7;6;48;2;105;4;4m▖[38;2;151;6;6;48;2;242;3;3m▎[48;2;251;0;0m [38;2;247;1;1;48;2;180;5;5m▇[38;2;230;2;2;48;2;75;3;3m▅[38;2;33;0;0;48;2;170;5;5m╾[38;2;74;3;3;48;2;174;5;5m▂[38;2;82;2;2;48;2;195;4;4m╺[38;2;79;2;2;48;2;194;3;3m┭[38;2;30;0;0;48;2;232;3;2m▃[38;2;41;1;1;48;2;244;2;2m▃[38;2;7;0;0;48;2;227;2;2m▂[38;2;34;1;1;48;2;241;3;3m▃[38;2;64;2;2;48;2;245;2;2m▄[38;2;88;3;3;48;2;238;3;3m▅[38;2;32;1;1;48;2;172;4;4m━[38;2;213;4;4;48;2;68;3;3m▅[38;2;46;28;27;48;2;220;4;4m▂[38;2;21;131;130;48;2;158;3;3m▃[38;2;12;248;247;48;2;23;75;74m╺[38;2;15;215;214;48;2;15;123;122m▅[38;2;9;69;68;48;2;18;207;206m╾[0m[38;2;14;168;168m▆[38;2;14;180;179m▃[0m [38;2;0;0;0m [0m
 [38;2;0;0;0m    [0m [7m[38;2;11;0;0m▇[0m[38;2;155;9;9;48;2;17;2;2m▗[38;2;141;6;6;48;2;10;0;0m▖[38;2;33;3;3;48;2;136;8;8m▄[38;2;10;0;0;48;2;0;0;0m▏ [38;2;0;0;0;48;2;0;2;2m▇[48;2;0;5;5m▇[48;2;0;2;2m┈[38;2;22;173;172m▂[38;2;17;211;210;48;2;0;0;0m▃[38;2;14;206;205m▃[38;2;9;56;55;48;2;9;238;237m▘[38;2;0;252;251;48;2;4;250;249m┈[38;2;18;201;200;48;2;3;37;37m▋[38;2;19;120;119;48;2;9;246;245m▎[38;2;6;244;243;48;2;17;96;96m▇[38;2;25;143;142;48;2;18;10;10m▎[38;2;226;6;5;48;2;54;2;2m▗[38;2;136;4;4;48;2;229;3;3m▁[38;2;96;4;4;48;2;241;2;2m▖[48;2;251;0;0m  [38;2;208;10;10;48;2;250;0;0m▁[38;2;234;2;2;48;2;110;5;5m▇[38;2;50;1;1;48;2;166;6;6m▚[38;2;29;1;1;48;2;219;3;3m▃[38;2;106;5;5;48;2;226;3;3m▁[38;2;236;2;2;48;2;36;0;0m▇[38;2;249;1;1;48;2;83;4;3m▆[38;2;245;1;1;48;2;98;3;3m▇[38;2;251;0;0;48;2;230;3;3m┈[38;2;30;148;147;48;2;191;10;10m▃[38;2;12;234;233;48;2;116;12;11m▅[38;2;22;29;29;48;2;19;172;171m▘[38;2;15;112;111;48;2;13;226;225m▂[38;2;0;252;251;48;2;3;250;249m┈[38;2;12;226;225;48;2;17;122;121m▇[38;2;26;223;222;48;2;11;66;66m▁[38;2;12;75;75;48;2;11;212;211m▅[38;2;17;101;100;48;2;17;193;192m▂[38;2;16;107;106;48;2;17;199;198m▘[0m[38;2;17;195;195m▋ [0m
 [38;2;0;0;0m      [0m [7m[38;2;116;7;6m▄[0m[38;2;1;0;0;48;2;0;0;0m┈[38;2;0;0;0m┈[38;2;87;11;10;48;2;3;0;0m▁[48;2;0;0;0m [38;2;1;8;8;48;2;19;88;87m▉[38;2;13;76;75;48;2;12;235;234m▘[38;2;16;111;110;48;2;7;238;237m▗[38;2;18;106;105;48;2;7;246;245m▃[38;2;12;77;76;48;2;5;244;243m▂[38;2;0;252;251;48;2;14;238;237m┊[38;2;21;228;227;48;2;11;98;97m▗[38;2;8;244;243;48;2;13;82;81m▄[38;2;0;252;251;48;2;3;251;250m┈[38;2;3;251;250;48;2;49;217;216m▉[38;2;15;121;120;48;2;3;10;10m▏[38;2;144;8;8;48;2;78;5;4m┐[38;2;226;3;3;48;2;101;4;4m▅[38;2;251;0;0;48;2;245;1;1m┈[38;2;20;0;0;48;2;219;4;4m▗[38;2;35;1;1;48;2;181;7;7m▆[38;2;222;6;6;48;2;76;3;3m▄[38;2;110;4;4;48;2;237;3;3m▂[38;2;193;8;7;48;2;36;1;1m▘[38;2;143;8;8;48;2;3;0;0m▄[38;2;204;7;7;48;2;65;4;4m╼[38;2;163;7;6;48;2;107;4;3m▄[38;2;73;2;2;48;2;187;4;4m┑[38;2;168;6;6;48;2;240;2;2m▁[0m[38;2;168;6;6m▍[7m[38;2;12;206;205m▄[0m[38;2;15;98;98;48;2;5;240;239m▁[38;2;0;252;251;48;2;1;252;251m┈[38;2;6;243;242;48;2;17;136;135m▇[38;2;19;210;209;48;2;15;92;92m▖[38;2;4;23;23;48;2;25;158;157m▅[38;2;0;7;7;48;2;11;227;226m▃[38;2;0;9;9;48;2;9;238;237m▂[38;2;12;98;97;48;2;11;242;241m▂[38;2;30;171;170;48;2;12;234;233m▗[0m[38;2;17;175;174m▘ [0m
 [38;2;0;0;0m         [0m [7m[38;2;46;3;3m╴[0m[38;2;0;0;0;48;2;3;0;0m┈[48;2;0;2;2m┈[38;2;11;80;79;48;2;33;222;221m▇[38;2;18;111;111;48;2;7;244;243m▘[38;2;0;252;251;48;2;10;250;249m▇[38;2;4;250;249;48;2;25;175;175m▇[38;2;11;244;243;48;2;14;80;79m▖[38;2;9;77;76;48;2;18;200;199m▎[38;2;14;84;83;48;2;17;198;197m╺[38;2;13;85;84;48;2;15;213;212m╼[38;2;15;89;88;48;2;19;211;210m┭[38;2;1;47;46;48;2;25;177;176m─[38;2;29;144;143;48;2;33;35;34m▂[38;2;10;2;2;48;2;196;13;12m▇[38;2;168;8;8;48;2;83;3;3m▃[38;2;236;5;5;48;2;34;1;1m▂[38;2;224;7;6;48;2;16;0;0m▂[38;2;227;3;3;48;2;41;1;1m▃[38;2;215;4;4;48;2;59;2;2m▅[38;2;23;192;191;48;2;124;13;13m▗[38;2;7;240;239;48;2;34;62;62m▆[38;2;2;251;250;48;2;33;171;170m▇[38;2;37;83;82;48;2;8;239;238m▝[38;2;26;156;156;48;2;167;16;16m▖[38;2;127;6;5;48;2;198;7;6m┗[0m[38;2;94;5;5m▎ [0m [7m[38;2;21;184;183m▆[38;2;20;183;182m▅[38;2;19;211;210m▃[38;2;14;237;236m▂[38;2;11;196;194m▁[38;2;13;210;209m▂[38;2;12;234;233m▃[0m[38;2;16;206;205m▘  [0m
 [38;2;0;0;0m         [0m [38;2;17;180;179m▂[38;2;10;219;218m▄[38;2;7;241;240;48;2;11;69;69m▆[38;2;0;252;251;48;2;2;250;249m┈[48;2;0;252;251m  [38;2;20;113;112;48;2;5;245;244m▁[38;2;10;243;242;48;2;9;46;45m▘[38;2;2;13;13;48;2;22;204;203m▆[38;2;4;18;18;48;2;20;230;229m▆[38;2;0;10;10;48;2;21;195;194m▆[38;2;0;2;2;48;2;25;156;155m▅[38;2;0;5;5;48;2;19;191;190m▅[38;2;1;10;10;48;2;28;165;164m▅[48;2;0;0;0m [38;2;185;7;6;48;2;9;0;0m▝[38;2;13;0;0;48;2;236;4;4m▄[38;2;14;0;0;48;2;237;4;4m▄[38;2;11;0;0;48;2;219;4;4m▅[38;2;9;0;0;48;2;117;4;4m▇[38;2;21;231;230;48;2;5;30;30m▝[38;2;20;178;177;48;2;4;249;248m▁[48;2;0;252;251m  [38;2;0;252;251;48;2;3;249;248m┈[38;2;9;228;227;48;2;102;33;33m▆[38;2;14;221;221;48;2;119;21;21m▃[0m[38;2;22;140;139m▁           [0m
 [38;2;0;0;0m     [38;2;14;80;79m╶[38;2;19;123;122m▄[38;2;19;184;184m▅[38;2;10;210;209m▆[38;2;2;55;54;48;2;10;237;236m▁[0m[7m[38;2;6;248;247m▁[38;2;7;241;240m▁[0m[38;2;1;29;29;48;2;6;248;247m▂[38;2;10;23;23;48;2;8;245;244m▃[38;2;7;7;7;48;2;10;231;230m▄[38;2;2;11;11;48;2;19;205;204m▆[38;2;1;8;8;48;2;17;111;110m▉[38;2;17;223;222;48;2;8;36;36m▆[38;2;14;199;198;48;2;3;14;14m▃[38;2;0;0;0;48;2;2;9;9m┈[38;2;16;92;91;48;2;0;1;0m▁[38;2;22;102;101;48;2;0;2;2m▁[48;2;0;0;0m    [38;2;6;59;58m▁[38;2;0;21;20m▁[38;2;18;107;106;48;2;2;9;9m▁[38;2;10;225;224;48;2;9;58;58m▄[38;2;25;198;197;48;2;2;17;16m▍[38;2;0;2;2;48;2;12;87;86m▇[38;2;2;6;6;48;2;14;203;202m▅[38;2;7;6;5;48;2;11;226;225m▃[38;2;2;23;23;48;2;6;242;241m▂[38;2;2;44;43;48;2;6;246;245m▁[38;2;45;179;178;48;2;1;252;251m▁[38;2;0;252;251;48;2;7;247;246m┈[0m[38;2;9;237;236m▇[38;2;12;224;223m▆[38;2;16;237;236m▄[38;2;20;180;179m▃[0m [38;2;0;0;0m      [0m
 [38;2;0;0;0m            [38;2;174;6;6m▝[38;2;231;3;3;48;2;135;7;7m▇[38;2;83;4;4;48;2;238;3;3m▝[38;2;179;6;6;48;2;14;0;0m▂[38;2;88;2;2;48;2;1;1;1m▁[38;2;30;11;10;48;2;14;173;172m▃[38;2;92;31;31;48;2;7;246;245m▃[38;2;27;219;218;48;2;107;20;20m▘[38;2;210;3;3;48;2;29;123;122m▅[38;2;245;1;1;48;2;55;50;49m▅[38;2;238;4;3;48;2;51;1;1m▆[38;2;229;3;3;48;2;78;5;5m▆[38;2;237;3;3;48;2;62;2;2m▆[38;2;234;3;3;48;2;16;0;0m▆[38;2;223;3;3;48;2;22;64;63m▅[38;2;184;10;10;48;2;26;135;134m▄[38;2;145;9;9;48;2;16;218;217m▂[38;2;29;36;36;48;2;11;224;223m▄[38;2;0;0;0;48;2;15;13;13m┈[38;2;176;6;6;48;2;6;0;0m▂[38;2;10;0;0;48;2;201;5;4m▘[38;2;245;2;2;48;2;129;8;8m▇[0m[7m[38;2;168;4;4m▂[0m [7m[38;2;0;10;10m▇[38;2;2;53;52m▇[38;2;3;34;33m▇[0m  [38;2;0;0;0m        [0m
 [38;2;0;0;0m             [7m[38;2;115;4;4m▇[38;2;195;3;3m▄[38;2;213;2;2m▃[0m[38;2;91;6;6;48;2;226;4;4m▃[38;2;169;6;6;48;2;208;4;4m╷[38;2;155;5;5;48;2;221;3;3m┬[38;2;103;2;2;48;2;234;4;4m╼[38;2;80;4;3;48;2;192;5;5m┳[38;2;217;3;3;48;2;106;4;4m▄[38;2;245;2;2;48;2;69;3;3m▅[38;2;244;2;2;48;2;32;1;1m▅[38;2;245;2;2;48;2;53;1;1m▅[38;2;205;4;4;48;2;102;4;3m▄[38;2;144;9;9;48;2;205;5;5m━[38;2;141;5;4;48;2;225;3;3m─[38;2;183;6;6;48;2;221;3;3m╻[38;2;148;7;6;48;2;241;4;3m▂[38;2;51;2;2;48;2;241;3;3m▂[0m[7m[38;2;242;2;2m▃[38;2;215;3;3m▄[38;2;142;5;5m▆[0m[38;2;3;0;0m               [0m
 [38;2;0;0;0m                [0m [7m[38;2;169;4;4m▅[38;2;222;3;3m▄[0m[38;2;39;1;1;48;2;181;6;5m▖[38;2;176;5;5;48;2;248;1;1m▘[48;2;251;0;0m     [38;2;154;6;6;48;2;232;3;3m▝[0m[7m[38;2;205;4;3m▃[38;2;218;3;3m▄[38;2;169;6;6m▆[0m [38;2;0;0;0m                  [0m
 [38;2;0;0;0m                   [0m [7m[38;2;205;4;3m▅[38;2;224;2;2m▃[38;2;241;1;1m▃[38;2;234;2;2m▃[38;2;241;2;2m▃[38;2;218;2;2m▃[38;2;188;4;4m▅[0m [38;2;0;0;0m                     [0m[u[0m [38;2;0;0;0m                               [0m  [38;2;0;0;0m                [0m
 [38;2;0;0;0m                             [38;2;105;5;5m▁[38;2;208;4;3m▃[7m[38;2;147;6;6m▗[0m [38;2;0;0;0m           [38;2;151;6;5m▗[38;2;139;5;5m▖   [0m
 [38;2;0;0;0m                          [0m [38;2;146;5;5m▄[38;2;223;4;3m▆[38;2;69;3;3;48;2;223;4;3m▗[0m[7m[38;2;152;4;4m▅[0m [38;2;0;0;0m    [0m [38;2;110;7;7m▝[38;2;180;7;6m▅[38;2;122;5;5m▖   [7m[38;2;91;4;4m▉[0m[38;2;71;2;2;48;2;232;4;4m▘[0m[38;2;181;7;7m▍   [0m
   [38;2;0;0;0m                       [0m [7m[38;2;192;6;6m▘[0m[38;2;242;2;1;48;2;241;3;2m┈[38;2;237;4;3;48;2;145;8;8m▊[0m[38;2;48;2;2m▏[0m  [38;2;22;0;0m     [7m[38;2;74;3;3m▉[0m[38;2;131;6;6;48;2;231;5;5m▘[0m[38;2;170;6;6m▋   [7m[38;2;160;6;6m▍[38;2;180;7;7m▗[0m [38;2;0;0;0m   [0m
 [38;2;0;0;0m [0m  [38;2;22;0;0;48;2;5;0;0m┈[0m[38;2;2;0;0m╴[0m [38;2;0;0;0m        [7m[38;2;125;8;8m▘[0m[38;2;43;1;1m▎     [0m [38;2;109;7;7m▖  [7m[38;2;143;8;7m▌[0m[38;2;230;7;7;48;2;241;2;2m▏[48;2;242;2;1m [38;2;242;2;1;48;2;240;2;1m┈[0m[7m[38;2;203;4;3m▝[0m[38;2;183;5;4m▄[38;2;190;6;6;48;2;75;5;5m▆[0m [38;2;31;0;0m [0m [38;2;58;3;3m▁ [38;2;198;9;9m▝[7m[38;2;158;6;5m▆[0m [38;2;0;0;0m   [0m [38;2;87;8;7m▘    [0m
 [38;2;0;0;0m  [0m [38;2;220;3;3;48;2;35;1;1m▗[38;2;242;1;1;48;2;131;3;2m╴[0m [38;2;0;0;0m       [7m[38;2;53;1;1m▉[0m[38;2;142;7;7;48;2;225;7;7m▎[0m[38;2;79;4;3m▍     [7m[38;2;192;7;7m▌[0m[38;2;172;6;5m▍  [7m[38;2;126;6;5m▋[0m[38;2;215;10;10;48;2;242;2;1m▎[38;2;247;0;0;48;2;243;1;0m▂▂▂▂[38;2;241;2;1;48;2;209;6;6m▉[0m[38;2;203;4;4m▄[38;2;220;3;3m▄[38;2;177;4;4m▇[38;2;88;6;5m▏ [0m [38;2;114;8;8m▃[0m [38;2;0;0;0m [7m[38;2;149;8;8m▌[0m[38;2;132;8;7m▌      [0m
 [38;2;0;0;0m  [38;2;6;0;0;48;2;189;2;2m▌[38;2;245;1;1;48;2;117;1;1m▊[0m[38;2;0;0;0m╴        [7m[38;2;152;7;6m▋[0m[38;2;249;0;0;48;2;246;1;1m┊[0m[38;2;145;6;6m▌  [38;2;215;8;8m▗[38;2;135;5;4m▁[38;2;173;5;5m▂[38;2;89;4;4;48;2;241;2;2m▘[38;2;251;0;0;48;2;240;1;1m┈[0m[38;2;219;2;2m▅[38;2;239;2;2m▄[38;2;234;2;2;48;2;120;6;6m▇[38;2;251;0;0;48;2;249;0;0m┈[48;2;247;0;0m▅▅▅[48;2;240;1;1m┈[0m[7m[38;2;216;2;2m▃[38;2;178;6;6m▖[0m[38;2;60;2;2;48;2;220;3;3m▗[0m[38;2;108;4;4m▘ [7m[38;2;77;3;3m▉[0m[38;2;75;3;3;48;2;229;4;4m▘[0m[38;2;127;6;6m▌[0m [38;2;133;7;7m▅[7m[38;2;162;7;7m▄[0m[38;2;152;10;9m▗[0m [38;2;31;2;2m   [38;2;118;7;7m▗[38;2;69;6;5m▖[0m
 [38;2;0;0;0m  [0m [38;2;49;0;0;48;2;141;2;2m╴[38;2;110;3;3;48;2;15;1;1m▄[0m [38;2;0;0;0m       [38;2;107;5;5m▝[38;2;157;5;5;48;2;237;2;2m▏[38;2;27;1;1;48;2;206;4;4m▝[0m [38;2;0;0;0m [7m[38;2;177;7;7m▍[0m[38;2;250;0;0;48;2;233;6;6m▇[38;2;251;0;0;48;2;250;0;0m┈[48;2;251;0;0m        [38;2;246;1;1;48;2;188;4;4m▉[0m[38;2;141;5;5m▚[38;2;134;5;5m▅[7m[38;2;58;4;4m▆[0m  [38;2;180;4;4m▂[38;2;95;4;3;48;2;242;2;2m▘[48;2;251;0;0m [0m[38;2;174;5;4m▋[0m [38;2;55;5;5m▘[38;2;174;5;5m▗[38;2;229;3;3;48;2;146;6;5m▇[0m[38;2;139;6;6m▖  [7m[38;2;117;6;6m▊[0m[38;2;211;7;7;48;2;93;4;3m▉[0m [0m
 [38;2;30;4;4m   [0m [7m[38;2;46;3;3m▇[0m[38;2;59;2;2m╺[38;2;174;6;6m▅[38;2;157;5;5m▂[0m [38;2;0;0;0m   [38;2;116;6;6m╺[38;2;94;7;6m▄[7m[38;2;176;6;6m▌[0m[38;2;251;0;0;48;2;249;1;0m┊[38;2;180;5;5;48;2;82;2;2m▅[0m[38;2;153;6;5m▆[38;2;25;0;0;48;2;187;8;7m▌[38;2;247;1;1;48;2;251;0;0m▏         [38;2;251;0;0;48;2;247;1;1m┈[38;2;249;0;0;48;2;194;5;5m▇[38;2;251;0;0;48;2;240;1;1m┈[0m[38;2;245;2;2m▅[38;2;229;2;2m▆[38;2;242;1;1;48;2;88;3;3m▇[38;2;251;0;0;48;2;250;0;0m┈[48;2;251;0;0m [48;2;242;1;1m╴[0m[38;2;171;5;5m▘ [7m[38;2;153;6;6m▌[0m[38;2;251;0;0;48;2;246;1;1m┊[38;2;120;6;6;48;2;240;2;1m▁[0m[38;2;163;7;6m▘  [7m[38;2;77;4;4m▉[0m[38;2;131;6;6;48;2;232;3;3m▏[0m[38;2;191;4;4m▌[0m
[38;2;184;9;8;48;2;62;3;3m▚[0m[38;2;155;5;4m▖[38;2;68;5;5m╺[38;2;132;8;8m▄[0m [38;2;72;6;5m▖ [0m [38;2;30;1;1;48;2;208;4;4m▖[0m[7m[38;2;215;3;2m▝[0m[38;2;97;3;3m▃[38;2;32;2;1m▗[38;2;53;8;7m▂ [38;2;194;12;12;48;2;23;1;1m▗[38;2;35;1;1;48;2;86;6;5m▉[38;2;151;8;7;48;2;239;2;2m▏[48;2;251;0;0m [38;2;157;7;6;48;2;249;0;0m▝[38;2;251;0;0;48;2;235;2;1m┈[48;2;251;0;0m     [48;2;250;0;0m┈[38;2;64;2;1;48;2;227;4;3m▗[38;2;162;3;3;48;2;232;2;2m▁[38;2;251;0;0;48;2;249;1;1m┈[38;2;78;3;3;48;2;240;1;1m▂[38;2;71;4;3;48;2;222;3;3m▄[38;2;68;3;3;48;2;214;4;4m▖[48;2;251;0;0m   [38;2;93;3;3;48;2;238;2;2m▗[38;2;174;4;4;48;2;244;1;1m▁[48;2;251;0;0m [38;2;248;1;1;48;2;204;4;3m▉[0m[38;2;187;4;4m▃[0m [38;2;64;2;2;48;2;198;8;8m▘[0m[7m[38;2;169;5;5m▅[0m [38;2;219;7;6m▗[7m[38;2;147;5;4m▝[0m [38;2;0;0;0m [7m[38;2;144;5;5m▌[0m[38;2;217;6;5m▋[0m
 [7m[38;2;170;5;5m▖[38;2;101;4;4m▝[0m[38;2;113;5;5m▝[7m[38;2;182;6;6m▝[0m[38;2;36;1;1;48;2;155;6;6m▘[0m[38;2;219;5;5m▅[38;2;184;3;3m▅[38;2;70;3;3m▖[38;2;20;0;0;48;2;187;5;5m▖[38;2;251;0;0;48;2;232;2;2m╴[0m[38;2;149;7;7m▖[7m[38;2;96;5;5m▖[0m[38;2;174;6;6m▄[7m[38;2;207;5;5m▍[0m[38;2;77;3;2;48;2;235;2;2m▝[38;2;220;6;6;48;2;95;3;3m▝[38;2;250;0;0;48;2;240;2;2m┊[48;2;251;0;0m [38;2;168;3;3;48;2;240;2;2m▁[38;2;186;6;6;48;2;249;1;1m▁[38;2;251;0;0;48;2;249;0;0m┈[38;2;214;8;8;48;2;250;0;0m▁[48;2;251;0;0m [38;2;78;4;3;48;2;236;3;3m▗[38;2;51;1;1;48;2;159;5;4m━[38;2;235;2;2;48;2;57;2;2m▅[38;2;103;6;6;48;2;198;8;7m▚[38;2;173;6;6;48;2;64;2;2m▚[38;2;234;2;2;48;2;74;3;3m▅[38;2;251;0;0;48;2;243;1;1m┈[38;2;87;1;1;48;2;187;8;8m┃[38;2;246;1;1;48;2;251;0;0m▏ [38;2;249;1;1;48;2;226;10;10m▉[38;2;176;7;7;48;2;57;2;2m▂[38;2;215;8;7;48;2;59;1;1m▂[38;2;170;7;7;48;2;230;3;3m╴[48;2;251;0;0m [38;2;209;10;10;48;2;246;1;1m╶[38;2;95;3;2;48;2;166;9;8m┃[38;2;234;4;3;48;2;171;5;4m▉[0m[38;2;133;5;5m▖[38;2;161;6;6m▄[7m[38;2;198;5;4m▎[0m[38;2;251;0;0;48;2;245;1;1m╴[0m[38;2;143;5;5m▍ [38;2;56;4;4m▝[0m [0m
[38;2;70;4;4m▁[0m [7m[38;2;44;4;3m▆[0m[38;2;0;0;0m [38;2;180;6;6m▝[38;2;152;6;6;48;2;238;2;2m▁[38;2;250;0;0;48;2;247;0;0m▇[38;2;123;4;4;48;2;219;5;5m╺[38;2;9;0;0;48;2;126;5;5m▁[0m[38;2;89;6;6m▖[38;2;23;9;9;48;2;191;6;6m▖[38;2;205;5;5;48;2;105;7;7m╴[0m[38;2;19;141;140m▂[38;2;31;188;187;48;2;78;9;9m▁[38;2;133;7;7;48;2;230;3;3m▁[48;2;251;0;0m [38;2;251;0;0;48;2;245;1;1m┈[38;2;237;2;2;48;2;176;4;4m▇[48;2;251;0;0m [38;2;234;2;2;48;2;161;4;4m▉[38;2;187;6;5;48;2;48;2;2m▂[38;2;31;1;1;48;2;208;7;7m▆[38;2;127;8;7;48;2;56;2;2m▚[38;2;105;3;3;48;2;229;5;4m╸[38;2;54;0;0;48;2;182;6;6m╹[38;2;251;0;0;48;2;246;1;1m┊[48;2;251;0;0m [38;2;130;5;4;48;2;246;1;1m▝[38;2;240;1;1;48;2;180;4;4m▇[48;2;251;0;0m [38;2;251;0;0;48;2;240;2;2m╴[38;2;121;4;4;48;2;214;10;10m▋[38;2;95;4;3;48;2;235;2;2m▃[38;2;80;1;1;48;2;228;3;3m╴[38;2;248;0;0;48;2;250;0;0m▏[38;2;251;0;0;48;2;248;0;0m▇[48;2;251;0;0m [48;2;249;0;0m▇[38;2;249;0;0;48;2;251;0;0m▂▗[38;2;236;2;2;48;2;162;7;7m▉[38;2;108;4;4;48;2;210;6;5m▌[38;2;218;5;5;48;2;54;1;1m▊[0m[38;2;177;6;5m▝[38;2;176;4;3;48;2;241;2;2m▏[38;2;251;0;0;48;2;237;1;1m╴[0m[38;2;185;6;6m▘   [0m
[38;2;36;1;1;48;2;189;5;4m▌[38;2;178;3;3;48;2;6;0;0m▌[0m  [38;2;164;9;9m▗[38;2;57;2;2m▖[7m[38;2;124;5;5m▅[0m[38;2;18;101;100;48;2;37;7;7m▁[0m[7m[38;2;12;199;198m▘[0m[38;2;7;237;236;48;2;5;35;34m▆[38;2;11;227;226;48;2;39;131;130m▇[38;2;9;236;235;48;2;55;69;68m▄[38;2;21;233;232;48;2;3;251;250m▏[38;2;0;252;251;48;2;3;250;249m┈[38;2;75;16;15;48;2;15;194;194m▝[38;2;55;25;25;48;2;227;4;4m▖[38;2;247;1;1;48;2;220;6;6m▉[38;2;191;4;4;48;2;242;2;1m▁[38;2;205;6;6;48;2;240;2;2m╷[38;2;250;0;0;48;2;249;0;0m┈[38;2;251;0;0;48;2;250;0;0m┈[38;2;239;2;2;48;2;110;5;4m▇[38;2;59;2;2;48;2;187;6;6m▘[38;2;244;2;1;48;2;250;0;0m▏[38;2;248;0;0;48;2;251;0;0m▁ [38;2;251;0;0;48;2;247;1;1m┈[48;2;243;2;1m┈[48;2;251;0;0m [38;2;250;0;0;48;2;247;1;1m▉[38;2;211;4;4;48;2;72;2;2m▌[38;2;157;4;4;48;2;91;6;6m▁[38;2;66;1;1;48;2;226;3;3m▘[48;2;251;0;0m   [38;2;251;0;0;48;2;238;2;1m╴[38;2;35;1;1;48;2;222;2;2m▃[38;2;9;0;0;48;2;215;4;4m▅[38;2;6;0;0;48;2;204;5;5m▅[38;2;45;1;1;48;2;225;4;4m▖[38;2;209;8;7;48;2;115;4;4m▎[0m[38;2;167;7;7m▊[7m[38;2;163;5;5m▍[0m[38;2;249;0;0;48;2;211;3;3m╴[0m[38;2;139;6;6m▘[38;2;141;6;5m▃[0m [38;2;2;0;0m  [0m
[38;2;3;0;0;48;2;114;1;1m╴[38;2;216;3;3;48;2;52;2;2m▌[0m  [38;2;33;1;1;48;2;208;6;5m▍[38;2;219;6;6;48;2;50;0;0m▌[38;2;126;7;6;48;2;2;0;0m▄[38;2;18;242;241;48;2;9;50;49m▝[38;2;12;59;59;48;2;14;216;215m▆[38;2;34;200;199;48;2;6;45;45m▂[38;2;3;27;27;48;2;46;221;220m▇[38;2;6;60;59;48;2;30;229;228m▇[38;2;13;235;234;48;2;9;94;93m▄[38;2;7;56;55;48;2;24;171;170m▗[38;2;15;110;109;48;2;32;223;222m▆[38;2;167;7;7;48;2;11;14;14m▝[38;2;123;6;6;48;2;238;2;2m▂[38;2;84;2;2;48;2;190;9;8m▚[38;2;144;6;6;48;2;209;5;5m▝[38;2;186;8;8;48;2;245;2;2m▏[48;2;251;0;0m [38;2;251;0;0;48;2;250;0;0m┈[48;2;251;0;0m [38;2;248;0;0m▗[38;2;93;3;3;48;2;210;5;5m▗[38;2;220;12;11;48;2;244;2;2m▏[38;2;192;6;6;48;2;109;4;4m▚[38;2;249;0;0;48;2;243;2;2m┊[48;2;251;0;0m [38;2;250;0;0;48;2;242;3;3m▉[38;2;233;4;4;48;2;84;3;3m▂[38;2;246;2;2;48;2;233;3;3m┊[48;2;251;0;0m  [38;2;251;0;0;48;2;243;1;1m┈[38;2;47;2;2;48;2;217;3;3m▃[38;2;110;5;5;48;2;4;0;0m▘[48;2;0;0;0m   [38;2;10;0;0;48;2;151;8;8m▊[38;2;242;3;3;48;2;231;4;4m┊[38;2;194;8;7;48;2;102;9;8m▃[38;2;149;5;5;48;2;238;2;2m▏[38;2;216;8;8;48;2;82;2;2m▌[38;2;140;7;6;48;2;228;3;3m▏[0m[38;2;205;6;6m▋   [0m
  [38;2;71;4;4;48;2;23;1;1m╺[38;2;145;11;11;48;2;15;0;0m▄[38;2;115;5;5;48;2;238;3;3m▎[38;2;146;6;6;48;2;242;3;3m▝[38;2;236;3;3;48;2;155;5;5m▉[38;2;104;3;3;48;2;16;1;1m▏[38;2;30;129;129;48;2;3;23;23m┗[38;2;5;41;41;48;2;19;157;156m▘[38;2;19;117;116;48;2;18;235;234m╾[38;2;12;82;81;48;2;27;163;162m┒[38;2;43;191;190;48;2;19;125;124m┏[38;2;149;9;9;48;2;44;97;96m▄[38;2;160;9;8;48;2;37;89;88m▅[38;2;126;6;6;48;2;23;113;112m▖[38;2;23;108;107;48;2;4;7;7m▖[38;2;1;0;0;48;2;61;7;6m▇[38;2;217;7;7;48;2;29;1;1m▝[38;2;38;1;1;48;2;243;2;2m▂[38;2;89;4;4;48;2;196;5;5m▖[38;2;185;8;8;48;2;247;1;1m▘[38;2;110;3;3;48;2;226;4;3m▗[38;2;230;8;8;48;2;249;0;0m▎[38;2;210;7;7;48;2;79;2;2m▍[38;2;60;2;2;48;2;213;5;5m▖[38;2;72;1;1;48;2;168;7;6m┖[38;2;146;6;5;48;2;241;2;2m▂[38;2;251;0;0;48;2;250;0;0m┈[48;2;251;0;0m  [48;2;250;0;0m┈[38;2;109;5;5;48;2;241;1;1m▁[38;2;45;2;1;48;2;230;2;2m▄[38;2;124;7;7;48;2;18;1;1m▚[38;2;131;9;9;48;2;2;0;0m▖[48;2;0;0;0m    [38;2;18;0;0;48;2;164;8;7m▊[38;2;223;12;11;48;2;249;0;0m▏[38;2;206;8;8;48;2;241;2;2m╷[38;2;251;0;0;48;2;249;0;0m┊[38;2;112;6;5;48;2;179;8;7m┢[38;2;229;8;8;48;2;247;1;1m▏[0m[38;2;172;7;6m▌   [0m
 [38;2;0;0;0m [0m [38;2;55;2;2;48;2;188;8;8m▖[38;2;248;0;0;48;2;251;0;0m▏ [38;2;251;0;0;48;2;250;0;0m┈[38;2;200;5;5;48;2;70;4;4m▌[38;2;18;0;0;48;2;3;4;4m╴[38;2;20;96;95;48;2;0;3;3m▁[38;2;9;63;62;48;2;26;218;217m▇[38;2;7;59;59;48;2;25;167;166m▆[38;2;7;61;61;48;2;29;157;156m▁[38;2;34;123;122;48;2;118;10;10m▇[38;2;31;148;147;48;2;118;11;11m▅[38;2;16;104;103;48;2;29;151;150m╼[38;2;18;229;228;48;2;26;131;130m▆[38;2;18;88;87;48;2;2;20;20m▏[38;2;24;218;217;48;2;0;3;2m▅[38;2;28;112;112;48;2;6;12;12m▏[38;2;164;10;9;48;2;55;6;5m▆[38;2;198;6;6;48;2;124;6;6m▅[38;2;244;1;1;48;2;135;5;5m▆[48;2;251;0;0m [38;2;251;0;0;48;2;249;1;1m┈[38;2;236;1;1;48;2;74;4;4m▆[38;2;219;6;5;48;2;75;3;3m▄[38;2;23;0;0;48;2;174;10;9m━[38;2;71;4;4;48;2;218;7;7m▅[38;2;20;0;0;48;2;227;5;4m▅[38;2;20;1;1;48;2;237;4;4m▆[38;2;3;0;0;48;2;152;8;8m▆[38;2;0;0;0;48;2;5;0;0m┈[38;2;12;1;1;48;2;118;8;8m▅[38;2;3;0;0;48;2;148;8;8m▄[38;2;13;0;0;48;2;93;5;5m▇[48;2;0;0;0m  [38;2;0;0;0;48;2;4;0;0m┈[38;2;168;5;4;48;2;13;0;0m▃[38;2;114;5;5;48;2;233;3;3m▘[38;2;156;7;6;48;2;222;4;4m┎[38;2;165;7;7;48;2;237;3;3m▘[38;2;251;0;0;48;2;250;0;0m┊[0m[7m[38;2;188;5;5m▗[38;2;166;7;7m▅[0m [38;2;0;0;0m   [0m
 [38;2;0;0;0m  [38;2;96;5;4m▝[7m[38;2;223;3;3m▂[0m[38;2;251;0;0;48;2;246;1;1m┈[38;2;240;2;2;48;2;158;12;12m▉[38;2;91;6;5;48;2;10;0;0m▏[38;2;2;29;29;48;2;24;179;178m▌[38;2;22;127;126;48;2;12;236;235m▂[38;2;17;201;200;48;2;20;101;100m▆[38;2;19;218;217;48;2;7;51;50m▄[38;2;16;239;238;48;2;12;78;77m▃[38;2;1;28;27;48;2;28;179;179m╾[38;2;0;34;33;48;2;23;173;172m─[38;2;0;18;17;48;2;25;163;162m─[38;2;17;244;243;48;2;9;51;51m▂[38;2;13;237;236;48;2;0;10;9m▃[38;2;10;234;233;48;2;0;9;8m▄[38;2;24;180;179;48;2;2;8;8m▖[38;2;13;81;80;48;2;10;9;9m▁[38;2;23;55;54;48;2;146;6;6m▆[38;2;77;4;4;48;2;237;5;5m▇[38;2;81;4;4;48;2;221;5;5m▆[38;2;80;3;2;48;2;244;2;2m▂[38;2;251;0;0;48;2;249;0;0m┈[38;2;161;7;6;48;2;238;3;3m╺[38;2;103;3;3;48;2;185;7;6m▗[38;2;124;5;5;48;2;173;7;7m▁[38;2;107;6;5;48;2;161;9;8m╴[38;2;158;8;8;48;2;12;0;0m▇[38;2;192;8;8;48;2;34;2;2m▅[38;2;172;8;8;48;2;5;0;0m▅[38;2;178;10;10;48;2;15;0;0m▄[38;2;180;9;8;48;2;11;0;0m▄[38;2;189;8;8;48;2;14;0;0m▄[38;2;178;7;7;48;2;6;0;0m▅[38;2;188;7;7;48;2;13;0;0m▆[38;2;207;5;5;48;2;112;5;5m▇[38;2;148;6;6;48;2;225;4;3m╸[38;2;96;4;4;48;2;206;5;5m▁[38;2;112;4;4;48;2;237;3;3m▄[38;2;153;6;6;48;2;245;1;1m╸[38;2;76;5;5;48;2;232;3;3m▗[0m[38;2;23;187;187m▃[38;2;15;129;129m▂    [0m
 [38;2;0;0;0m  [0m [38;2;130;11;10m━[38;2;117;6;6m▄[38;2;47;3;3;48;2;212;5;5m▅[38;2;176;7;7;48;2;53;4;4m▘[38;2;16;130;129;48;2;18;6;6m▝[38;2;65;17;17;48;2;17;225;224m▄[38;2;0;6;6;48;2;25;189;188m▂[38;2;0;10;9;48;2;24;147;146m▁[38;2;9;78;77;48;2;24;188;188m▁[38;2;20;104;103;48;2;18;209;208m▁[38;2;2;55;54;48;2;19;210;209m▁[38;2;0;6;6;48;2;21;201;200m▁[38;2;1;9;9;48;2;11;225;224m▄[38;2;1;14;14;48;2;10;246;245m▅[38;2;9;52;52;48;2;12;243;242m▆[38;2;25;190;190;48;2;4;28;28m▁[38;2;13;71;70;48;2;14;192;191m▍[38;2;2;4;4;48;2;18;189;188m▝[38;2;2;7;7;48;2;118;9;8m▆[38;2;151;8;8;48;2;21;1;1m▗[38;2;180;7;7;48;2;66;1;1m▋[38;2;150;7;6;48;2;242;3;3m▎[48;2;251;0;0m [38;2;249;0;0;48;2;198;7;6m▇[38;2;237;2;2;48;2;84;3;3m▅[38;2;50;2;2;48;2;176;5;5m━[38;2;88;3;3;48;2;184;5;5m▃[38;2;225;4;4;48;2;131;5;5m▄[38;2;42;0;0;48;2;193;4;4m╾[38;2;58;2;2;48;2;245;2;2m▄[38;2;22;0;0;48;2;239;3;2m▃[38;2;28;0;0;48;2;242;2;2m▃[38;2;23;0;0;48;2;235;3;3m▃[38;2;66;2;2;48;2;239;3;2m▄[38;2;94;3;3;48;2;225;4;4m▅[38;2;221;4;4;48;2;86;4;4m▃[38;2;193;5;5;48;2;52;2;1m▆[38;2;28;52;52;48;2;216;4;4m▂[38;2;21;122;121;48;2;168;4;4m▄[38;2;15;241;240;48;2;18;77;76m╺[38;2;16;212;211;48;2;17;115;114m▅[38;2;7;63;62;48;2;18;210;209m╾[0m[38;2;14;163;162m▆[38;2;18;196;195m▃[0m [38;2;0;0;0m [0m
 [38;2;0;0;0m    [0m [7m[38;2;2;0;0m▇[0m[38;2;154;10;10;48;2;19;1;1m▗[38;2;159;8;7;48;2;12;0;0m▖[38;2;27;2;1;48;2;131;8;8m▄[38;2;10;0;0;48;2;1;0;0m▏[48;2;0;0;0m   [38;2;0;0;0;48;2;0;4;4m┈[38;2;24;204;203;48;2;1;8;8m▂[38;2;13;228;227;48;2;0;3;3m▃[38;2;12;227;226;48;2;0;2;2m▃[38;2;12;69;68;48;2;7;241;240m▘[38;2;0;252;251;48;2;3;251;250m┈[38;2;17;224;223;48;2;12;65;64m▌[38;2;17;119;118;48;2;8;245;244m▎[38;2;6;248;247;48;2;21;133;132m▇[38;2;24;146;145;48;2;15;10;10m▎[38;2;230;6;6;48;2;57;2;2m▗[38;2;137;5;5;48;2;236;3;3m▗[38;2;92;3;3;48;2;240;2;2m▖[38;2;250;0;0;48;2;251;0;0m╴[38;2;251;0;0;48;2;250;0;0m┈[38;2;162;9;9m▁[38;2;238;2;2;48;2;134;6;6m▇[38;2;49;1;1;48;2;158;6;6m▚[38;2;43;1;1;48;2;232;2;2m▄[38;2;119;5;5;48;2;237;3;2m▂[38;2;242;2;2;48;2;72;1;1m▇[48;2;50;1;1m▇[38;2;248;1;1;48;2;147;8;7m▇[38;2;251;0;0;48;2;229;3;2m╴[38;2;19;208;207;48;2;152;24;24m▗[38;2;10;241;240;48;2;89;27;26m▅[38;2;10;221;220;48;2;18;97;96m▃[38;2;17;123;121;48;2;11;238;237m▃[38;2;0;252;251;48;2;3;248;247m┈[38;2;11;224;223;48;2;14;136;135m▇[38;2;22;192;191;48;2;8;55;54m▂[38;2;13;94;94;48;2;16;232;231m▆[38;2;16;112;111;48;2;18;199;198m▂[38;2;15;106;105;48;2;16;203;202m▘[0m[38;2;16;204;203m▋ [0m
 [38;2;0;0;0m      [0m [7m[38;2;104;7;6m▄[0m[38;2;0;0;0;48;2;0;0;0m┈┈[38;2;109;14;12;48;2;6;0;0m▁[48;2;0;0;0m [38;2;1;9;9;48;2;19;94;94m▉[38;2;13;94;93;48;2;12;239;238m▘[38;2;18;125;124;48;2;5;245;244m▃[38;2;14;113;113;48;2;9;239;238m▃[38;2;16;103;102;48;2;3;251;250m▃[38;2;30;176;175;48;2;11;242;241m▁[38;2;23;242;241;48;2;11;90;90m▗[38;2;9;231;230;48;2;9;64;64m▅[38;2;9;248;247;48;2;2;252;251m▏[38;2;3;251;250;48;2;49;218;217m▉[38;2;0;0;0;48;2;5;29;28m┊[38;2;133;7;7;48;2;69;5;5m┭[38;2;217;4;4;48;2;87;3;3m▆[38;2;251;0;0;48;2;246;1;1m┈[38;2;19;0;0;48;2;209;4;4m▗[38;2;41;2;2;48;2;199;7;7m▇[38;2;222;7;7;48;2;79;3;3m▄[38;2;79;3;3;48;2;233;3;3m▂[38;2;182;7;7;48;2;41;2;1m▘[38;2;144;8;8;48;2;8;0;0m▄[38;2;209;8;8;48;2;51;12;12m━[38;2;204;10;9;48;2;111;8;7m╾[38;2;61;2;2;48;2;184;5;5m╾[38;2;156;7;7;48;2;236;2;2m▁[0m[38;2;160;6;5m▍[7m[38;2;12;192;191m▄[0m[38;2;14;105;105;48;2;3;246;245m▂[38;2;0;252;251;48;2;1;251;250m┈[38;2;5;245;244;48;2;17;158;157m▇[38;2;18;194;193;48;2;15;92;91m▖[38;2;3;26;26;48;2;27;152;151m▅[38;2;5;25;25;48;2;8;244;243m▄[38;2;6;37;36;48;2;5;249;248m▃[38;2;22;134;133;48;2;5;250;249m▃[38;2;16;92;91;48;2;15;223;222m╶[0m[38;2;18;153;152m▘ [0m
 [38;2;0;0;0m         [0m  [38;2;0;0;0;48;2;3;0;0m┈[48;2;0;2;2m┈[38;2;16;190;189;48;2;10;63;63m▗[38;2;20;120;119;48;2;6;248;247m▘[38;2;0;252;251;48;2;2;252;251m▇[38;2;1;252;251;48;2;5;244;243m┈[38;2;10;247;246;48;2;12;81;80m▖[38;2;0;32;32;48;2;16;192;191m▏[38;2;15;104;103;48;2;15;198;197m┕[38;2;19;113;112;48;2;13;210;209m━[38;2;15;90;89;48;2;17;208;207m┏[38;2;10;84;83;48;2;23;196;195m━[38;2;32;170;169;48;2;24;36;35m▂[38;2;5;2;1;48;2;142;10;10m▇[38;2;202;6;6;48;2;77;4;4m▗[38;2;217;5;4;48;2;18;0;0m▃[38;2;198;4;4;48;2;2;0;0m▃[38;2;236;3;3;48;2;40;1;1m▃[38;2;201;5;5;48;2;41;1;1m▆[38;2;27;206;205;48;2;117;17;16m▗[38;2;5;245;244;48;2;31;94;94m▆[38;2;0;252;251;48;2;6;247;246m┈[38;2;33;105;104;48;2;7;245;244m▝[38;2;20;177;176;48;2;156;21;21m▖[38;2;136;6;6;48;2;191;6;6m┕[0m[38;2;99;6;5m▎ [0m [7m[38;2;21;154;154m▆[38;2;18;158;157m▅[38;2;16;206;205m▃[38;2;13;232;231m▂[38;2;13;220;219m▂[38;2;13;216;215m▂[38;2;12;226;225m▃[0m[38;2;15;177;176m▘  [0m
 [38;2;0;0;0m         [38;2;17;88;87m▁[38;2;16;217;216m▂[38;2;9;233;232m▄[38;2;5;245;244;48;2;11;90;90m▆[38;2;1;252;251;48;2;9;249;248m▇[48;2;0;252;251m  [38;2;12;89;88;48;2;7;240;239m▁[38;2;11;238;237;48;2;7;38;37m▘[38;2;0;7;7;48;2;22;196;195m▆[38;2;0;9;9;48;2;24;220;219m▆[38;2;0;4;3;48;2;25;184;183m▆[38;2;2;10;9;48;2;30;176;175m▆[38;2;0;1;1;48;2;21;183;182m▅[38;2;0;3;3;48;2;28;158;157m▅[48;2;0;0;0m [38;2;166;6;6;48;2;7;0;0m▝[38;2;4;0;0;48;2;221;3;3m▄▄[38;2;6;0;0;48;2;201;4;4m▅[38;2;4;0;0;48;2;87;6;6m▇[38;2;24;227;226;48;2;5;26;25m▝[38;2;22;149;149;48;2;5;245;244m▁[48;2;0;252;251m  [38;2;0;252;251;48;2;2;250;249m┈[38;2;6;233;232;48;2;79;57;57m▆[38;2;11;235;234;48;2;114;29;28m▃[0m[38;2;24;178;178m▁           [0m
 [38;2;0;0;0m     [38;2;35;151;150m╶[38;2;24;197;196m╼[38;2;11;159;158m▆[7m[38;2;13;194;193m▁[38;2;14;242;241m▁[38;2;6;238;237m▁[0m[38;2;2;47;47;48;2;2;251;250m▂[38;2;0;11;10;48;2;7;240;239m▂[38;2;16;10;9;48;2;9;237;236m▃[38;2;16;24;24;48;2;8;244;243m▅[38;2;0;5;4;48;2;17;176;174m▆[38;2;0;5;5;48;2;14;109;108m▉[38;2;15;230;229;48;2;13;61;60m▆[38;2;13;218;217;48;2;4;24;24m▃[38;2;0;0;0;48;2;2;12;12m┈[38;2;34;146;145;48;2;0;3;3m▁[38;2;22;110;109;48;2;1;8;8m▁[48;2;0;0;0m    [38;2;24;98;97m▁[38;2;3;81;80m▁[38;2;18;105;104;48;2;0;2;2m▂[38;2;2;10;10;48;2;11;199;198m▘[38;2;28;204;203;48;2;2;17;17m▍[38;2;0;0;0;48;2;1;8;8m┈[38;2;7;18;17;48;2;16;230;229m▆[38;2;16;20;20;48;2;7;240;239m▄[38;2;0;8;8;48;2;7;234;233m▂[38;2;0;14;13;48;2;6;238;237m▁[38;2;15;109;108;48;2;2;251;250m▁[38;2;47;180;179m▁[0m[38;2;12;239;238m▇[38;2;12;218;217m▆[38;2;14;197;196m▅[38;2;18;140;139m▄[0m [38;2;14;61;61m      [0m
 [38;2;0;0;0m            [38;2;187;6;6m▝[38;2;158;7;6;48;2;231;3;3m▁[38;2;97;4;4;48;2;242;2;2m▝[38;2;207;6;5;48;2;21;1;1m▂[38;2;149;11;11;48;2;2;0;0m▁[38;2;9;246;246;48;2;35;53;53m▝[38;2;120;15;15;48;2;10;240;239m▃[38;2;25;217;216;48;2;122;15;15m▘[38;2;224;3;3;48;2;32;102;101m▅[38;2;235;3;3;48;2;30;50;49m▆[38;2;221;4;3;48;2;15;0;0m▇[38;2;215;4;4;48;2;51;0;0m▇[38;2;221;4;4;48;2;25;0;0m▇[38;2;241;3;3;48;2;40;1;1m▆[38;2;231;2;2;48;2;30;47;47m▅[38;2;200;8;8;48;2;27;127;126m▄[38;2;132;30;29;48;2;13;238;237m▃[38;2;46;29;29;48;2;11;216;215m▄[38;2;0;0;0;48;2;25;11;11m┈[38;2;208;6;5;48;2;12;0;0m▂[38;2;19;1;1;48;2;214;4;4m▘[38;2;245;1;1;48;2;181;14;13m▇[0m[7m[38;2;177;4;4m▂[0m[38;2;63;4;4m▏[0m [7m[38;2;0;18;17m▇[0m [38;2;0;0;0m          [0m
 [38;2;0;0;0m             [0m [7m[38;2;217;3;3m▅[38;2;234;3;3m▄[0m[38;2;98;5;5;48;2;243;3;3m▄[38;2;122;13;13;48;2;218;3;3m─[38;2;97;2;2;48;2;227;4;4m─[38;2;119;4;4;48;2;239;3;3m━[38;2;67;6;5;48;2;171;6;6m┏[38;2;228;3;3;48;2;99;4;4m▄[38;2;235;3;3;48;2;39;0;0m▆[38;2;229;2;2;48;2;6;0;0m▆[38;2;233;3;2;48;2;22;0;0m▆[38;2;213;3;3;48;2;93;4;4m▄[38;2;157;8;8;48;2;208;6;6m▍[38;2;132;5;5;48;2;234;3;3m╾[38;2;175;6;6;48;2;242;2;2m▃[38;2;168;10;9;48;2;248;1;1m▃[0m[7m[38;2;236;3;2m▂[38;2;235;2;2m▃[38;2;199;3;3m▄[38;2;116;5;5m▆[0m[38;2;1;0;0m               [0m
 [38;2;0;0;0m                [0m [7m[38;2;187;5;5m▆[38;2;203;3;3m▄[0m[38;2;36;1;1;48;2;171;6;6m▖[38;2;242;1;1;48;2;176;4;4m▇[48;2;251;0;0m     [38;2;156;6;6;48;2;236;3;3m▝[0m[7m[38;2;218;5;5m▄[38;2;201;3;3m▄[38;2;141;7;7m▆[0m[38;2;3;0;0m                   [0m
 [38;2;0;0;0m                   [0m [7m[38;2;185;4;4m▅[38;2;209;2;2m▃[38;2;228;1;1m▃[38;2;219;3;2m▃[38;2;228;3;3m▃[38;2;237;2;2m▄[38;2;170;5;5m▅[0m [38;2;0;0;0m                     [0m[u[0m [38;2;0;0;0m                               [0m  [38;2;0;0;0m                [0m
 [38;2;0;0;0m                            [0m [38;2;140;6;5m▂[38;2;234;2;2m▃[7m[38;2;198;5;5m▚[0m [38;2;0;0;0m   [0m  [38;2;0;0;0m      [7m[38;2;113;6;5m▊[0m[38;2;177;5;4m▌   [0m
 [38;2;0;0;0m                          [38;2;160;8;7m▗[38;2;221;4;4m▆[38;2;245;1;1;48;2;136;7;7m▇[38;2;88;4;4;48;2;239;2;2m▗[0m[7m[38;2;172;3;3m▅[0m [38;2;0;0;0m    [0m [7m[38;2;112;6;6m▖[0m[38;2;207;4;4m▃[0m [38;2;0;0;0m   [7m[38;2;90;4;4m▉[38;2;231;3;3m▘[0m[38;2;161;4;4m▌   [0m
   [38;2;0;0;0m                       [7m[38;2;84;4;4m▉[0m[38;2;131;7;7;48;2;224;4;3m▏[38;2;243;1;1;48;2;246;0;0m▇[38;2;230;3;3;48;2;103;3;3m▊[0m[7m[38;2;46;2;2m▇[0m [38;2;0;0;0m      [0m [38;2;161;10;10;48;2;235;4;4m▏[0m[38;2;144;6;6m▌   [7m[38;2;174;7;7m▍[0m[38;2;172;5;5m▌    [0m
 [38;2;0;0;0m [0m  [38;2;41;2;2;48;2;10;1;1m┈[0m[38;2;2;0;0m╴[0m [38;2;0;0;0m       [7m[38;2;66;3;3m▉[0m[38;2;131;8;7m▆[0m [38;2;0;0;0m     [0m [38;2;115;9;8m┎[0m [38;2;4;0;0m [7m[38;2;190;7;7m▌[0m[38;2;9;0;0;48;2;242;2;1m  [38;2;242;2;1;48;2;234;3;2m┈[0m[38;2;208;4;3m▅[38;2;231;6;5m▃[7m[38;2;166;7;6m▝[0m [38;2;0;0;0m [0m [38;2;68;3;3m▁ [38;2;176;10;10m▝[7m[38;2;140;5;4m▅[0m [38;2;0;0;0m [0m [38;2;0;0;0m [0m [38;2;65;4;4m▘    [0m
 [38;2;0;0;0m  [0m [38;2;173;4;3m▗[38;2;203;4;3;48;2;70;2;2m▊[0m [38;2;0;0;0m       [7m[38;2;90;5;5m▋[0m[38;2;222;8;8;48;2;182;7;7m▉[0m[38;2;140;8;8m▖     [7m[38;2;141;9;8m▋[38;2;191;7;6m▝[0m [38;2;0;0;0m [7m[38;2;158;7;7m▍[0m[38;2;4;0;0;48;2;242;2;1m [38;2;244;0;0m▁▁▁▁[38;2;242;2;1;48;2;239;3;2m┈[0m[38;2;223;4;4m▄[38;2;220;3;3m▄[38;2;199;5;5;48;2;75;3;3m▆[0m[38;2;145;7;7m▘ [0m [38;2;113;7;7m▃[0m  [38;2;45;2;2;48;2;176;9;9m▎[0m[38;2;93;5;5m▋      [0m
 [38;2;0;0;0m  [7m[38;2;70;4;4m▊[0m[38;2;246;0;0;48;2;233;2;2m┊[38;2;44;1;1;48;2;39;1;1m╴[0m[38;2;44;1;1m        [7m[38;2;98;3;2m▊[0m[38;2;205;12;12;48;2;243;1;1m▎[38;2;203;5;4;48;2;28;0;0m▊[0m[38;2;203;5;4m  [38;2;206;8;8m▗[38;2;146;6;6m▂[38;2;177;4;4m▃[38;2;92;4;4;48;2;237;2;2m▘[38;2;247;0;0;48;2;244;1;0m┈[0m[38;2;224;2;2m▆[38;2;232;3;3m▅[38;2;247;0;0;48;2;231;2;2m┈[48;2;244;0;0m▄▄▄▄[48;2;243;0;0m┈[0m[7m[38;2;227;2;1m▃[38;2;148;6;5m▖[38;2;210;5;5m▗[0m[38;2;114;4;4m▘ [0m [7m[38;2;222;4;4m▘[0m[38;2;167;7;7m▌[0m [7m[38;2;129;7;7m▘[38;2;160;8;7m▄[38;2;88;5;4m▉[0m[38;2;142;9;8m▖   [38;2;115;7;7m▃[38;2;88;9;9m╸[0m
 [38;2;0;0;0m  [0m [7m[38;2;161;3;2m▃[38;2;95;3;3m▝[0m [38;2;0;0;0m       [0m [38;2;104;5;5;48;2;231;4;3m▖[38;2;240;2;2;48;2;133;5;5m▊[0m[38;2;54;2;2m▏ [7m[38;2;181;6;6m▍[0m[38;2;251;0;0;48;2;243;1;1m▇[48;2;247;0;0m▇▇▇▇▇▇▇▇▇[48;2;244;1;1m╴[0m[7m[38;2;139;3;3m┏[0m[38;2;146;5;5m▅[0m   [38;2;189;5;4m▂[38;2;71;3;3;48;2;236;3;2m▘[38;2;251;0;0;48;2;248;0;0m▇[0m[38;2;212;5;4m▊[0m [7m[38;2;60;6;5m▇[0m[38;2;162;4;4m▗[38;2;87;4;3;48;2;241;2;2m▘[0m[38;2;161;6;6m▋  [7m[38;2;125;6;6m▋[0m[38;2;219;7;6;48;2;75;3;3m▊[0m [0m
 [38;2;0;0;0m    [0m [38;2;80;6;6m▝[38;2;160;6;5m▆[38;2;169;4;4m▃[0m [38;2;0;0;0m   [38;2;127;7;6m╺[38;2;93;6;6m▄[7m[38;2;165;6;6m▍[0m[38;2;251;0;0;48;2;250;0;0m┊[38;2;61;1;1;48;2;181;6;5m▝[0m[7m[38;2;158;6;6m▝[0m[38;2;35;1;1;48;2;204;7;6m▌[38;2;249;0;0;48;2;251;0;0m▏         [38;2;251;0;0;48;2;249;0;0m┈[38;2;250;0;0;48;2;209;7;7m▇[38;2;251;0;0;48;2;241;1;1m┈[0m[38;2;247;1;1m▅[38;2;236;2;2m▆[38;2;245;1;1;48;2;117;5;5m▇[38;2;251;0;0;48;2;250;0;0m┈[48;2;251;0;0m [48;2;246;1;1m┈[0m[38;2;218;4;4m▘ [7m[38;2;152;5;5m▍[0m[38;2;251;0;0;48;2;245;2;1m┈[38;2;63;3;2;48;2;228;2;2m▁[0m[38;2;160;7;7m▘  [7m[38;2;81;3;3m▊[0m[38;2;149;7;6;48;2;234;3;3m▏[0m[38;2;192;5;5m▌[0m
[38;2;188;8;8;48;2;65;3;3m▚[0m[38;2;146;4;4m▖[38;2;66;6;5m╺[38;2;164;9;8m▗[0m [38;2;79;6;6m▖ [38;2;51;3;3m▝[38;2;26;0;0;48;2;202;4;4m▖[38;2;66;2;2;48;2;227;2;2m▝[0m[38;2;143;5;5m▖[38;2;44;5;5m▗[38;2;68;7;7m▁ [38;2;195;9;9;48;2;44;2;2m▗[38;2;35;1;1;48;2;108;9;8m▉[38;2;158;6;6;48;2;239;2;2m▏[48;2;251;0;0m [38;2;251;0;0;48;2;228;2;2m╴[48;2;238;1;1m┈[48;2;251;0;0m     [48;2;247;1;1m┈[38;2;44;1;1;48;2;203;4;4m▗[38;2;178;4;4;48;2;240;2;1m▏[38;2;251;0;0;48;2;242;1;1m┈[38;2;42;1;1;48;2;230;2;2m▂[38;2;89;5;4;48;2;232;3;3m▅[38;2;66;3;3;48;2;204;4;4m▖[48;2;251;0;0m   [38;2;78;3;3;48;2;232;3;3m▗[38;2;172;4;3;48;2;243;1;1m▁[48;2;251;0;0m [38;2;251;0;0;48;2;244;1;1m┈[0m[38;2;223;4;4m▖[7m[38;2;100;4;4m▉[0m[38;2;180;7;7;48;2;112;3;3m▉[0m[7m[38;2;145;6;5m▆[0m [7m[38;2;166;5;5m▌[38;2;167;5;5m▝[0m [38;2;0;0;0m [7m[38;2;147;6;6m▌[0m[38;2;206;5;5m▋[0m
 [7m[38;2;164;5;5m▖[0m[38;2;117;5;5m▅[38;2;81;3;3m▝[38;2;73;3;3;48;2;185;7;6m▝[38;2;35;1;1;48;2;172;6;6m▘[0m[38;2;214;4;4m▆[38;2;195;3;3m▅[38;2;63;2;2m▖[38;2;19;0;0;48;2;191;5;5m▖[38;2;251;0;0;48;2;232;2;2m╴[0m[38;2;143;7;7m▖[7m[38;2;104;5;5m▖[0m[38;2;177;6;6m▄[38;2;56;1;1;48;2;223;5;5m▍[38;2;86;4;4;48;2;239;2;2m▝[38;2;69;2;2;48;2;182;6;6m▚[38;2;185;5;5;48;2;243;1;1m▁[48;2;251;0;0m [38;2;157;4;3;48;2;236;2;2m▁[38;2;170;7;7;48;2;248;1;1m▁[38;2;251;0;0;48;2;247;1;1m┈[38;2;192;5;5;48;2;249;0;0m▁[48;2;251;0;0m [38;2;53;1;1;48;2;222;4;4m▗[38;2;220;5;5;48;2;103;3;3m▗[38;2;232;3;2;48;2;46;2;2m▆[38;2;102;8;7;48;2;198;8;7m▚[38;2;170;6;6;48;2;48;1;1m▚[38;2;229;2;2;48;2;70;3;3m▆[38;2;251;0;0;48;2;247;1;1m┈[38;2;81;0;0;48;2;191;8;7m┃[38;2;246;1;1;48;2;251;0;0m▏ [38;2;247;1;1;48;2;197;11;11m▉[38;2;209;7;6;48;2;43;1;1m▂[38;2;233;5;5;48;2;70;2;2m▂[38;2;173;7;7;48;2;236;2;2m╴[48;2;251;0;0m [38;2;186;11;11;48;2;246;2;2m╶[38;2;206;8;8;48;2;138;7;6m▝[38;2;149;6;6;48;2;242;2;2m▝[0m[38;2;134;5;5m▖[38;2;157;6;6m▅[7m[38;2;196;5;4m▎[0m[38;2;251;0;0;48;2;248;1;1m╴[0m[38;2;133;5;5m▌ [38;2;60;5;4m▝[0m [0m
[38;2;86;6;5m▁[0m [7m[38;2;23;2;2m▆[0m[38;2;0;0;0m [38;2;171;7;6m▝[38;2;135;6;6;48;2;238;2;2m▁[38;2;251;0;0;48;2;250;0;0m┈[38;2;122;4;4;48;2;204;5;5m╺[0m[7m[38;2;133;6;6m▂[0m[38;2;90;7;6m▖[38;2;17;17;17;48;2;177;8;8m▖[38;2;207;6;6;48;2;105;8;8m╴[0m[38;2;22;187;186m▂[38;2;21;158;157;48;2;83;3;3m▂[38;2;135;8;8;48;2;243;2;2m▖[48;2;251;0;0m [38;2;251;0;0;48;2;248;1;1m┈[38;2;242;2;2;48;2;173;5;5m▇[48;2;251;0;0m [38;2;232;2;2;48;2;154;3;3m▉[38;2;204;5;5;48;2;45;1;1m▂[38;2;30;1;1;48;2;191;7;7m▆[38;2;153;12;11;48;2;63;3;3m▗[38;2;110;3;3;48;2;230;4;4m╸[38;2;61;0;0;48;2;192;6;6m╹[38;2;251;0;0;48;2;249;1;1m┈[48;2;251;0;0m [38;2;234;1;1;48;2;142;2;2m▇[38;2;251;0;0;48;2;237;2;2m┈[48;2;251;0;0m [48;2;238;2;2m╴[38;2;119;4;4;48;2;216;10;9m▋[38;2;101;4;4;48;2;242;2;2m▄[38;2;111;6;6;48;2;237;3;2m╸[38;2;250;0;0;48;2;251;0;0m┈     [38;2;239;2;2;48;2;167;6;6m▉[38;2;116;4;4;48;2;223;6;6m▋[38;2;218;5;4;48;2;53;0;0m▊[0m[38;2;151;6;5m▝[38;2;173;4;4;48;2;241;2;2m▏[38;2;251;0;0;48;2;231;2;2m╴[0m[38;2;169;6;6m▘   [0m
[38;2;44;1;1;48;2;200;4;4m▌[38;2;182;2;2;48;2;8;0;0m▌[0m  [38;2;181;10;10;48;2;29;1;1m▗[0m[38;2;6;0;0m╴[7m[38;2;92;4;4m▅[0m[38;2;18;121;121m▁[38;2;5;34;34;48;2;13;213;212m▘[38;2;7;246;245;48;2;13;70;70m▆[38;2;11;231;230;48;2;33;154;153m▇[38;2;8;241;240;48;2;45;79;78m▄[38;2;19;232;231;48;2;2;251;250m▏[38;2;0;252;251m┈[38;2;63;22;22;48;2;16;205;204m▝[38;2;50;33;33;48;2;222;4;4m▖[38;2;246;1;1;48;2;214;6;6m▉[38;2;179;5;4;48;2;239;2;2m▁[38;2;193;6;6;48;2;238;2;2m╷[48;2;249;0;0m [38;2;250;0;0;48;2;251;0;0m┊[38;2;244;1;1;48;2;155;6;6m▇[38;2;216;5;5;48;2;108;4;4m▄[38;2;244;2;2;48;2;251;0;0m▏[38;2;249;0;0m▂ [38;2;251;0;0;48;2;245;1;1m┈[38;2;250;0;0;48;2;242;2;2m┈[48;2;251;0;0m [48;2;247;1;1m▉[38;2;204;5;5;48;2;65;2;2m▌[38;2;154;5;5;48;2;85;6;6m▗[38;2;78;3;3;48;2;233;3;3m▘[48;2;251;0;0m  [38;2;250;0;0m▁[38;2;169;4;4;48;2;244;1;1m▁[38;2;44;1;1;48;2;235;2;2m▄[38;2;20;1;1;48;2;232;5;4m▆[38;2;15;0;0;48;2;224;6;5m▆[38;2;31;1;1;48;2;219;4;4m▖[38;2;214;7;7;48;2;116;5;4m▎[0m[38;2;162;7;7m▊[7m[38;2;163;5;4m▘[0m[38;2;223;3;3;48;2;126;3;3m▉[0m[7m[38;2;116;4;4m▇[0m[38;2;131;5;5m▄   [0m
[7m[38;2;106;2;2m╴[0m[38;2;6;0;0;48;2;181;3;3m▝[0m  [38;2;35;1;1;48;2;209;5;5m▍[38;2;223;7;6;48;2;55;0;0m▌[38;2;114;7;6;48;2;0;0;0m▅[38;2;19;242;241;48;2;8;42;41m▝[38;2;10;56;55;48;2;19;196;195m▆[38;2;32;209;208;48;2;6;35;34m▂[38;2;21;183;182;48;2;4;27;26m▁[38;2;19;192;191;48;2;8;35;34m▗[38;2;14;238;237;48;2;21;91;90m▄[38;2;15;74;74;48;2;23;156;155m▗[38;2;20;103;102;48;2;28;156;155m▖[38;2;158;7;7;48;2;9;15;15m▝[38;2;93;5;5;48;2;234;3;2m▂[38;2;85;2;2;48;2;183;8;7m▚[38;2;143;6;5;48;2;205;5;5m▝[38;2;180;6;6;48;2;244;2;2m▏[38;2;251;0;0;48;2;250;0;0m┈[38;2;234;5;4;48;2;251;0;0m▁ [38;2;248;0;0m▗[38;2;92;3;3;48;2;204;6;6m▗[38;2;217;13;12;48;2;243;2;2m▏[38;2;189;7;7;48;2;102;4;4m▚[38;2;250;0;0;48;2;244;1;1m┊[48;2;251;0;0m [48;2;242;3;3m▉[38;2;216;4;4;48;2;77;3;3m▃[38;2;199;8;8;48;2;244;2;2m▏[48;2;251;0;0m  [38;2;249;0;0;48;2;239;1;1m┈[38;2;57;2;2;48;2;225;3;3m▄[38;2;11;0;0;48;2;108;5;5m▇[48;2;0;0;0m   [38;2;10;0;0;48;2;150;8;8m▊[38;2;245;2;2;48;2;233;4;4m┊[38;2;207;7;6;48;2;109;7;7m▃[38;2;158;5;5;48;2;239;2;2m▏[38;2;216;8;8;48;2;88;3;2m▌[38;2;153;7;7;48;2;234;2;2m▏[0m[38;2;204;6;6m▋   [0m
 [7m[38;2;85;3;3m▆[0m[38;2;68;5;5;48;2;23;2;1m╺[38;2;133;10;10;48;2;7;0;0m▅[38;2;121;5;4;48;2;239;3;3m▎[38;2;136;3;3;48;2;229;3;3m╵[38;2;238;3;3;48;2;167;6;6m▉[38;2;116;4;4;48;2;22;1;1m▏[38;2;27;117;116;48;2;5;25;25m▝[38;2;31;222;221;48;2;12;99;98m╾[38;2;16;117;116;48;2;18;236;235m╾[38;2;11;71;70;48;2;28;172;171m┒[38;2;46;191;190;48;2;20;125;124m┏[38;2;143;10;10;48;2;38;109;109m▅[38;2;156;7;7;48;2;19;82;81m▆[38;2;135;42;42;48;2;42;96;95m▏[38;2;27;115;114;48;2;2;11;11m▎[38;2;0;0;0;48;2;31;1;1m▇[38;2;210;7;7;48;2;22;0;0m▝[38;2;17;0;0;48;2;232;2;2m▂[38;2;67;4;4;48;2;191;5;5m▖[38;2;187;8;7;48;2;247;1;1m▘[38;2;114;3;3;48;2;219;4;3m▗[38;2;229;8;8;48;2;249;0;0m▎[38;2;212;6;6;48;2;84;3;3m▍[38;2;81;2;2;48;2;216;5;5m▃[38;2;77;2;2;48;2;175;7;7m┗[38;2;147;6;5;48;2;235;2;2m▂[48;2;250;0;0m [48;2;251;0;0m  [38;2;251;0;0;48;2;249;1;1m┈[38;2;118;6;5;48;2;247;1;1m▂[38;2;34;1;1;48;2;218;3;3m▄[38;2;117;7;7;48;2;22;0;0m▚[38;2;140;9;9;48;2;5;0;0m▖[48;2;0;0;0m    [38;2;8;0;0;48;2;141;6;5m▋[38;2;224;11;10;48;2;249;0;0m▏[38;2;197;9;8;48;2;240;3;3m╷[38;2;251;0;0;48;2;249;0;0m┊[38;2;107;6;5;48;2;177;7;7m┢[38;2;231;6;6;48;2;245;1;1m▁[0m[38;2;159;5;5m▌   [0m
 [38;2;0;0;0m [0m [7m[38;2;184;8;8m▖[0m[38;2;251;0;0;48;2;250;0;0m┊[48;2;251;0;0m [48;2;250;0;0m┈[38;2;18;0;0;48;2;168;5;5m▗[38;2;0;0;0;48;2;5;6;6m┊[38;2;27;133;132;48;2;1;6;6m▁[38;2;26;174;173;48;2;6;43;42m▗[38;2;25;163;162;48;2;8;57;57m▖[38;2;17;84;83;48;2;31;162;161m▂[38;2;31;144;143;48;2;62;38;37m▆[38;2;35;156;155;48;2;65;76;76m┳[38;2;1;60;59;48;2;31;156;155m▁[38;2;21;227;226;48;2;27;152;151m▆[38;2;18;93;92;48;2;2;20;20m▏[38;2;21;211;210;48;2;1;27;26m▅[38;2;28;110;109;48;2;6;11;11m▏[38;2;162;9;8;48;2;75;7;6m▆[38;2;190;7;6;48;2;102;5;5m▆[38;2;247;1;1;48;2;149;5;5m▆[48;2;251;0;0m [38;2;251;0;0;48;2;250;0;0m┈[38;2;242;1;1;48;2;99;4;4m▆[38;2;229;5;5;48;2;70;3;3m▄[38;2;47;1;1;48;2;164;10;9m━[38;2;7;0;0;48;2;160;6;6m━[38;2;41;1;1;48;2;242;4;4m▆[38;2;10;0;0;48;2;217;6;6m▆[38;2;8;0;0;48;2;169;8;7m▇[38;2;0;0;0;48;2;16;0;0m▇[38;2;5;0;0;48;2;126;9;9m▅[38;2;10;0;0;48;2;171;11;11m▅[38;2;8;0;0;48;2;83;4;4m▇[48;2;0;0;0m  [38;2;0;0;0;48;2;9;0;0m┈[38;2;191;5;5;48;2;20;1;1m▃[38;2;135;5;5;48;2;230;3;3m▘[38;2;169;7;6;48;2;225;4;4m┏[38;2;162;7;7;48;2;240;2;2m▘[38;2;251;0;0;48;2;249;0;0m▇[0m[7m[38;2;183;4;4m▗[38;2;143;7;7m▅[0m [38;2;0;0;0m   [0m
 [38;2;0;0;0m  [38;2;85;6;5m▝[7m[38;2;214;3;3m▂[0m[38;2;188;5;5;48;2;249;0;0m▁[38;2;251;0;0;48;2;228;4;4m╴[38;2;96;6;5;48;2;10;0;0m▏[38;2;3;33;33;48;2;24;190;189m▌[38;2;22;144;143;48;2;13;233;232m▂[38;2;22;208;207;48;2;17;105;104m▆[38;2;16;199;198;48;2;4;32;31m▅[38;2;19;238;237;48;2;15;87;86m▃[38;2;1;30;29;48;2;27;194;193m━[38;2;0;4;4;48;2;19;189;188m─[48;2;22;179;178m─[38;2;16;220;219;48;2;4;32;32m▃[38;2;8;247;246;48;2;4;22;21m▃[38;2;8;246;245;48;2;2;20;20m▄[38;2;27;196;195;48;2;1;8;7m▖[38;2;11;103;102;48;2;5;12;12m▁[38;2;17;61;61;48;2;132;7;6m▆[38;2;77;4;4;48;2;204;9;9m▇[38;2;74;4;4;48;2;199;6;6m▆[38;2;57;2;2;48;2;238;2;2m▂[38;2;251;0;0;48;2;248;1;0m┈[38;2;181;8;8;48;2;235;3;3m╺[38;2;98;3;3;48;2;191;7;6m▗[38;2;88;3;3;48;2;172;8;8m▁[38;2;100;2;2;48;2;169;9;9m╴[38;2;162;8;8;48;2;50;0;0m▇[38;2;189;8;7;48;2;16;0;0m▆[38;2;186;8;8;48;2;19;0;0m▅[38;2;172;8;8;48;2;4;0;0m▅[38;2;171;7;7;48;2;1;0;0m▅[38;2;175;7;6;48;2;3;0;0m▅[38;2;190;8;7;48;2;20;0;0m▅[38;2;199;6;6;48;2;39;1;1m▆[38;2;137;4;4;48;2;213;5;5m─[38;2;164;7;7;48;2;223;4;4m╸[38;2;107;4;4;48;2;213;5;4m▂[38;2;114;4;4;48;2;230;3;3m▄[38;2;160;6;6;48;2;243;2;2m╸[38;2;54;5;5;48;2;224;3;3m▗[0m[38;2;27;200;199m▃[38;2;22;171;171m▂    [0m
 [38;2;0;0;0m  [0m [38;2;137;11;10m━[38;2;182;10;10;48;2;60;2;2m─[38;2;56;3;3;48;2;229;4;4m▆[38;2;185;8;8;48;2;46;4;3m▘[38;2;17;13;13;48;2;19;132;131m▇[38;2;79;10;10;48;2;16;211;210m▄[38;2;4;23;23;48;2;24;199;198m▃[38;2;6;36;35;48;2;25;156;155m▂[38;2;0;7;6;48;2;23;188;187m▁[38;2;0;22;21;48;2;22;205;204m▁[38;2;0;5;4;48;2;24;215;214m▁[38;2;4;35;35;48;2;25;213;212m▂[38;2;2;22;21;48;2;15;245;244m▅[38;2;0;2;2;48;2;13;229;228m▅[38;2;6;49;48;48;2;20;232;231m▆[38;2;24;172;171;48;2;2;17;17m▂[38;2;8;61;60;48;2;15;191;190m▃[38;2;2;7;7;48;2;18;197;196m▝[38;2;0;0;0;48;2;24;13;13m┈[38;2;22;0;0;48;2;156;10;10m▊[38;2;183;8;8;48;2;64;1;1m▋[38;2;146;6;6;48;2;242;3;3m▎[48;2;251;0;0m [38;2;251;0;0;48;2;246;1;1m┈[38;2;229;2;2;48;2;70;2;2m▆[38;2;60;2;2;48;2;175;4;4m━[38;2;86;3;3;48;2;191;5;5m▃[38;2;227;4;4;48;2;127;4;4m▄[38;2;49;1;1;48;2;204;4;4m━[38;2;58;2;2;48;2;237;3;2m▄[38;2;10;0;0;48;2;230;2;2m▃[38;2;12;0;0;48;2;234;2;1m▃[38;2;52;2;2;48;2;245;2;2m▄[38;2;73;3;3;48;2;227;3;3m▄[38;2;18;0;0;48;2;185;5;5m━[38;2;228;4;4;48;2;82;3;3m▃[38;2;188;5;4;48;2;66;2;2m▆[38;2;45;57;57;48;2;230;3;3m▃[38;2;21;196;195;48;2;119;4;4m▃[38;2;17;193;192;48;2;16;75;74m▝[38;2;17;196;195;48;2;17;98;97m▆[38;2;13;91;90;48;2;16;215;214m━[0m[38;2;16;162;161m▇[38;2;17;185;184m▄[0m [38;2;0;0;0m [0m
 [38;2;0;0;0m     [0m [38;2;143;9;9;48;2;23;1;1m▗[38;2;181;8;8;48;2;16;0;0m▖[38;2;31;3;2;48;2;138;8;8m▅[38;2;10;0;0;48;2;1;0;0m▏[48;2;0;0;0m   [38;2;0;0;0;48;2;1;7;7m┈[38;2;15;224;223;48;2;3;16;16m▂[38;2;10;246;245;48;2;1;15;15m▃[38;2;8;248;247;48;2;0;14;14m▃[38;2;14;85;84;48;2;6;245;245m▘[38;2;0;252;251;48;2;2;251;250m┈[38;2;22;209;208;48;2;4;42;41m▋[38;2;14;120;119;48;2;8;245;244m▎[38;2;5;249;248;48;2;22;180;179m▇[38;2;25;155;154;48;2;8;10;10m▎[38;2;228;7;7;48;2;62;3;2m▗[38;2;118;4;4;48;2;234;3;3m▗[38;2;95;3;3;48;2;238;3;3m▖[48;2;251;0;0m [38;2;251;0;0;48;2;249;1;1m┈[38;2;129;5;5;48;2;248;1;1m▁[38;2;241;2;2;48;2;164;6;6m▇[38;2;197;8;8;48;2;68;3;2m▖[38;2;29;1;1;48;2;221;3;3m▄[38;2;84;3;3;48;2;238;3;3m▂[38;2;244;2;2;48;2;130;6;6m▇[38;2;248;1;1;48;2;107;3;3m▇[38;2;250;0;0;48;2;192;11;10m▇[38;2;158;5;4;48;2;237;2;1m▁[38;2;28;152;151;48;2;189;8;8m▄[38;2;5;248;247;48;2;67;45;45m▅[38;2;9;236;235;48;2;16;107;106m▃[38;2;16;113;112;48;2;11;239;238m▃[38;2;0;252;251;48;2;5;245;244m┈[38;2;12;223;222;48;2;14;171;170m▇[38;2;22;226;225;48;2;9;58;58m▂[38;2;0;6;6;48;2;15;156;155m╾[38;2;18;126;125;48;2;19;202;201m▂[38;2;14;126;125;48;2;14;233;232m▌[0m[38;2;16;212;211m▋ [0m
 [38;2;0;0;0m      [0m [7m[38;2;93;6;6m▄[0m[38;2;0;0;0;48;2;0;0;0m┈┈[38;2;128;10;9;48;2;11;1;0m▁[38;2;0;0;0;48;2;1;0;0m┈[38;2;1;9;9;48;2;21;104;103m▉[38;2;14;116;115;48;2;12;243;242m▘[38;2;19;108;107;48;2;8;226;225m▗[38;2;15;127;126;48;2;12;207;206m┒[38;2;16;101;100;48;2;5;248;247m▃[38;2;21;142;141;48;2;14;241;240m▁[38;2;17;245;244;48;2;14;88;87m▗[38;2;8;242;241;48;2;9;64;64m▅[38;2;0;252;251;48;2;2;251;250m┈[38;2;3;251;250;48;2;43;221;220m▉[38;2;15;134;134;48;2;5;17;17m▏[38;2;152;11;10;48;2;69;5;4m┑[38;2;98;4;4;48;2;223;5;4m▘[38;2;251;0;0;48;2;247;1;1m┈[38;2;17;0;0;48;2;198;4;4m▗[38;2;34;1;1;48;2;168;7;6m▇[38;2;204;6;5;48;2;65;2;2m▅[38;2;52;2;2;48;2;228;3;3m▂[38;2;129;6;5;48;2;25;1;1m▚[38;2;143;9;9;48;2;17;0;0m▄[38;2;226;8;8;48;2;48;24;23m━[38;2;223;10;10;48;2;95;12;11m╾[38;2;60;2;1;48;2;184;5;5m╾[38;2;150;5;5;48;2;244;2;2m▖[0m[38;2;152;7;6m▍[7m[38;2;13;182;181m▄[38;2;5;241;240m▂[0m[38;2;0;252;251;48;2;2;250;249m┈[48;2;8;238;237m┈[38;2;21;237;236;48;2;15;104;103m╸[38;2;6;45;44;48;2;27;164;163m▆[38;2;2;17;16;48;2;12;235;234m▄[38;2;0;22;21;48;2;8;245;244m▃[38;2;15;136;135;48;2;9;249;248m▃[38;2;3;80;79;48;2;17;223;222m╶[0m[38;2;17;130;130m▘ [0m
 [38;2;0;0;0m         [0m  [38;2;0;0;0;48;2;2;0;0m┈[48;2;0;3;3m┈[38;2;13;213;212;48;2;11;60;59m▂[38;2;18;141;140;48;2;3;250;249m▘[48;2;0;252;251m [38;2;1;252;251;48;2;3;248;247m┈[38;2;14;181;180;48;2;5;35;34m▋[38;2;0;37;36;48;2;16;195;194m▏[38;2;18;103;102;48;2;17;199;198m┕[38;2;11;68;67;48;2;14;201;200m╸[38;2;11;80;79;48;2;22;205;204m┏[38;2;14;79;78;48;2;21;203;202m━[38;2;29;183;182;48;2;18;42;42m▂[38;2;3;2;2;48;2;85;2;2m▇[38;2;215;7;7;48;2;68;4;4m▗[38;2;236;4;4;48;2;22;1;1m▃[38;2;223;5;5;48;2;10;0;0m▃[38;2;225;3;2;48;2;20;0;0m▄[38;2;200;4;4;48;2;65;2;2m▆[38;2;22;218;217;48;2;106;23;22m▗[38;2;6;239;238;48;2;29;78;77m▇[38;2;0;252;251;48;2;19;244;243m▇[38;2;26;127;126;48;2;5;249;248m▝[38;2;16;201;200;48;2;145;29;29m▖[38;2;124;9;8;48;2;197;6;6m▝[0m[38;2;106;5;5m▎  [7m[38;2;26;169;168m▇[38;2;21;175;174m▆[38;2;14;225;224m▄[38;2;8;247;246m▃[38;2;14;218;217m▂[38;2;11;235;234m▃[38;2;8;240;239m▄[0m[38;2;16;151;151m▘  [0m
 [38;2;0;0;0m         [38;2;21;138;137m▁[38;2;14;194;193m▃[38;2;8;218;217m▅[38;2;3;249;248;48;2;13;124;123m▆[38;2;0;252;251;48;2;1;252;251m┈[48;2;0;252;251m [48;2;1;252;251m [38;2;15;99;99;48;2;4;246;245m▂[38;2;18;233;232;48;2;5;28;28m▘[38;2;0;1;1;48;2;23;173;172m▆[48;2;23;201;200m▆[38;2;0;0;0;48;2;23;146;145m▆[38;2;0;4;4;48;2;24;151;150m▆[38;2;3;14;14;48;2;19;192;191m▆[48;2;28;166;165m▆[48;2;0;0;0m [38;2;139;5;5;48;2;5;0;0m▝[38;2;16;1;1;48;2;241;3;3m▅[38;2;18;0;0;48;2;243;2;2m▅[38;2;16;1;1;48;2;222;5;4m▆[38;2;2;0;0;48;2;59;3;3m▇[38;2;21;214;213;48;2;2;19;18m▝[38;2;21;111;110;48;2;6;240;239m▁[48;2;0;252;251m  [48;2;1;252;251m [38;2;4;242;241;48;2;55;81;81m▆[38;2;8;219;218;48;2;124;19;19m▄[0m[38;2;15;162;162m▂[0m [38;2;0;0;0m          [0m
 [38;2;0;0;0m     [38;2;33;152;151m╶[38;2;20;201;201m━[38;2;5;250;249m━[7m[38;2;11;196;196m▁[38;2;7;230;229m▁[38;2;4;250;249m▂[38;2;7;248;247m▂[0m[38;2;12;39;38;48;2;4;250;249m▃[38;2;30;29;29;48;2;7;248;247m▄[38;2;24;12;12;48;2;11;234;233m▅[38;2;2;12;12;48;2;22;202;201m▇[38;2;0;4;3;48;2;15;108;107m▉[38;2;15;232;231;48;2;14;87;87m▆[38;2;11;206;205;48;2;3;13;13m▄[38;2;14;97;96;48;2;1;6;6m▁[38;2;31;151;150;48;2;1;9;9m▁[38;2;24;102;101;48;2;0;0;0m▂ [38;2;8;0;0m▁  [38;2;28;141;140;48;2;0;3;3m▁[38;2;30;160;159;48;2;0;1;1m▁[38;2;18;140;139;48;2;1;7;7m▂[38;2;1;22;22;48;2;10;211;210m▘[38;2;32;211;210;48;2;2;18;17m▍[38;2;0;0;0;48;2;1;5;5m┈[38;2;8;11;11;48;2;16;204;203m▆[38;2;27;9;9;48;2;10;229;228m▄[38;2;6;24;24;48;2;5;247;246m▃[38;2;7;42;41;48;2;4;250;249m▂[38;2;1;30;29;48;2;5;248;247m▁[38;2;10;100;99;48;2;3;251;250m▁[38;2;7;232;232;48;2;20;128;127m▇[0m[38;2;8;221;220m▆[38;2;11;196;195m▅[38;2;18;144;143m▄[0m [38;2;0;0;0m      [0m
 [38;2;0;0;0m            [38;2;195;9;8m▝[38;2;138;5;5;48;2;234;3;3m▁[38;2;117;4;4;48;2;246;1;1m▝[38;2;230;4;3;48;2;29;1;1m▂[38;2;211;10;10;48;2;6;0;0m▁[38;2;15;243;242;48;2;48;41;41m▝[38;2;151;5;5;48;2;9;225;224m▃[38;2;20;203;202;48;2;139;11;11m▘[38;2;237;2;2;48;2;37;77;76m▅[38;2;241;3;3;48;2;51;28;28m▆[38;2;221;3;3;48;2;52;0;0m▇[38;2;41;0;0;48;2;219;4;4m▁[38;2;218;3;3;48;2;68;2;1m▇[38;2;242;2;2;48;2;74;4;4m▆[48;2;44;28;27m▅[38;2;218;4;4;48;2;29;107;106m▄[38;2;161;9;9;48;2;17;234;233m▃[38;2;67;17;17;48;2;14;202;201m▄[38;2;213;10;10;48;2;9;6;6m▁[38;2;228;4;4;48;2;21;1;1m▂[38;2;31;1;1;48;2;221;3;3m▘[38;2;251;0;0;48;2;239;2;2m┈[0m[7m[38;2;197;4;4m▃[0m[38;2;60;4;4m▘[0m   [38;2;0;0;0m          [0m
 [38;2;0;0;0m             [0m [7m[38;2;194;5;4m▅[38;2;218;3;2m▄[0m[38;2;42;2;2;48;2;203;4;4m▖[38;2;77;0;0;48;2;226;4;4m─[38;2;96;3;3;48;2;236;3;3m╼[38;2;125;5;5m━[38;2;118;5;5;48;2;216;7;7m▆[38;2;235;2;2;48;2;93;4;3m▄[38;2;244;2;2;48;2;38;0;0m▆[38;2;241;2;2;48;2;16;0;0m▆[38;2;243;2;2;48;2;33;0;0m▆[38;2;223;3;3;48;2;89;3;3m▄[38;2;154;8;8;48;2;202;6;6m▍[38;2;118;3;3;48;2;237;3;3m╾[38;2;168;7;7;48;2;225;2;2m┐[38;2;164;8;8;48;2;248;1;1m▃[0m[7m[38;2;226;1;1m▂[38;2;222;2;2m▃[38;2;216;3;3m▅[38;2;128;4;4m▇[0m[38;2;6;0;0m               [0m
 [38;2;0;0;0m                [0m [7m[38;2;157;6;5m▆[38;2;224;4;4m▅[38;2;162;5;5m▖[0m[38;2;251;0;0;48;2;238;2;2m┈[48;2;251;0;0m     [38;2;161;6;6;48;2;239;2;2m▝[0m[7m[38;2;202;5;5m▄[38;2;221;4;4m▅[38;2;106;5;5m▆[0m[38;2;0;0;0m                   [0m
 [38;2;0;0;0m                   [0m [7m[38;2;160;5;5m▅[38;2;230;3;3m▄[38;2;245;2;2m▄[38;2;239;3;3m▄[38;2;245;2;2m▄[38;2;222;3;3m▄[38;2;181;5;4m▆[0m [38;2;0;0;0m                     [0m[u[0m [38;2;0;0;0m                               [0m  [38;2;63;4;4m           [0m  [38;2;20;1;1m   [0m
 [38;2;0;0;0m                         [0m [38;2;161;8;8m▂[38;2;197;5;5m▃[38;2;212;3;3m▃[38;2;232;4;4m▃[38;2;239;2;2m▄[38;2;170;4;4m▇[38;2;104;7;6m▘   [0m  [38;2;0;0;0m      [0m [38;2;95;3;3;48;2;205;6;6m▝[0m [38;2;8;0;0m  [0m
 [38;2;0;0;0m                         [7m[38;2;137;8;8m▋[0m[38;2;249;1;1;48;2;245;2;2m┊[48;2;251;0;0m [38;2;251;0;0;48;2;249;0;0m┈[38;2;46;2;2;48;2;220;2;2m▗[0m[7m[38;2;159;4;3m▅[0m [38;2;0;0;0m    [38;2;51;3;3m▝[38;2;205;8;7;48;2;76;3;2m▚[0m[38;2;162;3;3m▃[0m [38;2;0;0;0m   [38;2;141;5;5m▗[38;2;111;4;4;48;2;239;2;2m▘[0m[38;2;248;1;1m▘   [0m
   [38;2;0;0;0m                       [7m[38;2;163;9;8m▊[0m[38;2;233;6;6;48;2;249;0;0m▏[38;2;247;0;0;48;2;251;0;0m▃[0m[38;2;209;4;4m▋[0m  [38;2;0;0;0m      [7m[38;2;131;7;7m▊[0m[38;2;216;10;9;48;2;244;1;1m▏[0m[38;2;148;7;7m▍   [38;2;29;0;0;48;2;201;7;7m▍[0m[38;2;206;6;5m▘    [0m
    [38;2;36;2;2m━[38;2;94;4;3m▃[0m [38;2;0;0;0m       [38;2;184;12;12m▗[38;2;72;5;5m▋      [0m [38;2;106;7;6m▄[0m [38;2;4;0;0m [7m[38;2;170;6;6m▌[0m[38;2;242;2;1;48;2;244;0;0m▃▃[38;2;227;3;2;48;2;140;2;2m▇[0m[38;2;218;4;3m▄[7m[38;2;170;5;4m▘[0m[38;2;231;4;4m▖  [0m  [38;2;51;8;7m [38;2;153;8;7m▝[7m[38;2;174;4;4m▅[0m   [38;2;0;0;0m [0m  [38;2;27;5;4m    [0m
 [38;2;0;0;0m   [38;2;110;3;2m▗[38;2;210;3;3;48;2;115;2;2m▉[0m[38;2;10;0;0m╴       [7m[38;2;156;8;7m▎[0m[38;2;57;3;3;48;2;217;7;6m▝[0m[38;2;65;3;3m▄     [7m[38;2;131;7;7m▊[0m[38;2;70;3;3;48;2;219;7;7m▝[0m [38;2;0;0;0m [7m[38;2;168;6;6m▍[0m[38;2;242;3;2;48;2;242;2;1m▏    [38;2;242;2;1;48;2;239;3;2m┈[0m[38;2;211;4;3m▅[38;2;219;4;3m▄[38;2;206;5;4;48;2;79;4;4m▆[0m[38;2;146;7;7m▘ [0m [38;2;98;6;6m▄[0m [7m[38;2;91;3;3m▊[0m[38;2;183;10;10;48;2;62;4;4m▇[0m[38;2;38;1;1m▖      [0m
 [38;2;0;0;0m  [0m [38;2;47;2;2;48;2;234;2;2m▍[38;2;186;4;3;48;2;104;1;1m╴[0m [38;2;0;0;0m       [7m[38;2;81;3;3m▊[0m[38;2;157;10;10;48;2;233;5;4m▏[38;2;146;7;7;48;2;231;4;4m▝[0m[38;2;42;1;1m▎ [7m[38;2;107;7;7m▊[0m[38;2;213;8;7m▖[38;2;201;4;4m▃[38;2;107;4;4;48;2;236;2;2m▘[38;2;244;0;0;48;2;243;1;1m┈[38;2;239;2;1;48;2;115;4;4m▆[0m[38;2;226;3;2m▆[38;2;244;0;0;48;2;236;2;2m┈[48;2;242;2;1m▅▅▅▅[48;2;243;1;0m┈[38;2;77;3;3;48;2;227;3;2m▗[0m[7m[38;2;187;5;4m▅[38;2;194;7;7m▗[0m[38;2;138;5;5m▘ [0m [7m[38;2;214;5;5m▘[0m[38;2;177;6;5m▋[0m [7m[38;2;132;8;7m▘[0m[38;2;184;9;9m▘[0m [38;2;111;7;6m▆   [38;2;146;9;8m▗[38;2;110;10;9m╸[0m
 [38;2;0;0;0m  [0m [7m[38;2;50;1;1m╴[0m[38;2;2;0;0;48;2;125;3;3m▝[0m [38;2;0;0;0m       [0m [7m[38;2;199;5;5m▎[0m[38;2;244;1;1;48;2;208;11;10m▉[0m[38;2;96;4;3m▍ [7m[38;2;165;8;7m▌[0m[38;2;243;2;2;48;2;246;0;0m▏[38;2;247;0;0;48;2;244;0;0m▆▆▆▆▆▆▆▆▆[48;2;245;0;0m┈[38;2;47;2;2;48;2;174;4;4m┏[0m[38;2;169;5;5m▅[0m   [38;2;177;5;5m▃[38;2;89;4;4;48;2;236;3;3m▘[48;2;248;0;0m [38;2;241;2;2;48;2;142;7;7m▊[0m  [38;2;157;4;4m▗[38;2;61;2;2;48;2;228;3;3m▘[0m[38;2;205;6;5m▊  [7m[38;2;126;6;6m▊[0m[38;2;214;7;6;48;2;72;3;3m▊[0m [0m
 [38;2;0;0;0m    [0m [38;2;93;5;5m▝[38;2;159;6;6m▆[38;2;200;4;4m▃[0m [38;2;0;0;0m   [38;2;74;5;5m▝[38;2;82;6;6m▅[7m[38;2;170;6;5m▍[0m[38;2;251;0;0;48;2;250;0;0m┊[38;2;57;1;1;48;2;193;5;5m▝[0m[7m[38;2;170;7;6m▝[0m[38;2;35;1;1;48;2;204;7;7m▌[38;2;249;1;0;48;2;251;0;0m▏         [38;2;251;0;0;48;2;250;0;0m┈[38;2;250;0;0;48;2;228;6;6m▇[38;2;251;0;0;48;2;245;1;1m┈[0m[38;2;236;2;2m▆[38;2;243;1;1m▆[38;2;248;1;1;48;2;166;7;7m▇[48;2;251;0;0m  [38;2;251;0;0;48;2;249;0;0m╴[0m[7m[38;2;151;4;3m▗[0m[38;2;2;0;0m [7m[38;2;164;6;5m▌[0m[38;2;201;8;8;48;2;245;1;1m▁[0m[7m[38;2;228;2;2m▂[0m[38;2;151;6;6m▘[0m [38;2;0;0;0m [7m[38;2;71;3;2m▊[0m[38;2;142;7;6;48;2;231;3;3m▏[0m[38;2;186;5;5m▌[0m
[38;2;188;7;7;48;2;73;3;3m▚[0m[38;2;128;4;4m▖[38;2;64;6;5m╺[38;2;176;10;10m▗[0m [38;2;107;14;13m┒[0m  [38;2;17;0;0;48;2;192;4;4m▖[38;2;95;4;3;48;2;237;2;2m▝[0m[38;2;163;6;6m▖[38;2;48;6;5m▗[38;2;77;7;7m▁[0m [38;2;164;7;6;48;2;31;2;2m▄[38;2;141;7;7;48;2;26;1;0m▝[38;2;251;0;0;48;2;234;3;2m┊[48;2;251;0;0m [48;2;231;2;2m┈[48;2;238;1;1m┈[48;2;251;0;0m     [48;2;243;1;1m┈[38;2;73;2;2;48;2;225;4;4m▄[38;2;251;0;0;48;2;237;2;2m┊[38;2;151;5;5;48;2;243;1;1m▁[38;2;44;1;1;48;2;234;3;2m▃[38;2;90;4;4;48;2;211;5;4m▅[38;2;106;4;4;48;2;224;5;4m▌[48;2;251;0;0m   [38;2;66;2;2;48;2;226;3;3m▗[38;2;171;4;4;48;2;242;1;1m▁[48;2;251;0;0m [38;2;251;0;0;48;2;236;6;6m▉[0m[7m[38;2;140;3;3m▝[0m[38;2;146;6;6m▗[38;2;52;2;2;48;2;192;7;7m▗[0m[7m[38;2;88;5;4m▆[0m [7m[38;2;178;6;6m▍[38;2;177;5;5m▝[0m [38;2;0;0;0m [7m[38;2;163;7;6m▋[0m[38;2;196;6;5m▋[0m
[7m[38;2;70;3;3m▇[38;2;180;5;5m▃[38;2;107;6;5m▝[0m[38;2;59;2;2m▝[38;2;219;7;6;48;2;104;4;4m▚[38;2;31;0;0;48;2;183;5;5m▘[0m[38;2;228;4;3m▆[38;2;207;3;3m▅[38;2;59;3;3m▖[38;2;24;0;0;48;2;195;5;5m▖[38;2;251;0;0;48;2;231;2;2m╴[0m[38;2;136;8;7m▖[7m[38;2;104;5;5m▖[0m[38;2;181;6;6m▄[38;2;96;3;3;48;2;238;4;4m▍[38;2;86;3;3;48;2;236;2;2m▝[38;2;72;2;2;48;2;188;5;5m▚[38;2;176;4;4;48;2;241;2;2m▁[48;2;251;0;0m [38;2;151;4;3;48;2;231;2;2m▁[38;2;140;6;5;48;2;246;1;1m▁[38;2;251;0;0;48;2;243;1;1m┈[38;2;171;5;5;48;2;248;1;1m▁[38;2;251;0;0;48;2;250;0;0m▉[38;2;44;1;1;48;2;201;4;4m▗[38;2;215;4;4;48;2;93;3;3m▃[38;2;241;2;2;48;2;78;5;5m▆[38;2;98;6;5;48;2;193;7;7m▚[38;2;215;6;5;48;2;73;3;3m▗[38;2;242;1;1;48;2;117;5;4m▆[38;2;251;0;0;48;2;249;1;1m┈[38;2;78;0;0;48;2;190;8;8m┃[38;2;245;1;1;48;2;251;0;0m▏ [38;2;245;2;2;48;2;183;7;7m▉[38;2;233;5;4;48;2;43;1;1m▂[38;2;245;2;2;48;2;83;3;3m▂[38;2;191;8;8;48;2;241;2;2m╴[48;2;251;0;0m [38;2;186;11;10;48;2;243;2;2m╶[38;2;223;8;7;48;2;141;6;6m▝[38;2;122;5;5;48;2;241;3;3m▝[0m[38;2;136;5;4m▖[38;2;173;6;6m▅[38;2;70;3;3;48;2;213;4;4m▘[38;2;251;0;0;48;2;250;0;0m┈[0m[38;2;154;5;5m▌ [0m  [0m
[38;2;76;6;6m╷[0m [7m[38;2;24;0;0m▇[0m[38;2;0;0;0m [38;2;159;6;6m▝[38;2;92;4;4;48;2;232;2;2m▁[38;2;235;4;4;48;2;251;0;0m▁[38;2;209;5;5;48;2;124;5;5m▋[0m[7m[38;2;123;6;5m▂[0m[38;2;78;9;8m▖[38;2;16;42;42;48;2;168;15;14m▖[38;2;216;7;7;48;2;104;10;9m╴[0m[38;2;15;167;166m▃[38;2;23;202;201;48;2;74;8;8m▂[38;2;113;10;9;48;2;241;2;2m▖[48;2;251;0;0m [38;2;251;0;0;48;2;250;0;0m┈[38;2;246;1;1;48;2;180;6;6m▇[48;2;251;0;0m [38;2;233;2;1;48;2;162;3;3m▉[38;2;192;4;4;48;2;29;1;1m▃[38;2;33;1;1;48;2;168;9;8m▆[38;2;170;12;12;48;2;56;3;3m▗[38;2;130;7;7;48;2;232;4;3m╸[38;2;76;2;2;48;2;199;6;5m╹[38;2;251;0;0;48;2;250;0;0m┈[48;2;251;0;0m [38;2;240;1;1;48;2;153;3;3m▇[38;2;251;0;0;48;2;243;1;1m┈[48;2;251;0;0m [38;2;244;1;1;48;2;181;8;7m▉[38;2;117;4;4;48;2;214;9;9m▋[38;2;91;4;4;48;2;234;2;2m▄[38;2;108;4;4;48;2;241;2;2m╸[38;2;250;0;0;48;2;251;0;0m┈     [38;2;241;2;2;48;2;170;6;6m▉[38;2;112;4;4;48;2;223;6;6m▋[38;2;217;4;4;48;2;43;0;0m▊[0m[38;2;132;5;5m▝[38;2;173;5;5;48;2;241;2;2m▏[38;2;142;3;3;48;2;236;1;1m▁[0m[38;2;160;6;6m▘   [0m
[38;2;53;2;2;48;2;209;2;1m▌[38;2;222;2;2;48;2;21;1;1m▍[0m  [38;2;197;11;11;48;2;36;3;2m▗[0m[38;2;15;0;0m╴[7m[38;2;90;4;4m▆[0m[38;2;14;114;113m▂[38;2;8;49;48;48;2;12;229;228m▘[38;2;9;237;236;48;2;12;62;61m▇[38;2;12;234;233;48;2;29;179;179m▇[38;2;10;234;233;48;2;38;78;76m▅[38;2;19;234;233;48;2;4;251;250m▏[38;2;0;252;251;48;2;2;251;250m┈[38;2;47;32;32;48;2;13;217;216m▝[38;2;46;40;40;48;2;218;4;4m▖[38;2;246;2;2;48;2;212;7;7m▉[38;2;166;8;8;48;2;247;1;1m▖[38;2;190;5;5;48;2;246;1;1m▗[38;2;250;0;0;48;2;249;1;1m┈[48;2;251;0;0m [38;2;251;0;0;48;2;238;2;1m┈[38;2;85;3;3;48;2;200;5;4m▘[38;2;244;2;1;48;2;251;0;0m▏[38;2;249;0;0m▂ [38;2;251;0;0;48;2;241;1;1m┈[38;2;249;1;0;48;2;241;2;2m┊[48;2;251;0;0m [38;2;251;0;0;48;2;246;1;1m▉[38;2;193;5;5;48;2;55;1;1m▌[38;2;179;5;5;48;2;82;6;5m▗[38;2;101;4;4;48;2;241;2;2m▘[48;2;251;0;0m  [38;2;249;0;0m▁[38;2;145;5;5;48;2;239;1;1m▁[38;2;29;1;1;48;2;224;2;2m▄[38;2;9;0;0;48;2;215;6;6m▆[38;2;5;0;0;48;2;196;6;6m▆[38;2;21;0;0;48;2;206;4;4m▖[38;2;202;7;7;48;2;114;4;4m▍[0m[38;2;156;7;7m▊[7m[38;2;179;5;5m▘[0m[38;2;219;3;3;48;2;109;4;4m▉[0m[38;2;106;4;4m▂[38;2;140;5;5m▄   [0m
[7m[38;2;96;1;1m╴[0m[38;2;7;0;0;48;2;181;3;3m▝[0m  [38;2;42;1;1;48;2;213;5;5m▍[38;2;225;6;6;48;2;62;0;0m▌[38;2;151;6;6;48;2;15;1;1m▄[38;2;24;238;237;48;2;7;34;33m▝[38;2;9;60;59;48;2;25;210;209m▇[38;2;22;180;179;48;2;0;8;8m▃[38;2;16;169;168;48;2;0;4;3m▂[38;2;15;216;215;48;2;2;19;19m▗[38;2;14;224;223;48;2;3;43;43m▅[38;2;2;36;35;48;2;26;149;148m╺[38;2;29;186;185;48;2;21;117;117m┗[38;2;138;6;6;48;2;7;17;17m▝[38;2;61;3;3;48;2;229;3;3m▂[38;2;50;0;0;48;2;155;8;7m▗[38;2;127;5;5;48;2;208;5;4m▖[38;2;189;5;5;48;2;245;2;2m▏[38;2;251;0;0;48;2;249;0;0m┈[48;2;247;1;1m┈[38;2;249;0;0;48;2;251;0;0m▁[38;2;248;0;0m▗[38;2;87;3;3;48;2;196;6;6m▗[38;2;214;15;14;48;2;242;3;2m▏[38;2;186;7;7;48;2;105;4;3m▚[38;2;250;0;0;48;2;246;1;1m┊[48;2;251;0;0m [48;2;243;2;2m▉[38;2;237;3;3;48;2;82;4;4m▃[38;2;199;10;9;48;2;243;2;2m╴[48;2;251;0;0m  [38;2;162;3;3;48;2;244;1;1m▁[38;2;40;2;2;48;2;216;3;3m▄[38;2;7;0;0;48;2;85;4;3m▇[48;2;0;0;0m   [38;2;9;0;0;48;2;144;7;7m▊[38;2;247;1;1;48;2;237;4;3m┊[38;2;205;6;6;48;2;99;9;7m▄[38;2;169;5;5;48;2;241;2;2m▏[38;2;216;9;8;48;2;93;3;3m▌[38;2;245;2;2;48;2;227;3;3m┊[0m[38;2;204;7;7m▋   [0m
 [38;2;59;2;2m▝[38;2;68;5;5;48;2;24;1;1m╺[38;2;145;11;10;48;2;16;0;0m▅[38;2;134;4;4;48;2;240;3;3m▎[38;2;174;6;5;48;2;245;2;2m▝[38;2;241;2;2;48;2;174;5;5m▉[38;2;135;6;6;48;2;8;0;0m▖[38;2;29;131;130;48;2;3;19;18m▝[38;2;25;233;232;48;2;11;80;79m━[38;2;17;117;116;48;2;15;228;227m╺[38;2;12;80;79;48;2;30;178;177m┦[38;2;41;179;178;48;2;19;123;122m┏[38;2;146;8;8;48;2;40;82;81m▅[38;2;171;7;7;48;2;17;36;35m▆[38;2;124;6;5;48;2;32;118;117m▖[38;2;28;123;122;48;2;4;22;21m▎[38;2;0;0;0;48;2;11;0;0m▇[38;2;203;7;7;48;2;15;0;0m▝[38;2;34;1;1;48;2;245;2;2m▃[38;2;46;1;1;48;2;184;5;5m▖[38;2;186;5;5;48;2;239;3;3m▏[38;2;113;3;3;48;2;208;4;4m▗[38;2;229;8;8;48;2;249;0;0m▎[38;2;34;1;1;48;2;177;5;5m▝[38;2;65;2;2;48;2;210;5;5m▃[38;2;69;1;1;48;2;181;7;6m┗[38;2;155;6;6;48;2;241;2;2m▃[38;2;251;0;0;48;2;248;1;1m┈[48;2;251;0;0m  [48;2;247;1;1m┈[38;2;83;3;3;48;2;243;1;1m▂[38;2;27;1;1;48;2;202;3;3m▄[38;2;143;8;8;48;2;39;2;1m▗[38;2;153;9;8;48;2;8;1;1m▖[48;2;0;0;0m    [38;2;13;0;0;48;2;149;5;5m▋[38;2;228;9;9;48;2;250;0;0m▏[38;2;189;9;9;48;2;240;3;3m╻[38;2;251;0;0;48;2;249;0;0m┊[38;2;213;7;7;48;2;123;5;5m▍[38;2;249;0;0;48;2;241;2;2m┊[0m[38;2;150;5;5m▌   [0m
 [38;2;0;0;0m [0m [7m[38;2;181;7;7m▖[0m[38;2;251;0;0;48;2;250;0;0m┊[48;2;251;0;0m [48;2;249;1;1m┈[38;2;9;0;0;48;2;165;5;4m▗[38;2;1;0;0;48;2;6;10;10m┈[38;2;19;134;133;48;2;0;0;0m▂[38;2;27;191;190;48;2;5;30;29m▗[38;2;31;179;178;48;2;6;45;44m▖[38;2;12;88;88;48;2;28;160;159m▂[38;2;30;154;153;48;2;38;59;59m▆[38;2;27;143;142;48;2;89;7;7m▆[38;2;9;82;81;48;2;25;157;156m▁[38;2;19;214;213;48;2;26;139;138m▇[38;2;18;95;94;48;2;2;20;19m▏[38;2;21;192;191;48;2;0;0;0m▆[38;2;28;109;108;48;2;7;11;11m▏[38;2;206;6;6;48;2;118;10;9m┏[38;2;191;5;5;48;2;77;1;1m▆[38;2;242;1;1;48;2;132;4;3m▇[48;2;251;0;0m [38;2;251;0;0;48;2;250;0;0m┈[38;2;248;1;1;48;2;130;4;4m▆[38;2;220;4;4;48;2;45;1;1m▅[38;2;175;10;9;48;2;91;4;4m▄[38;2;9;0;0;48;2;155;8;7m━[38;2;41;2;2;48;2;228;7;7m▆[38;2;4;0;0;48;2;185;5;5m▆[38;2;3;0;0;48;2;118;6;5m▇[38;2;0;0;0;48;2;1;0;0m┈[38;2;13;0;0;48;2;154;9;9m▆[38;2;3;0;0;48;2;166;9;9m▅[38;2;4;0;0;48;2;69;4;4m▇[48;2;0;0;0m  [38;2;95;5;5;48;2;3;0;0m▁[38;2;209;4;4;48;2;29;1;1m▃[38;2;216;4;4;48;2;148;4;4m▇[38;2;140;7;7;48;2;221;4;4m╺[38;2;193;6;6;48;2;230;2;2m╹[48;2;251;0;0m [0m[7m[38;2;177;4;4m▗[38;2;120;9;8m▅[0m[38;2;1;0;0m    [0m
 [38;2;0;0;0m  [38;2;75;4;4m▝[7m[38;2;223;3;3m▃[0m[38;2;155;6;5;48;2;247;1;1m▁[38;2;170;14;13;48;2;234;3;3m╶[38;2;95;6;5;48;2;11;0;0m▏[38;2;0;13;13;48;2;24;179;178m▍[38;2;22;176;175;48;2;12;219;218m╻[38;2;19;202;201;48;2;11;85;84m▇[38;2;19;206;205;48;2;3;36;36m▅[38;2;19;219;218;48;2;11;70;69m▄[38;2;3;36;36;48;2;21;197;196m━[38;2;0;32;31;48;2;20;221;220m━[38;2;0;25;24;48;2;24;213;212m━[38;2;13;243;242;48;2;5;32;32m▃[38;2;9;236;235;48;2;0;4;4m▄[38;2;8;235;234;48;2;0;1;1m▅[38;2;30;206;205;48;2;2;11;11m▖[38;2;14;114;113;48;2;1;2;2m▗[38;2;33;185;184;48;2;41;7;7m▖[38;2;176;9;9;48;2;59;3;2m▗[38;2;76;3;3;48;2;216;7;6m▇[38;2;73;3;3;48;2;245;2;2m▃[38;2;251;0;0;48;2;248;1;1m┊[38;2;201;7;7;48;2;231;3;3m╵[38;2;92;4;3;48;2;195;7;6m▗[38;2;62;2;2;48;2;170;7;7m▁[38;2;115;5;5;48;2;179;8;8m╾[38;2;161;7;7;48;2;87;3;3m▇[38;2;196;7;7;48;2;33;1;1m▆[38;2;181;6;5;48;2;2;0;0m▆[38;2;188;7;7;48;2;10;0;0m▅[38;2;193;7;6;48;2;5;0;0m▅[38;2;197;6;6;48;2;11;0;0m▅[38;2;186;6;6;48;2;3;0;0m▆[38;2;206;5;5;48;2;69;2;2m▆[38;2;134;5;5;48;2;230;4;4m╼[38;2;191;7;7;48;2;216;4;4m╸[38;2;74;3;3;48;2;214;4;4m▂[38;2;94;4;4;48;2;197;3;3m▖[38;2;186;3;3;48;2;239;2;2m▏[38;2;39;6;5;48;2;214;3;3m▗[0m[38;2;24;178;177m▄[38;2;18;206;205m▂[0m [38;2;0;0;0m   [0m
 [38;2;0;0;0m  [0m [38;2;117;8;8m━[38;2;165;8;8m━[38;2;44;3;3;48;2;211;5;5m▆[38;2;186;8;8;48;2;42;3;3m▘[38;2;17;8;8;48;2;18;115;114m▇[38;2;77;19;19;48;2;14;227;226m▅[38;2;0;6;6;48;2;24;190;189m▃[38;2;0;10;10;48;2;24;154;153m▂[38;2;9;53;53;48;2;21;195;194m▂[38;2;0;0;0;48;2;22;196;195m▁[38;2;5;40;40;48;2;22;211;210m▂[38;2;0;5;5;48;2;25;198;197m▂[38;2;1;9;9;48;2;15;227;226m▅[38;2;4;19;18;48;2;9;248;247m▆[38;2;6;48;48;48;2;24;201;200m▆[38;2;22;206;205;48;2;4;20;19m▂[38;2;8;54;54;48;2;15;191;191m▃[38;2;2;13;13;48;2;17;206;205m▝[38;2;16;121;120;48;2;14;6;6m▁[38;2;23;0;0;48;2;165;13;12m▊[38;2;184;8;7;48;2;63;1;1m▋[38;2;142;6;6;48;2;242;3;3m▎[48;2;251;0;0m [38;2;251;0;0;48;2;249;1;1m┈[38;2;238;2;1;48;2;94;3;3m▆[38;2;218;4;3;48;2;105;3;3m▃[38;2;100;4;4;48;2;205;5;5m▄[38;2;216;4;4;48;2;110;4;4m▅[38;2;47;1;1;48;2;205;4;4m━[38;2;83;3;3;48;2;247;1;1m▅[38;2;36;0;0;48;2;243;2;2m▄[38;2;35;1;1;48;2;246;1;1m▄[38;2;52;1;1;48;2;237;3;3m▄[38;2;31;0;0;48;2;177;3;3m╼[38;2;11;0;0;48;2;186;4;4m━[38;2;212;5;5;48;2;58;2;2m▄[38;2;24;9;8;48;2;175;4;4m▁[38;2;30;90;90;48;2;223;3;3m▃[38;2;20;222;221;48;2;97;10;9m▃[38;2;25;221;220;48;2;15;79;79m▝[38;2;12;59;59;48;2;16;182;181m▁[38;2;6;48;47;48;2;16;204;203m╺[38;2;17;161;160;48;2;19;112;111m▇[0m[38;2;17;197;197m▄[0m [38;2;0;0;0m [0m
 [38;2;0;0;0m     [0m [38;2;178;11;10;48;2;36;2;2m╺[38;2;194;9;9;48;2;21;1;1m▖[38;2;24;1;1;48;2;128;8;8m▅[38;2;9;0;0;48;2;1;0;0m▏[48;2;0;0;0m   [38;2;14;75;74;48;2;0;3;3m▁[38;2;17;207;206;48;2;0;6;6m▃[38;2;8;230;229;48;2;0;1;1m▄[38;2;6;230;229m▄[38;2;15;101;100;48;2;5;249;248m▘[38;2;26;240;239;48;2;0;252;251m▁[38;2;21;209;208;48;2;4;46;45m▋[38;2;16;128;127;48;2;7;245;244m▎[38;2;0;252;251;48;2;8;246;245m╴[38;2;27;158;157;48;2;5;9;9m▎[38;2;214;8;8;48;2;68;3;3m▗[38;2;100;4;3;48;2;228;3;3m▂[38;2;105;4;4;48;2;233;3;3m▖[38;2;250;0;0;48;2;251;0;0m▁[38;2;215;8;7m▁[38;2;77;2;2;48;2;242;2;1m▁[38;2;251;0;0;48;2;235;2;2m╴[38;2;205;8;8;48;2;64;2;2m▖[38;2;17;1;0;48;2;205;4;3m▄[38;2;56;2;2;48;2;234;2;2m▂[38;2;190;7;7;48;2;240;2;2m▁[38;2;250;0;0;48;2;180;7;7m▇[48;2;228;7;7m▇[38;2;147;5;5;48;2;232;2;2m▁[38;2;22;171;170;48;2;170;15;15m▄[38;2;9;241;240;48;2;53;19;18m▆[38;2;9;75;74;48;2;15;202;201m▘[38;2;16;118;117;48;2;11;234;233m▃[38;2;1;252;251;48;2;6;239;238m┈[38;2;23;167;166;48;2;11;235;234m▗[38;2;14;240;239;48;2;10;68;67m▂[38;2;2;14;14;48;2;15;166;165m━[38;2;28;175;175;48;2;18;195;194m╴[38;2;13;91;90;48;2;15;211;210m▘[0m[38;2;16;219;218m▋ [0m
 [38;2;0;0;0m      [0m [7m[38;2;98;6;6m▅[0m[38;2;0;0;0;48;2;0;0;0m┈┈[38;2;118;11;10;48;2;4;0;0m▂[38;2;0;0;0;48;2;2;0;0m┈[38;2;2;9;9;48;2;22;101;100m▉[38;2;18;143;142;48;2;14;240;239m▘[38;2;13;84;83;48;2;11;211;210m┎[38;2;0;33;32;48;2;14;215;214m─[38;2;15;114;113;48;2;7;238;237m▃[38;2;21;101;100;48;2;15;236;235m▁[38;2;16;245;244;48;2;12;84;83m▗[38;2;9;249;248;48;2;9;74;73m▅[38;2;0;252;251;48;2;2;251;250m┈[38;2;3;251;250;48;2;42;223;222m▉[38;2;17;122;121;48;2;3;10;9m▖[38;2;154;13;12;48;2;72;4;4m┑[38;2;110;5;5;48;2;223;5;5m▘[38;2;211;13;12;48;2;249;0;0m▁[38;2;16;0;0;48;2;184;5;4m▗[38;2;30;1;1;48;2;115;6;6m▇[38;2;193;5;5;48;2;78;3;3m▅[38;2;32;1;1;48;2;221;3;3m▂[38;2;131;6;6;48;2;30;1;1m▚[38;2;178;8;8;48;2;58;8;8m╼[38;2;219;9;9;48;2;50;40;40m━[38;2;213;10;9;48;2;79;20;20m━[38;2;86;3;3;48;2;183;5;5m━[38;2;133;4;4;48;2;241;3;3m▖[0m[38;2;178;8;8m▎[7m[38;2;14;191;190m▅[38;2;7;234;233m▂[0m[38;2;0;252;251;48;2;4;246;245m┈[48;2;8;241;240m┈[38;2;16;243;242;48;2;16;104;103m╸[38;2;33;221;220;48;2;9;58;58m▁[38;2;6;42;41;48;2;8;246;245m▅[38;2;9;57;56;48;2;4;250;249m▄[38;2;25;130;129;48;2;9;232;231m▖[38;2;18;118;117;48;2;16;222;221m─[0m[38;2;17;105;104m▘ [0m
 [38;2;0;0;0m         [0m [7m[38;2;66;6;5m▅[0m[38;2;0;0;0;48;2;2;0;0m╴[48;2;1;7;7m┈[38;2;15;203;202;48;2;6;41;41m▃[38;2;5;239;238;48;2;15;155;154m▇[48;2;0;252;251m [38;2;1;252;251;48;2;3;251;250m┈[38;2;17;192;191;48;2;6;37;37m▋[38;2;14;207;206;48;2;11;81;81m▆[38;2;23;115;114;48;2;15;197;196m┕[38;2;12;72;70m╸[38;2;17;94;93;48;2;23;200;199m┏[38;2;22;123;122;48;2;19;198;197m━[38;2;28;170;169;48;2;13;37;37m▃[38;2;2;1;1;48;2;37;0;0m▇[38;2;228;8;8;48;2;62;3;2m▗[38;2;219;3;3;48;2;7;0;0m▄[38;2;240;4;4;48;2;20;0;0m▃[38;2;238;2;2;48;2;32;1;1m▄[38;2;185;5;5;48;2;54;2;2m▇[38;2;23;224;223;48;2;95;29;29m▗[38;2;6;244;243;48;2;26;127;126m▇[38;2;0;252;251;48;2;1;252;251m┈[38;2;6;238;237;48;2;23;150;149m▇[38;2;22;182;181;48;2;150;26;26m▃[38;2;128;8;7;48;2;192;8;8m▝[0m[38;2;145;5;5m▖  [7m[38;2;24;118;117m▇[38;2;21;141;140m▆[38;2;18;213;212m▄[38;2;10;236;235m▃[38;2;13;247;246m▃[38;2;15;240;239m▃[38;2;10;228;227m▄[0m[38;2;12;125;124m▘  [0m
 [38;2;0;0;0m        [0m [38;2;32;203;202m▁[38;2;13;216;215m▃[38;2;8;232;231m▅[38;2;5;244;243;48;2;15;119;118m▇[38;2;0;252;251;48;2;1;252;251m┈[48;2;0;252;251m [48;2;3;249;248m┈[38;2;12;63;62;48;2;7;238;237m▂[38;2;18;216;215;48;2;4;20;20m▘[38;2;1;8;7;48;2;26;181;180m▇[38;2;2;11;11;48;2;26;211;210m▇[38;2;0;4;4;48;2;34;170;169m▇[38;2;0;0;0;48;2;24;127;126m▆[38;2;0;3;3;48;2;28;175;174m▆[38;2;0;5;5;48;2;31;147;146m▆[48;2;0;0;0m [38;2;19;1;1;48;2;125;4;4m▇[38;2;7;0;0;48;2;223;5;4m▅▅[48;2;189;7;6m▆[38;2;0;0;0;48;2;6;1;1m┈[38;2;22;205;204;48;2;2;20;19m▝[38;2;17;113;112;48;2;5;245;244m▂[38;2;0;252;251;48;2;1;252;251m┈[48;2;0;252;251m [48;2;1;252;251m┈[38;2;3;247;246;48;2;39;114;114m▆[38;2;9;236;235;48;2;109;31;30m▄[0m[38;2;20;200;199m▂[0m [38;2;9;48;47m          [0m
 [38;2;0;0;0m     [38;2;20;82;81m╺[38;2;35;224;223m━[38;2;3;251;250m━[7m[38;2;17;223;222m▂[0m[38;2;1;15;14;48;2;12;246;245m▂[0m[7m[38;2;8;241;240m▂[38;2;6;231;230m▂[0m[38;2;49;0;0;48;2;7;178;178m▁[38;2;52;13;12;48;2;11;239;238m▄[38;2;32;3;3;48;2;16;211;210m▅[38;2;1;6;6;48;2;23;148;147m▇[38;2;0;3;3;48;2;17;112;111m▉[38;2;13;235;234;48;2;26;128;127m▆[38;2;10;222;221;48;2;4;24;24m▄[38;2;16;125;124;48;2;2;11;11m▁[38;2;35;158;157;48;2;0;1;1m▂[38;2;25;114;114;48;2;0;3;3m▖[38;2;10;0;0;48;2;0;0;0m▁[38;2;45;0;0m▁[38;2;17;0;0m▁ [38;2;25;112;111m▂[38;2;34;205;204;48;2;0;6;5m▁[38;2;20;173;172;48;2;2;12;12m▂[38;2;8;41;40;48;2;11;223;222m▘[38;2;29;210;209;48;2;2;18;18m▍[38;2;0;0;0;48;2;0;1;1m┈[38;2;11;3;3;48;2;22;159;159m▆[38;2;43;26;25;48;2;10;243;242m▅[38;2;12;9;9;48;2;8;234;233m▃[38;2;0;10;10;48;2;8;242;241m▂[38;2;14;70;70;48;2;1;251;250m▂[38;2;1;27;26;48;2;8;248;247m▁[0m[7m[38;2;13;240;239m▁[38;2;14;194;193m▁[0m[38;2;14;170;169m▆[38;2;24;206;205m╾[38;2;27;128;127m╴      [0m
 [38;2;0;0;0m            [38;2;186;7;7m▝[38;2;133;4;4;48;2;241;2;2m▖[38;2;135;6;6;48;2;248;1;1m▝[38;2;213;4;4;48;2;19;1;1m▃[38;2;183;5;5;48;2;2;0;0m▂[38;2;19;229;228;48;2;66;31;31m▝[38;2;142;16;15;48;2;11;244;243m▄[38;2;21;181;180;48;2;156;9;9m▘[38;2;244;2;2;48;2;56;50;50m▅[38;2;227;4;3;48;2;29;13;13m▇[38;2;55;1;0;48;2;220;4;3m▁[38;2;64;1;1;48;2;234;5;5m▂[38;2;30;0;0;48;2;222;4;3m▁[38;2;231;3;3;48;2;57;0;0m▇[38;2;232;2;2;48;2;25;17;17m▆[38;2;234;3;3;48;2;42;87;86m▄[38;2;194;5;4;48;2;16;217;216m▃[38;2;79;25;25;48;2;16;211;210m▅[38;2;185;6;5;48;2;2;4;4m▂[38;2;213;5;5;48;2;12;0;0m▃[38;2;52;2;1;48;2;229;3;3m▘[38;2;251;0;0;48;2;234;2;2m┈[0m[7m[38;2;201;6;5m▃[0m [38;2;62;5;4m             [0m
 [38;2;0;0;0m             [0m [7m[38;2;161;5;5m▅[38;2;192;3;3m▄[0m[38;2;35;4;3;48;2;189;4;4m▖[38;2;100;2;2;48;2;231;4;4m╼[38;2;117;3;3;48;2;242;3;3m━[38;2;134;8;8;48;2;217;4;4m╸[38;2;82;4;4;48;2;151;7;6m┕[38;2;228;2;2;48;2;68;3;2m▅[38;2;248;1;1;48;2;79;4;4m▆[38;2;247;1;1;48;2;57;1;1m▆[48;2;70;4;4m▆[38;2;218;3;3;48;2;66;3;3m▅[38;2;158;9;8;48;2;204;7;6m▌[38;2;141;6;6;48;2;239;2;2m━[38;2;134;5;5;48;2;228;3;3m─[38;2;168;8;8;48;2;241;2;2m▃[0m[7m[38;2;239;2;2m▃[38;2;237;2;2m▄[38;2;192;5;5m▅[38;2;92;4;4m▇[0m[38;2;2;0;0m               [0m
 [38;2;0;0;0m                [0m [7m[38;2;115;5;5m▆[38;2;200;5;5m▅[38;2;148;5;5m▖[0m[38;2;251;0;0;48;2;241;2;1m┈[48;2;251;0;0m     [38;2;230;3;3;48;2;176;6;6m▇[0m[7m[38;2;184;5;5m▄[38;2;196;4;4m▅[38;2;109;7;7m▇[0m[38;2;4;0;0m                   [0m
 [38;2;0;0;0m                   [0m [7m[38;2;172;5;5m▆[38;2;210;3;3m▄[38;2;233;3;3m▄[38;2;220;3;3m▄[38;2;232;3;3m▄[38;2;238;3;3m▅[38;2;149;5;5m▆[0m [38;2;0;0;0m                     [0m[u[0m [38;2;0;0;0m                               [0m [38;2;105;7;7m▁           [0m [38;2;110;6;6m▁   [0m
 [38;2;0;0;0m                         [38;2;100;4;4m▁[38;2;228;2;2m▃[38;2;246;2;2m▄[38;2;238;2;2m▅[38;2;243;2;2m▅[38;2;241;3;3m▅[38;2;173;4;4m▇[38;2;202;7;7m▘   [0m  [38;2;48;8;7m     [0m [38;2;150;6;6m▃[38;2;246;2;2;48;2;229;4;4m┊[0m[38;2;114;5;5m▎  [0m
 [38;2;0;0;0m                         [7m[38;2;214;5;4m▎[0m[38;2;26;1;1;48;2;251;0;0m  [38;2;244;2;2;48;2;199;4;4m╴[0m[7m[38;2;154;5;4m▄[38;2;85;3;3m▆[0m [38;2;0;0;0m    [7m[38;2;134;6;6m▌[38;2;225;5;4m▝[0m[38;2;116;4;4m▖   [0m [38;2;54;1;1;48;2;192;5;5m▘[38;2;251;0;0;48;2;238;2;2m┈[0m[7m[38;2;203;3;3m▄[0m [38;2;0;0;0m  [0m
   [38;2;0;0;0m                       [7m[38;2;189;6;6m▋[0m[38;2;15;0;0;48;2;251;0;0m  [0m[38;2;171;7;6m▍ [0m [38;2;38;3;3m     [0m [7m[38;2;207;6;5m▖[0m[38;2;251;0;0;48;2;237;2;2m┈[0m[38;2;129;8;7m▎  [7m[38;2;27;0;0m▉[0m[38;2;91;10;10;48;2;189;6;6m▁[0m[38;2;140;5;5m▘    [0m
    [38;2;97;5;5m▗[38;2;0;0;0m╴[0m [38;2;0;0;0m       [38;2;176;10;10m▗[38;2;36;3;2m▎      [38;2;94;5;5m▗[38;2;169;13;12m▖  [7m[38;2;150;7;7m▋[0m[38;2;244;1;1;48;2;249;0;0m▏[38;2;247;0;0;48;2;251;0;0m▄[38;2;79;3;3;48;2;240;1;1m▝[0m[38;2;224;2;2m▄[38;2;57;2;2;48;2;211;5;5m▘[0m[38;2;184;5;5m▖  [0m  [38;2;0;0;0m [38;2;214;8;7m▝[7m[38;2;159;4;4m▄[0m   [38;2;0;0;0m [0m [38;2;65;7;7m     [0m
 [38;2;0;0;0m   [7m[38;2;84;2;2m▉[0m[38;2;152;3;3;48;2;226;2;2m▏[0m[38;2;58;1;1m╴       [38;2;43;2;2;48;2;200;9;8m▎[0m[38;2;180;5;4m▄[38;2;46;2;2m▂     [7m[38;2;121;7;6m▋[0m[38;2;77;3;3;48;2;227;6;6m▝[0m [38;2;80;4;4m [7m[38;2;169;6;6m▌[0m[38;2;242;2;1;48;2;244;0;0m▏    [38;2;244;0;0;48;2;237;1;1m┈[0m[38;2;223;3;2m▅[38;2;224;4;4m▄[38;2;205;5;4;48;2;79;5;4m▇[0m[38;2;117;7;6m▎ [0m [38;2;119;7;7m▃[0m [7m[38;2;113;6;6m▋[0m[38;2;182;9;9m▋[0m [38;2;0;0;0m      [0m
 [38;2;0;0;0m  [0m [38;2;23;1;1;48;2;215;4;4m▋[38;2;230;1;1;48;2;57;1;1m▊[0m [38;2;0;0;0m       [38;2;118;6;6m▝[38;2;153;6;6;48;2;229;4;3m▏[38;2;225;4;4;48;2;126;5;5m▇[0m[38;2;99;6;5m▖ [0m [38;2;150;8;7m▆[38;2;208;3;3m▃[38;2;104;4;3;48;2;238;2;1m▘[38;2;244;0;0;48;2;243;1;0m┈[38;2;238;2;1;48;2;128;4;4m▇[0m[38;2;219;2;2m▇[38;2;244;0;0;48;2;239;1;1m┈[48;2;244;0;0m     [38;2;99;3;3;48;2;225;2;1m▁[0m[7m[38;2;207;4;4m▅[0m[38;2;51;8;7;48;2;145;6;5m▁[0m[38;2;180;6;5m▘ [38;2;91;4;4m▁[7m[38;2;218;4;4m▘[0m[38;2;200;6;5;48;2;39;1;1m▋[0m [7m[38;2;154;10;10m▍[0m[38;2;136;6;6m▘[0m [38;2;132;8;8m▇[0m [38;2;0;0;0m  [38;2;124;8;8m▗[38;2;131;8;7m╸[0m
 [38;2;0;0;0m   [0m [38;2;18;1;1;48;2;140;3;2m▂[0m[38;2;38;4;4m▁[0m [38;2;0;0;0m       [7m[38;2;170;7;7m▍[0m[38;2;244;0;0;48;2;240;3;3m▉[0m[38;2;127;5;5m▋[0m [7m[38;2;134;7;7m▊[0m[38;2;214;10;9;48;2;243;1;1m▏[38;2;247;0;0;48;2;244;0;0m▂▂▂▂▂▂▂▂▂[38;2;246;0;0m▂[38;2;65;2;2;48;2;193;4;4m┍[38;2;205;5;5;48;2;61;3;3m▄[0m[38;2;75;3;3m▎[0m [38;2;102;5;4m▁[38;2;179;4;4m▄[38;2;137;6;6;48;2;241;2;2m▘[38;2;247;0;0;48;2;244;0;0m▄[38;2;245;0;0;48;2;236;3;3m╴[0m[38;2;110;5;4m▎[0m [38;2;143;5;5m▗[7m[38;2;221;3;3m▘[0m[38;2;231;5;4;48;2;117;6;6m▊[0m[38;2;28;0;0m▏ [7m[38;2;79;3;3m▉[0m[38;2;201;7;7;48;2;108;6;6m▉[0m [0m
 [38;2;0;0;0m    [0m [38;2;78;4;4m▝[38;2;184;7;7;48;2;79;4;4m▚[0m[38;2;195;5;4m▄[38;2;73;5;5m▁   [7m[38;2;44;3;3m▊[38;2;76;6;6m▝[38;2;190;8;7m▌[0m[38;2;244;1;1;48;2;247;0;0m▏[38;2;62;1;1;48;2;202;6;6m▝[38;2;48;2;2;48;2;182;7;7m▝[38;2;29;1;1;48;2;188;8;7m▌[38;2;244;1;1;48;2;248;0;0m▏[38;2;250;0;0;48;2;247;0;0m▂▂▂▂▂▂▂▂▂[38;2;245;2;2m▁[38;2;247;0;0;48;2;241;3;2m▇[38;2;248;0;0;48;2;246;0;0m┊[38;2;243;2;2;48;2;65;3;3m▆[0m[38;2;231;2;2m▇[38;2;247;0;0;48;2;241;1;1m┈[38;2;250;0;0;48;2;247;0;0m▂▂[38;2;248;0;0m▖[0m[7m[38;2;190;4;4m▗[0m [7m[38;2;142;5;5m▋[0m[38;2;167;7;6;48;2;236;2;2m▁[0m[7m[38;2;214;2;2m▂[0m[38;2;141;5;5m▘[0m [38;2;0;0;0m [7m[38;2;43;1;1m▊[0m[38;2;112;5;5;48;2;234;3;3m▖[0m[38;2;194;5;5m▌[0m
[7m[38;2;166;7;7m▝[0m[38;2;112;4;3m▖[38;2;66;4;4m╺[38;2;157;10;10;48;2;55;3;2m┱[0m[38;2;69;3;3m▖[38;2;93;6;6m▃[0m [7m[38;2;24;0;0m▇[0m[38;2;11;0;0;48;2;176;5;4m▖[38;2;231;2;2;48;2;122;4;4m▇[0m[38;2;184;7;7m▖[38;2;54;7;6m▗[38;2;78;7;7m▖[0m [38;2;168;8;8;48;2;36;3;3m▄[38;2;172;8;7;48;2;33;1;1m▝[38;2;251;0;0;48;2;240;2;2m┊[48;2;250;0;0m▆[48;2;231;2;2m┈[48;2;239;1;1m┈[48;2;251;0;0m     [38;2;175;5;5;48;2;247;1;1m▁[38;2;61;2;2;48;2;214;4;4m▄[38;2;180;5;5;48;2;244;2;1m▏[38;2;132;4;4;48;2;244;1;1m▂[38;2;58;2;2;48;2;238;3;3m▄[38;2;24;0;0;48;2;164;7;6m━[38;2;110;4;4;48;2;227;4;4m▌[48;2;251;0;0m   [38;2;56;1;1;48;2;223;4;4m▗[38;2;160;4;4;48;2;239;1;1m▁[48;2;251;0;0m [38;2;250;0;0;48;2;247;1;1m▉[0m[7m[38;2;164;4;4m▝[0m[38;2;157;6;6m▗[7m[38;2;182;8;7m▗[38;2;88;4;4m▇[0m [7m[38;2;195;6;6m▘[38;2;177;4;4m▝[0m [38;2;0;0;0m [7m[38;2;144;6;6m▋[0m[38;2;190;6;6m▋[0m
[7m[38;2;74;3;3m▇[38;2;178;6;5m▃[0m[38;2;94;5;4m▆[0m [38;2;216;7;7;48;2;110;4;4m▚[38;2;39;1;1;48;2;185;5;4m▘[38;2;235;3;3;48;2;86;3;3m▆[0m[38;2;214;4;4m▅[38;2;63;2;2m▖[38;2;27;0;0;48;2;198;5;5m▖[38;2;240;2;2;48;2;171;8;7m▉[0m[38;2;118;6;5m▖[7m[38;2;104;5;5m▖[0m[38;2;185;6;6m▄[38;2;101;3;3;48;2;232;4;4m▎[38;2;79;3;3;48;2;234;2;2m▝[38;2;84;3;3;48;2;193;5;5m▚[38;2;171;6;6;48;2;248;1;1m▖[48;2;251;0;0m [38;2;131;5;5;48;2;245;1;1m▗[38;2;99;4;4;48;2;241;1;1m▁[38;2;251;0;0;48;2;240;2;2m╴[38;2;141;5;5;48;2;246;1;1m▁[38;2;251;0;0;48;2;240;4;4m▉[38;2;100;4;4;48;2;217;4;4m▅[38;2;219;4;4;48;2;80;3;2m▄[38;2;243;2;2;48;2;123;8;7m▆[38;2;56;6;5;48;2;167;7;7m▗[38;2;234;4;4;48;2;81;3;3m▗[38;2;242;2;1;48;2;143;6;6m▇[38;2;251;0;0;48;2;250;0;0m┈[38;2;80;0;0;48;2;186;9;8m┃[38;2;245;2;1;48;2;251;0;0m▏ [38;2;246;2;1;48;2;184;7;7m▉[38;2;215;5;4;48;2;34;1;1m▃[38;2;230;5;4;48;2;75;2;2m▃[38;2;213;5;5;48;2;246;1;1m▏[48;2;251;0;0m [38;2;189;12;11;48;2;245;2;2m╺[38;2;227;7;7;48;2;143;7;6m▝[38;2;113;4;4;48;2;239;3;3m▝[0m[38;2;139;5;5m▖[38;2;181;6;6m▅[38;2;98;5;4;48;2;225;3;3m▘[38;2;251;0;0;48;2;250;0;0m┈[0m[38;2;169;5;5m▌ [0m  [0m
[38;2;105;7;7m▗[0m [7m[38;2;4;0;0m▇[0m[38;2;0;0;0m [38;2;142;6;5m▝[38;2;94;4;4;48;2;238;2;2m▂[38;2;194;8;8;48;2;250;0;0m▁[38;2;75;3;3;48;2;171;6;6m▁[38;2;2;27;27;48;2;97;5;5m▁[0m[38;2;96;6;6m╴[38;2;43;77;77;48;2;176;4;4m▃[38;2;211;6;6;48;2;99;13;12m╴[0m[38;2;16;205;204m▃[38;2;17;184;183;48;2;75;3;2m▃[38;2;89;16;16;48;2;236;2;2m▖[48;2;251;0;0m [38;2;251;0;0;48;2;250;0;0m┈[38;2;248;1;1;48;2;194;9;9m▇[48;2;251;0;0m [38;2;237;1;1;48;2;174;3;3m▉[38;2;210;4;4;48;2;32;1;1m▃[38;2;40;2;2;48;2;145;10;9m▆[38;2;189;9;9;48;2;57;3;3m▗[38;2;163;9;9;48;2;233;3;3m╸[38;2;109;3;3;48;2;221;5;4m▘[48;2;251;0;0m  [38;2;245;1;1;48;2;167;4;4m▇[38;2;251;0;0;48;2;247;1;1m┈[48;2;251;0;0m [38;2;241;2;2;48;2;164;8;8m▉[38;2;105;4;4;48;2;199;9;9m▌[38;2;102;4;4;48;2;242;2;2m▅[38;2;133;7;6;48;2;238;2;2m╸[48;2;251;0;0m      [38;2;251;0;0;48;2;234;2;2m╴[38;2;111;4;4;48;2;221;6;6m▋[38;2;214;5;5;48;2;33;0;0m▊[0m[38;2;115;4;4m▝[38;2;176;7;7;48;2;243;2;2m▏[38;2;111;4;4;48;2;229;2;2m▁[0m[38;2;145;6;6m▘   [0m
[38;2;60;1;1;48;2;213;2;2m▌[38;2;210;3;3;48;2;91;1;1m╴[0m  [38;2;207;10;10;48;2;43;2;2m▗[0m[38;2;38;0;0m╴[7m[38;2;80;5;5m▇[0m[38;2;20;151;150m▗[38;2;14;76;76;48;2;13;242;241m▘[38;2;11;232;231;48;2;21;111;110m▇[38;2;37;138;138;48;2;11;234;233m▁[38;2;17;230;229;48;2;28;96;95m▅[38;2;53;217;216;48;2;6;248;247m▁[38;2;32;231;230;48;2;0;252;251m▁[38;2;38;51;51;48;2;14;224;223m▝[38;2;37;41;40;48;2;213;5;4m▖[38;2;246;2;2;48;2;203;6;6m▉[38;2;150;6;5;48;2;245;1;1m▖[38;2;178;7;6;48;2;245;2;2m▗[38;2;250;0;0;48;2;248;1;1m┊[48;2;251;0;0m [38;2;251;0;0;48;2;241;1;1m┈[38;2;61;0;0;48;2;199;5;4m╹[38;2;247;0;0;48;2;251;0;0m▏[38;2;247;1;1m▁ [38;2;192;3;3;48;2;245;1;1m▁[38;2;212;4;3;48;2;243;2;2m▏[48;2;251;0;0m [38;2;251;0;0;48;2;245;2;2m▉[38;2;181;6;6;48;2;44;1;1m▌[38;2;203;5;5;48;2;83;5;5m▗[38;2;126;5;4;48;2;246;1;1m▘[48;2;251;0;0m   [38;2;140;5;5;48;2;245;1;1m▗[38;2;17;1;1;48;2;206;3;3m▄[38;2;4;0;0;48;2;171;7;6m▆[38;2;14;0;0;48;2;204;13;13m▇[48;2;193;5;4m▖[38;2;230;5;5;48;2;124;5;5m▖[0m[38;2;151;7;7m▊[7m[38;2;193;5;4m▘[0m[38;2;89;4;4;48;2;235;3;3m▗[0m[38;2;138;5;5m▗[38;2;219;7;7m▖   [0m
[7m[38;2;83;1;1m╴[0m[38;2;8;1;1;48;2;180;3;3m▝[0m  [38;2;47;1;1;48;2;216;5;5m▍[38;2;228;6;6;48;2;68;1;0m▌[38;2;213;8;8;48;2;53;4;3m▖[38;2;26;228;227;48;2;5;26;25m▝[38;2;11;59;58;48;2;18;164;163m▇[38;2;26;176;175;48;2;2;13;13m▃[38;2;19;209;208;48;2;2;11;11m▂[38;2;21;237;236;48;2;2;21;21m▗[38;2;13;221;220;48;2;8;49;48m▅[38;2;10;66;65;48;2;25;144;143m┍[38;2;11;90;89;48;2;32;138;137m╸[38;2;128;5;5;48;2;6;21;21m▝[38;2;71;3;3;48;2;234;3;3m▃[38;2;178;7;6;48;2;85;3;3m▍[38;2;106;5;5;48;2;208;6;5m▖[38;2;188;4;4;48;2;245;2;2m▏[38;2;251;0;0;48;2;248;1;1m┈[38;2;216;6;6;48;2;249;0;0m▁[38;2;249;0;0;48;2;251;0;0m▁[38;2;248;0;0m╺[38;2;82;3;3;48;2;186;6;6m▗[38;2;211;15;14;48;2;242;3;3m▏[38;2;178;7;7;48;2;105;4;3m▚[38;2;250;0;0;48;2;247;1;1m┊[48;2;251;0;0m [38;2;251;0;0;48;2;243;2;2m▉[38;2;244;2;2;48;2;97;4;4m▃[38;2;201;9;8;48;2;244;2;2m╴[48;2;251;0;0m  [38;2;128;4;4;48;2;240;1;1m▁[38;2;28;1;1;48;2;200;4;3m▄[38;2;4;0;0;48;2;69;4;4m▇[48;2;0;0;0m   [38;2;8;0;0;48;2;141;7;7m▊[38;2;249;1;1;48;2;238;4;4m┊[38;2;216;6;5;48;2;110;10;8m▄[38;2;182;5;4;48;2;243;2;2m▏[38;2;215;8;8;48;2;96;3;3m▌[38;2;246;1;1;48;2;232;3;3m┊[0m[38;2;203;6;6m▋   [0m
  [38;2;70;5;5;48;2;23;1;1m╺[38;2;149;11;10;48;2;26;1;1m▅[38;2;141;5;5;48;2;241;2;2m▎[38;2;239;2;2;48;2;185;6;6m▇[38;2;243;2;2;48;2;187;6;5m▉[38;2;150;6;6;48;2;13;0;0m▖[38;2;33;132;131;48;2;3;14;14m▝[38;2;22;229;228;48;2;12;72;71m━[38;2;23;138;137;48;2;19;217;216m╺[38;2;6;57;56;48;2;32;178;177m┑[38;2;15;103;102;48;2;36;162;161m▍[38;2;48;45;44;48;2;144;15;15m▍[38;2;170;9;9;48;2;47;8;7m▆[38;2;116;21;20;48;2;34;110;109m▎[38;2;29;126;125;48;2;4;27;26m▎[48;2;0;0;0m [38;2;186;8;7;48;2;10;0;0m▝[38;2;15;0;0;48;2;235;3;3m▃[38;2;37;0;0;48;2;172;5;5m▖[38;2;164;10;9;48;2;234;2;2m▁[38;2;123;4;4;48;2;197;4;4m┏[38;2;229;8;8;48;2;249;0;0m▎[38;2;32;0;0;48;2;188;5;5m▝[38;2;55;2;2;48;2;199;5;5m▃[38;2;78;2;2;48;2;176;7;7m┗[38;2;149;7;7;48;2;229;4;4m▖[38;2;251;0;0;48;2;248;1;1m┈[48;2;251;0;0m  [38;2;178;9;9;48;2;249;1;1m▁[38;2;51;2;2;48;2;235;2;2m▂[38;2;44;3;2;48;2;209;4;4m▅[38;2;152;9;8;48;2;41;2;2m▗[38;2;159;9;9;48;2;10;1;1m▖[48;2;0;0;0m    [38;2;17;0;0;48;2;155;6;6m▋[38;2;229;8;8;48;2;250;0;0m▏[38;2;181;10;9;48;2;238;3;3m╻[38;2;250;0;0;48;2;246;2;2m▉[38;2;212;7;7;48;2;120;6;6m▍[38;2;249;0;0;48;2;238;3;3m┊[0m[38;2;203;5;4m▘   [0m
 [38;2;0;0;0m [0m [7m[38;2;176;7;7m▖[0m[38;2;251;0;0;48;2;250;0;0m┊[48;2;251;0;0m [48;2;248;1;1m┈[38;2;238;3;3;48;2;79;4;4m▘[38;2;0;0;0;48;2;7;14;14m┈[38;2;24;175;174;48;2;0;4;4m▂[38;2;34;203;202;48;2;2;23;22m▗[38;2;29;182;181;48;2;4;31;30m▖[38;2;15;78;77;48;2;32;166;165m▖[38;2;33;148;147;48;2;33;42;41m▇[38;2;32;148;147;48;2;44;27;27m▆[38;2;33;188;187;48;2;28;129;129m╊[38;2;7;71;70;48;2;21;218;217m▁[38;2;18;94;93;48;2;2;20;20m▏[38;2;18;178;178;48;2;0;19;19m▆[38;2;30;115;114;48;2;6;11;11m▏[38;2;26;2;2;48;2;154;9;8m▁[38;2;181;7;6;48;2;51;0;0m▇[38;2;243;2;2;48;2;165;5;5m▇[38;2;251;0;0;48;2;249;1;1m┈[48;2;251;0;0m [38;2;243;1;1;48;2;121;6;6m▇[38;2;229;5;4;48;2;52;1;1m▅[38;2;178;12;11;48;2;79;4;3m▄[38;2;32;3;2;48;2;140;7;6m━[38;2;49;3;3;48;2;190;5;5m▆[38;2;15;0;0;48;2;203;13;12m▇[38;2;1;0;0;48;2;64;1;1m▇[48;2;0;0;0m [38;2;5;0;0;48;2;146;12;11m▆[38;2;9;0;0;48;2;193;12;12m▆[38;2;0;0;0;48;2;8;0;0m┈[48;2;0;0;0m [48;2;1;0;0m┈[38;2;145;7;7;48;2;8;0;0m▁[38;2;197;4;4;48;2;23;1;1m▄[38;2;156;7;6;48;2;216;4;4m▁[38;2;152;7;7;48;2;222;4;4m╼[38;2;175;7;7;48;2;246;1;1m▘[38;2;251;0;0;48;2;250;0;0m┈[0m[7m[38;2;168;4;4m▗[38;2;125;9;8m▆[0m[38;2;5;1;1m    [0m
 [38;2;0;0;0m  [0m [7m[38;2;211;3;3m▃[0m[38;2;107;6;6;48;2;242;1;1m▁[38;2;147;10;10;48;2;235;3;3m╶[38;2;105;7;6;48;2;13;0;0m▏[38;2;0;12;12;48;2;24;183;182m▍[38;2;27;139;138;48;2;12;219;219m╴[38;2;20;213;212;48;2;19;109;108m▇[38;2;21;199;198;48;2;0;13;12m▆[38;2;18;206;205;48;2;12;71;71m▄[38;2;17;226;225;48;2;21;105;104m▄[38;2;0;38;38;48;2;16;220;219m━[38;2;0;32;31;48;2;16;208;207m━[38;2;12;225;224;48;2;5;26;26m▄[38;2;7;247;246;48;2;4;22;21m▄[38;2;9;246;245;48;2;0;18;18m▅[38;2;26;194;193;48;2;3;17;17m▖[38;2;21;143;142;48;2;0;4;3m▗[38;2;32;191;190;48;2;29;8;8m▖[38;2;181;10;9;48;2;51;2;2m▗[38;2;154;7;7;48;2;56;2;2m▝[38;2;62;2;1;48;2;238;3;2m▃[38;2;250;0;0;48;2;246;1;1m┊[38;2;201;8;8;48;2;231;3;3m╵[38;2;97;5;4;48;2;197;7;7m▗[38;2;72;2;2;48;2;176;8;7m▂[38;2;115;4;4;48;2;182;8;8m╾[38;2;109;4;4;48;2;172;9;9m▂[38;2;187;7;7;48;2;25;0;0m▇[38;2;198;7;6;48;2;20;0;0m▆[38;2;182;6;6;48;2;4;0;0m▆[38;2;201;6;6;48;2;27;0;0m▅[38;2;204;6;6;48;2;39;1;1m▅[38;2;200;6;6;48;2;24;0;0m▆[38;2;205;6;6;48;2;58;1;1m▇[38;2;157;7;7;48;2;236;4;4m━[38;2;182;7;6;48;2;211;5;4m╹[38;2;55;1;1;48;2;213;5;4m▂[38;2;64;1;1;48;2;195;5;5m╼[38;2;247;2;2;48;2;230;3;3m┊[38;2;26;12;12;48;2;201;4;4m▗[0m[38;2;26;183;182m▄[38;2;17;192;191m▃[0m [38;2;13;69;68m   [0m
 [38;2;0;0;0m  [0m [38;2;126;8;8m╺[38;2;184;11;11m━[38;2;101;6;6;48;2;70;3;3m╴[38;2;10;1;1;48;2;137;8;7m▄[38;2;16;3;3;48;2;19;92;91m▇[38;2;88;11;11;48;2;18;203;202m▅[38;2;3;19;19;48;2;27;191;190m▄[38;2;36;222;221;48;2;10;62;62m━[38;2;0;5;4;48;2;25;204;203m▂[38;2;0;13;13;48;2;25;201;200m▂[38;2;0;3;2;48;2;22;207;206m▂[38;2;6;30;30;48;2;29;209;209m▃[38;2;3;22;22;48;2;15;245;244m▆[38;2;0;2;2;48;2;22;229;228m▆[38;2;8;61;61;48;2;31;223;222m▇[38;2;19;194;193;48;2;0;7;7m▃[38;2;11;71;70;48;2;15;204;203m▄[38;2;5;26;26;48;2;16;214;213m▝[38;2;23;172;171;48;2;8;12;11m▁[38;2;24;1;1;48;2;165;13;12m▊[38;2;180;7;7;48;2;62;1;1m▋[38;2;143;6;6;48;2;242;3;3m▎[48;2;251;0;0m [38;2;251;0;0;48;2;250;0;0m┈[38;2;244;1;1;48;2;121;4;4m▆[38;2;233;2;2;48;2;100;3;3m▃[38;2;103;4;4;48;2;205;6;5m▄[38;2;213;4;4;48;2;110;4;4m▅[38;2;66;3;3;48;2;198;3;3m━[38;2;90;3;3;48;2;237;3;3m▅[38;2;36;1;1;48;2;229;3;3m▄[38;2;35;0;0;48;2;233;3;3m▄[38;2;79;3;3;48;2;244;2;2m▅[38;2;24;1;1;48;2;193;4;4m━[38;2;28;0;0;48;2;182;5;5m━[38;2;208;5;5;48;2;55;2;2m▄[38;2;40;21;21;48;2;192;4;4m▂[38;2;21;179;178;48;2;178;7;7m▂[38;2;15;240;240;48;2;80;21;21m▃[38;2;24;233;232;48;2;13;84;83m▝[38;2;11;73;73;48;2;15;189;188m▂[38;2;10;57;57;48;2;16;201;200m╺[38;2;11;82;81;48;2;17;162;161m╷[0m[38;2;16;186;185m▅[0m [38;2;0;0;0m [0m
 [38;2;0;0;0m     [0m [38;2;198;14;14;48;2;35;2;2m╺[38;2;201;10;9;48;2;29;1;1m▖[38;2;137;11;10;48;2;25;1;1m▝[38;2;9;0;0;48;2;1;0;0m▏[48;2;0;0;0m   [38;2;18;103;102;48;2;1;7;7m▁[38;2;13;232;231;48;2;3;17;16m▃[38;2;8;248;247;48;2;0;14;13m▄[38;2;7;248;247;48;2;0;11;11m▄[38;2;19;121;120;48;2;4;251;250m▘[38;2;29;203;202;48;2;1;252;251m▁[38;2;20;203;202;48;2;5;49;48m▋[38;2;17;138;137;48;2;7;246;245m▎[38;2;3;251;250;48;2;32;232;231m▉[38;2;27;162;161;48;2;2;10;10m▎[38;2;41;2;2;48;2;167;7;6m▌[38;2;108;4;4;48;2;235;2;2m▃[38;2;67;1;1;48;2;219;4;3m╸[48;2;251;0;0m [38;2;180;7;7;48;2;249;0;0m▁[38;2;91;3;3;48;2;248;1;1m▂[38;2;251;0;0;48;2;239;2;2m╴[38;2;211;8;8;48;2;60;2;2m▖[38;2;25;1;1;48;2;216;4;4m▅[38;2;26;1;1;48;2;225;2;2m▂[38;2;147;6;6;48;2;245;2;2m▁[38;2;250;0;0;48;2;226;10;10m▇[38;2;251;0;0;48;2;243;2;2m▇[38;2;118;7;7;48;2;247;1;1m▗[38;2;16;187;186;48;2;147;28;27m▄[38;2;6;248;247;48;2;38;62;62m▆[38;2;15;106;106;48;2;13;208;207m▘[38;2;17;101;99;48;2;12;206;205m┒[38;2;19;120;119;48;2;5;245;244m▁[38;2;16;158;157;48;2;15;222;221m╷[38;2;14;230;229;48;2;8;60;60m▃[38;2;7;249;248;48;2;12;89;88m▂[38;2;21;129;128;48;2;16;203;202m╴[38;2;15;90;89;48;2;13;217;216m▘[0m[38;2;16;223;223m▋ [0m
 [38;2;0;0;0m       [7m[38;2;81;6;6m▅[38;2;0;0;0m╴[0m[38;2;0;0;0;48;2;0;0;0m┈[38;2;130;10;9;48;2;11;1;1m▂[38;2;0;0;0;48;2;2;0;0m┈[38;2;1;9;9;48;2;22;100;99m▉[38;2;23;143;142;48;2;14;227;226m▏[38;2;7;69;68;48;2;12;209;208m┎[38;2;7;48;47;48;2;13;229;228m╾[38;2;12;101;100;48;2;10;209;208m┒[38;2;0;33;32;48;2;17;227;226m▁[38;2;16;237;236;48;2;12;84;83m▗[38;2;9;239;238;48;2;9;58;58m▆[38;2;0;252;251;48;2;2;252;251m┈[38;2;3;251;250;48;2;37;226;225m▉[38;2;20;148;147;48;2;4;13;12m▖[38;2;149;12;11;48;2;76;5;5m┙[38;2;103;3;3;48;2;208;4;4m▁[38;2;171;11;10;48;2;249;0;0m▁[38;2;200;5;5;48;2;58;1;1m▌[38;2;117;6;6;48;2;26;1;1m╶[38;2;15;0;0;48;2;168;5;5m▁[38;2;47;2;2;48;2;230;3;2m▃[38;2;168;9;9;48;2;58;2;2m▂[38;2;203;11;10;48;2;54;13;13m╼[38;2;21;176;175;48;2;119;5;4m▂[38;2;41;128;127;48;2;118;10;10m▁[38;2;55;1;1;48;2;174;6;5m╺[38;2;122;5;4;48;2;237;4;4m▖[0m[38;2;169;8;8m▎[7m[38;2;16;169;168m▅[38;2;6;242;241m▃[0m[38;2;0;252;251;48;2;5;242;241m┈[48;2;7;240;239m╴[38;2;6;37;36;48;2;18;159;158m▝[38;2;22;204;203;48;2;7;44;44m▂[38;2;9;46;46;48;2;13;232;231m▅[38;2;8;57;56;48;2;10;245;244m▄[38;2;16;104;103;48;2;12;222;221m─[38;2;24;124;123;48;2;17;213;212m╴[0m[38;2;10;81;81m▘ [0m
 [38;2;0;0;0m          [0m [7m[38;2;1;0;0m╴[0m[38;2;14;75;74;48;2;0;3;3m▁[38;2;11;222;221;48;2;5;39;38m▃[38;2;3;243;242;48;2;15;170;169m▇[48;2;0;252;251m [38;2;0;252;251;48;2;1;252;251m┈[38;2;16;204;203;48;2;7;42;41m▋[38;2;13;213;212;48;2;11;73;72m▆[38;2;16;205;204;48;2;19;116;115m▆[38;2;12;119;118;48;2;16;197;196m▎[38;2;19;116;115;48;2;22;195;194m┣[38;2;16;199;198;48;2;24;127;127m▊[38;2;30;186;185;48;2;10;50;49m▃[38;2;0;0;0;48;2;3;1;1m╴[38;2;231;5;5;48;2;57;3;3m▗[38;2;238;3;3;48;2;16;0;0m▄[38;2;229;3;3;48;2;7;0;0m▄[38;2;226;2;2;48;2;17;0;0m▅[38;2;68;4;3;48;2;186;4;4m▁[38;2;20;232;231;48;2;81;39;38m▗[38;2;3;248;247;48;2;21;165;164m▇[48;2;0;252;251m [38;2;4;243;242;48;2;16;166;166m▇[38;2;25;179;178;48;2;152;18;18m▄[38;2;89;45;45;48;2;187;6;5m▁[0m[38;2;167;6;5m▖  [0m [7m[38;2;19;107;106m▆[38;2;17;235;234m▅[38;2;5;249;248m▄[38;2;8;243;242m▃[38;2;11;231;230m▃[38;2;8;242;241m▅[38;2;12;99;99m▆[0m[38;2;0;2;2m  [0m
 [38;2;0;0;0m        [0m [38;2;20;183;182m▂[38;2;7;239;238m▃[38;2;4;242;241m▅[38;2;3;250;249;48;2;17;160;159m▇[48;2;0;252;251m  [38;2;0;252;251;48;2;4;246;245m┈[38;2;6;36;35;48;2;7;232;231m▂[38;2;19;196;195;48;2;2;17;17m▘[38;2;0;1;1;48;2;26;147;146m▇[48;2;34;184;183m▇[38;2;0;0;0;48;2;33;129;128m▇[38;2;0;3;3;48;2;26;153;152m▇[38;2;0;0;0;48;2;20;141;140m▆[48;2;26;129;129m▆[48;2;0;0;0m [38;2;13;1;1;48;2;113;5;4m▇[38;2;17;0;0;48;2;243;2;2m▆[38;2;17;1;1;48;2;244;2;2m▆[38;2;1;0;0;48;2;151;6;5m▆[38;2;0;0;0;48;2;2;2;2m┈[38;2;21;180;180;48;2;4;21;21m▝[38;2;10;76;75;48;2;7;241;240m▂[38;2;0;252;251;48;2;2;251;250m┈[48;2;0;252;251m  [38;2;4;242;241;48;2;32;112;111m▇[38;2;8;225;224;48;2;115;19;18m▅[0m[38;2;10;233;232m▂[38;2;17;117;116m▁          [0m
 [38;2;0;0;0m     [0m [38;2;19;200;199m━[7m[38;2;9;182;181m▃[38;2;11;223;222m▂[38;2;7;234;233m▂[38;2;0;252;251m▃[38;2;4;250;249m▃[0m[38;2;112;5;5;48;2;5;162;161m▁[38;2;74;4;4;48;2;9;220;219m▄[38;2;41;14;14;48;2;13;229;228m▆[38;2;0;1;1;48;2;16;91;90m▇[38;2;0;3;3;48;2;15;103;102m▉[38;2;14;230;229;48;2;22;124;123m▇[38;2;7;237;236;48;2;6;41;41m▄[38;2;13;122;122;48;2;0;4;4m▖[38;2;37;159;158;48;2;1;7;6m▂[38;2;30;125;124;48;2;0;3;2m▖[38;2;30;0;0;48;2;0;0;0m▁[38;2;75;0;0m▁[38;2;47;0;0m▁ [38;2;22;115;114;48;2;0;1;1m▂[38;2;27;183;182;48;2;0;0;0m▂[38;2;17;203;203;48;2;3;21;20m▂[38;2;9;61;60;48;2;8;233;232m▘[38;2;27;199;198;48;2;2;17;16m▍[48;2;0;0;0m [38;2;16;11;11;48;2;22;176;175m▇[38;2;61;11;10;48;2;9;226;225m▅[38;2;25;26;25;48;2;5;249;248m▄[38;2;7;34;33;48;2;2;251;250m▃[38;2;1;18;17;48;2;3;250;249m▂[0m[7m[38;2;3;233;232m▁[38;2;8;236;235m▁[38;2;7;198;197m▁[0m[38;2;7;167;166m▆[38;2;17;211;210m━[38;2;41;191;190m╴      [0m
 [38;2;0;0;0m            [38;2;174;5;5m▝[38;2;109;4;4;48;2;238;2;1m▂[38;2;237;2;1;48;2;164;3;3m▇[38;2;234;2;2;48;2;31;1;1m▃[38;2;228;6;6;48;2;5;0;0m▂[38;2;17;207;206;48;2;84;22;22m▝[38;2;170;4;4;48;2;10;227;226m▄[38;2;22;156;155;48;2;173;8;7m▘[38;2;236;2;2;48;2;31;41;40m▆[38;2;229;3;3;48;2;62;2;2m▇[38;2;66;3;2;48;2;241;2;2m▂[38;2;25;0;0;48;2;239;5;4m▂[38;2;50;2;2;48;2;243;3;3m▂[38;2;228;2;2;48;2;121;7;6m▇[38;2;241;1;1;48;2;52;5;5m▆[38;2;223;3;3;48;2;23;77;76m▅[38;2;180;10;10;48;2;14;239;238m▄[38;2;99;16;15;48;2;15;188;187m▅[38;2;230;6;6;48;2;7;2;2m▂[38;2;235;3;2;48;2;21;1;1m▃[38;2;77;3;2;48;2;235;2;2m▘[38;2;134;5;5;48;2;243;1;1m▁[0m[7m[38;2;200;4;4m▃[0m [38;2;61;3;3m             [0m
 [38;2;0;0;0m             [0m [7m[38;2;182;6;5m▆[38;2;216;3;3m▅[38;2;172;4;4m▖[0m[38;2;102;3;3;48;2;238;4;3m━[38;2;129;5;5;48;2;231;3;3m╍[38;2;176;2;2;48;2;212;4;4m▘[38;2;75;5;4;48;2;158;5;5m▝[38;2;238;2;2;48;2;72;3;3m▅[38;2;245;2;2;48;2;52;0;0m▇[38;2;241;2;2;48;2;19;0;0m▇[38;2;243;2;2;48;2;40;0;0m▇[38;2;229;3;2;48;2;75;2;2m▅[38;2;149;8;8;48;2;192;6;6m▍[38;2;136;6;6;48;2;227;3;3m╺[38;2;115;4;4;48;2;241;2;2m╾[38;2;129;5;4;48;2;212;4;4m╴[0m[7m[38;2;225;2;2m▃[38;2;221;3;3m▄[38;2;212;4;4m▆[0m [38;2;0;0;0m               [0m
 [38;2;0;0;0m                 [7m[38;2;122;6;6m▇[38;2;224;6;6m▆[38;2;141;5;5m▖[0m[38;2;251;0;0;48;2;243;2;1m┈[48;2;251;0;0m     [38;2;233;2;2;48;2;171;9;9m▉[0m[7m[38;2;197;6;6m▅[38;2;214;5;5m▆[0m [38;2;0;0;0m                   [0m
 [38;2;0;0;0m                   [0m [7m[38;2;132;5;4m▆[38;2;228;3;3m▅[38;2;248;1;1m▅[38;2;238;4;4m▅[38;2;247;1;1m▅[38;2;219;4;4m▅[38;2;112;4;4m▆[0m[38;2;1;0;0m                      [0m
[?25h